id,gpt3_id,gpt3_created,gpt3_model,engine,timestamp,temperature,presence_penalty,frequency_penalty,instr_nr,instr_text,aut_object,gpt3_response,snapshot_rater01,snapshot_rater02,instructions_followed
2,cmpl-4x12HqX2K5lmdAjfukNoFnEr2xGc5,1649970681,text-davinci:001,davinci-instruct-beta-v3,11:22.2,0.6,1,1,instr_2,"The goal is to come up with creative ideas, which are ideas that strike people as clever, unusual, interesting, uncommon, humorous, innovative, or different.",book,"

1. Make a book into a lamp. The pages can be cut and folded to create a shade.
2. Use a book as the cover of a box or storage container.
3. Create a secret hiding place by hollowing out the pages of a book and using it as a safe deposit box",5,4,1
7,cmpl-4x12Ob5IvfK4w0TbXIX5oQHHPZqvD,1649970688,text-davinci:001,davinci-instruct-beta-v3,11:29.2,0.75,1,1,instr_2,"The goal is to come up with creative ideas, which are ideas that strike people as clever, unusual, interesting, uncommon, humorous, innovative, or different.",book,"

1. Share a book with someone to help them learn a new language.
2. Wrap a book in colorful paper and use it as a Christmas present.
3. Use a large book as a coffee table, side table, or kitchen countertop stool.
4. Tape several small books together to",3,2,1
12,cmpl-4x12UzzFrpUZiFbthdjbJkQx71JG1,1649970694,text-davinci:001,davinci-instruct-beta-v3,11:35.5,0.9,1,1,instr_2,"The goal is to come up with creative ideas, which are ideas that strike people as clever, unusual, interesting, uncommon, humorous, innovative, or different.",book,"

1. A book can be used as a coaster to protect surfaces from hot or cold drinks.
2. A book can be used as a way to hide secret items or documents.
3. A book can be used as a makeshift lamp in the event of a power outage. 
4. A",2,3,1
17,cmpl-4x12eMsq9SXLnFc4wlZhH52BSUSxh,1649970704,text-davinci:002,text-davinci-002,11:49.3,0.6,1,1,instr_2,"The goal is to come up with creative ideas, which are ideas that strike people as clever, unusual, interesting, uncommon, humorous, innovative, or different.",book,"

1. Make a book into a secret hiding place for things like money or jewelry.
2. Turn an old book into a picture frame.
3. Use the pages of an old book to make origami cranes or other paper crafts.
4. Cut out images from an old book to create",4,3,1
22,cmpl-4x12yYBNpppmKADuFig6SWx1EliKS,1649970724,text-davinci:002,text-davinci-002,12:08.7,0.75,1,1,instr_2,"The goal is to come up with creative ideas, which are ideas that strike people as clever, unusual, interesting, uncommon, humorous, innovative, or different.",book,"

1. A book can be used as a door stop.
2. A book can be used as a paperweight.
3. A book can be used to prop up a table or furniture piece that is uneven.
4. A book can be used to make a vision board or collage.",3,2,1
27,cmpl-4x13Ck62C99ku9YOjY7dwwsjVc6rw,1649970738,text-davinci:002,text-davinci-002,12:20.7,0.9,1,1,instr_2,"The goal is to come up with creative ideas, which are ideas that strike people as clever, unusual, interesting, uncommon, humorous, innovative, or different.",book,"

-A book can be used as a doorstop.
-A book can be used to make paper flowers.
-A book can be used as part of a table centerpiece or decoration.
-A book can be cut up and made into a collage.
-A book can be used as",3,2,1
32,cmpl-4xH5mZbEXxi945v6dG6UiK3yIlDsr,1650032402,text-davinci:001,davinci-instruct-beta-v3,20:02.2,0.6,1,1,instr_1,"Certainly, there are common, unoriginal ways to use a {}. However, for this task, list only unusual, creative, and uncommon uses.",book,"

1. To prop open a door.
2. As a makeshift step stool. 
3. To place in the back of a chair to prevent it from tipping backwards. 
4. Wad up and use as a pillow or bolster for sleeping or sitting on the floor. 
5. Tape",3,3,1
37,cmpl-4xH5sxtoxCsiFj7ONDtv5quKYwoaR,1650032408,text-davinci:001,davinci-instruct-beta-v3,20:08.3,0.75,1,1,instr_1,"Certainly, there are common, unoriginal ways to use a {}. However, for this task, list only unusual, creative, and uncommon uses.",book,"

1. As a makeshift stool.
2. To prop open a door.
3. To cover a window to keep the light out.
4. As insulation in a drafty area.
5. To weigh down a tablecloth on a windy day.",3,2,1
42,cmpl-4xH5yp1fEoouMN2UMEFXZMpYy13Cs,1650032414,text-davinci:001,davinci-instruct-beta-v3,20:14.3,0.9,1,1,instr_1,"Certainly, there are common, unoriginal ways to use a {}. However, for this task, list only unusual, creative, and uncommon uses.",book,"

1. To prop open a door.
2. As a makeshift table. 
3. To create a ramp for a toy car. 
4. To weigh down wrapping paper on a presents before tying the ribbon around it. 
5. To prevent an object from rolling away by placing it",4,4,1
47,cmpl-4xH67G7Z3R15jKZz53dGuVW51o9bl,1650032423,text-davinci:002,text-davinci-002,20:26.6,0.6,1,1,instr_1,"Certainly, there are common, unoriginal ways to use a {}. However, for this task, list only unusual, creative, and uncommon uses.",book,"

1. Use a book as a vase for flowers.
2. Curl up with a book and use it as a makeshift pillow.
3. Keep your coffee table clean by using a book as a coaster.
4. Press flowers in between the pages of an old book.
5.",2,2,1
52,cmpl-4xH6QHwCX515VKvJUoI6i0Or5U8Kw,1650032442,text-davinci:002,text-davinci-002,20:44.6,0.75,1,1,instr_1,"Certainly, there are common, unoriginal ways to use a {}. However, for this task, list only unusual, creative, and uncommon uses.",book,"

Five creative uses for a book are:
-A book can be used as a doorstop.
-A book can be used to fill in gaps between furniture and walls.
-A book can be shredded and used as stuffing for pillows or other craft projects.
-A book can be cut",3,3,1
57,cmpl-4xH6iQEWajYdqcIeij6RpVJkej50h,1650032460,text-davinci:002,text-davinci-002,21:02.8,0.9,1,1,instr_1,"Certainly, there are common, unoriginal ways to use a {}. However, for this task, list only unusual, creative, and uncommon uses.",book,"

-A book can be used as a doorstop.
-A book can be used to make paper airplanes.
-A book can serve as a decorative piece on a coffee table or bookshelf.
-One could use an old, tattered book as kindling for a fire. 
",3,2,1
63,cmpl-4xH8NTPDD1QUhkOnxTvmFwwlqgJcz,1650032563,text-davinci:001,davinci-instruct-beta-v3,22:43.3,0.6,1,1,instr_1,"Certainly, there are common, unoriginal ways to use a {}. However, for this task, list only unusual, creative, and uncommon uses.",book,"

1. Use a book to prop open a door.
2. Use a book as a coaster for your drink.
3. Use a book as insulation for your windows in the wintertime.
4. Use books as building blocks to create a fortress or other structure.
5. Cut out pages",3,3,1
64,cmpl-4xH8O6IGNeJzU0rWqta1t9WNEBCRS,1650032564,text-davinci:001,davinci-instruct-beta-v3,22:44.5,0.6,1,1,instr_2,"The goal is to come up with creative ideas, which are ideas that strike people as clever, unusual, interesting, uncommon, humorous, innovative, or different.",book,"

1. Use a book as a coaster to protect your furniture from drink rings 
2. Cut out the pages of a book and use them as stationary for letters or notes 
3. Make a photo album by clipping images from different books and gluing them into a scrapbook 
4. Give",2,2,1
73,cmpl-4xH8XtZwbVR2wxTv1KL7GtdD6Hf2u,1650032573,text-davinci:001,davinci-instruct-beta-v3,22:53.6,0.75,1,1,instr_1,"Certainly, there are common, unoriginal ways to use a {}. However, for this task, list only unusual, creative, and uncommon uses.",book,"

1. To prop open a door.
2. As a makeshift cutting board.
3. To keep birds from landing on your patio table.
4. As the pages of a flip book to make a short animated movie.
5. As the surface of a balance beam in order to practice balancing",4,5,1
74,cmpl-4xH8YDJcx12erVxtVYQiFn5WfPjVr,1650032574,text-davinci:001,davinci-instruct-beta-v3,22:54.8,0.75,1,1,instr_2,"The goal is to come up with creative ideas, which are ideas that strike people as clever, unusual, interesting, uncommon, humorous, innovative, or different.",book,"

1. Use a book as a coaster to protect your furniture from drink spills.
2. Place a few books on the floor in front of a large window and use them as a makeshift sofa for reading or relaxing.
3. Create a ""book tower"" by stacking several hardcover books on top of",3,3,1
83,cmpl-4xH8i8vRKQQLs9EeShrr3Ngfa7Jbk,1650032584,text-davinci:001,davinci-instruct-beta-v3,23:04.1,0.9,1,1,instr_1,"Certainly, there are common, unoriginal ways to use a {}. However, for this task, list only unusual, creative, and uncommon uses.",book,"

1. Book as a coaster â€“ place a book on the coffee table or any other surface where you would like to protect it from drips or condensation.
2. Book as a wall decoration â€“ use adhesive velcro on the spine and cover of the book, then attach it to the wall in a",3,2,1
84,cmpl-4xH8jm2d7gYQNInb4qzDbZUvSULzf,1650032585,text-davinci:001,davinci-instruct-beta-v3,23:05.2,0.9,1,1,instr_2,"The goal is to come up with creative ideas, which are ideas that strike people as clever, unusual, interesting, uncommon, humorous, innovative, or different.",book,"

1. A book can be used as a makeshift stool.
2. A book can be used as a bookmark for a place in the book you are reading.
3. A book can be placed on a surface to deflect light from a window or lamp.
4. A book can be used as",2,3,1
93,cmpl-4xH8yM9qy3yrANbR9rcP4cbAN9BsJ,1650032600,text-davinci:002,text-davinci-002,23:22.8,0.6,1,1,instr_1,"Certainly, there are common, unoriginal ways to use a {}. However, for this task, list only unusual, creative, and uncommon uses.",book,"

1) A book can be used as an interesting decoration on a coffee table or bookshelf. 2) A book can be used to make a unique and personal gift for someone by hollowing out the center and filling it with pictures, mementos, or other items. 3) A book can be",3,3,1
94,cmpl-4xH927uGpnsConIoezwF5XBzB0ouc,1650032604,text-davinci:002,text-davinci-002,23:26.2,0.6,1,1,instr_2,"The goal is to come up with creative ideas, which are ideas that strike people as clever, unusual, interesting, uncommon, humorous, innovative, or different.",book,"

1. A book can be used as a doorstop.
2. A book can be used to start a fire.
3. A book can be used as a makeshift stool or chair.
4. A book can be used to prop up a wobbly table or shelf.
5.",3,3,1
103,cmpl-4xH9WIZClIKWrtnkYMCgkvFYK6QGj,1650032634,text-davinci:002,text-davinci-002,23:57.5,0.75,1,1,instr_1,"Certainly, there are common, unoriginal ways to use a {}. However, for this task, list only unusual, creative, and uncommon uses.",book,"

A book can be used as a doorstop, paperweight, or album. It can also be used to make art, such as a sculpture or collage. A book can also be cut up and used as confetti or origami paper.",3,3,0.5
104,cmpl-4xH9a7TkWgSgTlUpQh2irK2ddtIv4,1650032638,text-davinci:002,text-davinci-002,24:01.6,0.75,1,1,instr_2,"The goal is to come up with creative ideas, which are ideas that strike people as clever, unusual, interesting, uncommon, humorous, innovative, or different.",book,"

1) Use a book as a doorstop.
2) Tear out pages and use them as makeshift paper plates or napkins.
3) Stack several books to create a makeshift stool or end table.
4) Cut out the cover of a book and frame it as art.
5)",4,3,1
113,cmpl-4xHA3yaOwu8HhrBnVAiZpD88ADPn0,1650032667,text-davinci:002,text-davinci-002,24:29.5,0.9,1,1,instr_1,"Certainly, there are common, unoriginal ways to use a {}. However, for this task, list only unusual, creative, and uncommon uses.",book,"

Engage in feline aerobics - use the book as a scratching post for your cat.
Use it as a boosters to raise your computer monitor or laptop to a more ergonomic height.
Create impromptu wall art by leaning a stack of books against the wall.
Fashion a mini-",5,3,0
114,cmpl-4xHA61ptiTXw26a9lXAWbwNj6LUXZ,1650032670,text-davinci:002,text-davinci-002,24:32.6,0.9,1,1,instr_2,"The goal is to come up with creative ideas, which are ideas that strike people as clever, unusual, interesting, uncommon, humorous, innovative, or different.",book,"

1. A book can be used as a doorstop.
2. A book can be used to hold up a wobbly table.
3. A book can be used as a paperweight.
4. A book can be used to prop up a wonky picture frame.
5.",3,3,1
4,cmpl-4x12JsgRAjVn6V2wxJyil8WjVhHhg,1649970683,text-davinci:001,davinci-instruct-beta-v3,11:25.1,0.6,1,1,instr_2,"The goal is to come up with creative ideas, which are ideas that strike people as clever, unusual, interesting, uncommon, humorous, innovative, or different.",brick,"

1. Brick as a paperweight 
2. Brick as a doorstop 
3. Brick as a weight for training purposes (e.g., to increase the intensity of a workout) 
4. Brick as an ingredient in homemade cement or mortar mix 
5. Brick as an ornament",4,3,1
9,cmpl-4x12QJq0TU88osVE04h2wdfc9zSGx,1649970690,text-davinci:001,davinci-instruct-beta-v3,11:31.5,0.75,1,1,instr_2,"The goal is to come up with creative ideas, which are ideas that strike people as clever, unusual, interesting, uncommon, humorous, innovative, or different.",brick,"

1. A brick can be used as a paperweight on a desk.
2. A brick can be used as a doorstop to keep a door open or closed.
3. A brick can be used as the sole weight for a small, makeshift dumbbell.
4. A brick can be",3,2,1
14,cmpl-4x12WXHIcYanVgNuRQNgKCCEmxTFW,1649970696,text-davinci:001,davinci-instruct-beta-v3,11:37.9,0.9,1,1,instr_2,"The goal is to come up with creative ideas, which are ideas that strike people as clever, unusual, interesting, uncommon, humorous, innovative, or different.",brick,"

1. Build a brick wall to keep people out of your yard.
2. Use bricks as the foundation for a new deck or patio. 
3. Brick in pieces together to create a makeshift table or chair that can be used outdoors or indoors. 
4. Make a Lego-like block",2,2,1
19,cmpl-4x12n9AIqqcQh6bhdBgCSWRWxMz85,1649970713,text-davinci:002,text-davinci-002,11:56.1,0.6,1,1,instr_2,"The goal is to come up with creative ideas, which are ideas that strike people as clever, unusual, interesting, uncommon, humorous, innovative, or different.",brick,"

-A brick could be used to make a planter for plants or flowers.
-A brick could be used as a paperweight.
-A brick could be used to hold down a tarp or piece of fabric in windy weather.
-A brick could be used to make a doorstop",3,2,1
24,cmpl-4x135IPgGkewT7HurDYS79GaEWFyt,1649970731,text-davinci:002,text-davinci-002,12:13.7,0.75,1,1,instr_2,"The goal is to come up with creative ideas, which are ideas that strike people as clever, unusual, interesting, uncommon, humorous, innovative, or different.",brick,"

1. A brick can be used as a doorstop.
2. A brick can be used as a paperweight.
3. A brick can be used to hold down a tarp in windy weather.
4. A brick can be used to weight the bottom of a plant pot.
",3,2,1
29,cmpl-4x13G6B3U486s8Vb8903LXMPisRNN,1649970742,text-davinci:002,text-davinci-002,12:24.2,0.9,1,1,instr_2,"The goal is to come up with creative ideas, which are ideas that strike people as clever, unusual, interesting, uncommon, humorous, innovative, or different.",brick,"

1. A brick can be used as a doorstop.
2. A brick can be used as a paperweight.
3. A brick can be used to prop open a window.
4. A brick can be used to level a table or shelf.
5. A brick can be painted",2,2,1
34,cmpl-4xH5pR37LruPoYixN6O8it5iGTfS8,1650032405,text-davinci:001,davinci-instruct-beta-v3,20:05.1,0.6,1,1,instr_1,"Certainly, there are common, unoriginal ways to use a {}. However, for this task, list only unusual, creative, and uncommon uses.",brick,"

1. Brick as a doorstop â€“ This is a common, yet creative use for a brick. It is functional and helps to keep doors open or closed as needed.
2. Brick as an ashtray â€“ A brick can be used as an outdoor ashtray to dispose of cigarettes and other smoking",2,2,1
39,cmpl-4xH5u5ldy9ZrfttmdSqO2bqWSYk3q,1650032410,text-davinci:001,davinci-instruct-beta-v3,20:10.4,0.75,1,1,instr_1,"Certainly, there are common, unoriginal ways to use a {}. However, for this task, list only unusual, creative, and uncommon uses.",brick,"

1. To prop open a door.
2. As part of a birdhouse or other small animal shelter.
3. In place of a stepping stone in a garden path.
4. To build a retaining wall in the garden.
5. As the foundation for an outdoor fireplace or chiminea",2,2,1
44,cmpl-4xH60E5ofnNQMyx1fMoS2FaX3gZma,1650032416,text-davinci:001,davinci-instruct-beta-v3,20:16.5,0.9,1,1,instr_1,"Certainly, there are common, unoriginal ways to use a {}. However, for this task, list only unusual, creative, and uncommon uses.",brick,"

-A brick can be used as a stepping stone to cross a stream or get over a hole.
-A brick can be used as the exterior wall of a fireplace.
-Bricks can be fashioned into makeshift patio furniture.
-If you have an old, damaged brick, you can use adhesive",2,2,1
49,cmpl-4xH6HFPLXsu11d4ADPYZepATSa0Iw,1650032433,text-davinci:002,text-davinci-002,20:34.1,0.6,1,1,instr_1,"Certainly, there are common, unoriginal ways to use a {}. However, for this task, list only unusual, creative, and uncommon uses.",brick,"

A brick can be used as a doorstop, paperweight, door knocker, bookend, or garden decoration.",2,3,1
54,cmpl-4xH6YYhvIDF70q08LcGucxk6Ld2mR,1650032450,text-davinci:002,text-davinci-002,20:51.9,0.75,1,1,instr_1,"Certainly, there are common, unoriginal ways to use a {}. However, for this task, list only unusual, creative, and uncommon uses.",brick,"

1. To build a small, temporary wall or partition.
2. To fill in gaps in a stone or concrete wall.
3. To level ground before building on it.
4. To weight down a tarpaulin or other covering.
5. As an impromptu Doorstop.",2,1,1
59,cmpl-4xH6pmdwVLDeN3PrSKElp7UANM9tt,1650032467,text-davinci:002,text-davinci-002,21:11.1,0.9,1,1,instr_1,"Certainly, there are common, unoriginal ways to use a {}. However, for this task, list only unusual, creative, and uncommon uses.",brick,"

-Build a miniature brick oven for baking pizzas
-Create a decorative walkway in your garden by lining bricks along a path
-Use them as bookends to keep your collection organized and tidy
-Upcycle an old coffee table by covering the top with bricks 
-Construct a realistic replica of",3,3,1
67,cmpl-4xH8RONXGtfIs1cgOYYOAYvLHFoIk,1650032567,text-davinci:001,davinci-instruct-beta-v3,22:47.7,0.6,1,1,instr_1,"Certainly, there are common, unoriginal ways to use a {}. However, for this task, list only unusual, creative, and uncommon uses.",brick,"

-A brick can be used as a paperweight.
-A brick can be used as a doorstop.
-A brick can be used as the sole weight on a see-saw.
-A brick can be hollowed out and used as a vase or planter.
-A",4,4,1
68,cmpl-4xH8TnAVWqSJN1SrckHIUBZQOawxX,1650032569,text-davinci:001,davinci-instruct-beta-v3,22:48.7,0.6,1,1,instr_2,"The goal is to come up with creative ideas, which are ideas that strike people as clever, unusual, interesting, uncommon, humorous, innovative, or different.",brick,"

1. Brick as a doorstop 
2. Brick as a paperweight 
3. Brick as a stepping stone 
4. Brick in the garden as a retaining wall or decoration 
5. As part of a brick sculpture",3,3,1
77,cmpl-4xH8c2etgNcyOht9lnieBP300Nexj,1650032578,text-davinci:001,davinci-instruct-beta-v3,22:57.8,0.75,1,1,instr_1,"Certainly, there are common, unoriginal ways to use a {}. However, for this task, list only unusual, creative, and uncommon uses.",brick,"

Wedge a brick in between the door and doorframe to keep burglars out. Brick a window for emergency escape. Build a small chimney out of bricks to use when starting a fire outdoors. Place a few bricks on top of one another to easily create a temporary seat or stool. Paint or decorate",0,3,0
78,cmpl-4xH8dZ1Gah7qgtTYdYpkD7tpzN4it,1650032579,text-davinci:001,davinci-instruct-beta-v3,22:58.8,0.75,1,1,instr_2,"The goal is to come up with creative ideas, which are ideas that strike people as clever, unusual, interesting, uncommon, humorous, innovative, or different.",brick,"

1. A brick can be used as a paperweight to keep papers from blowing away in the wind.
2. A brick can be used as a doorstop to keep a door open or closed.
3. A brick can be used as a stepping stone to step over something that is in your way",2,2,1
87,cmpl-4xH8mb3V6L4tDWsqXQKwlMPrtDpK7,1650032588,text-davinci:001,davinci-instruct-beta-v3,23:08.6,0.9,1,1,instr_1,"Certainly, there are common, unoriginal ways to use a {}. However, for this task, list only unusual, creative, and uncommon uses.",brick,"

1. Brick can be used as a paperweight or doorstop
2. A stack of bricks makes a great impromptu table
3. Bricks can be used to build a fire 
4. If you have an old brick, you can use it to sharpen your knives 
5.",3,3,1
88,cmpl-4xH8nokyWLoLUXVDSzTqrk1OB9bg4,1650032589,text-davinci:001,davinci-instruct-beta-v3,23:09.6,0.9,1,1,instr_2,"The goal is to come up with creative ideas, which are ideas that strike people as clever, unusual, interesting, uncommon, humorous, innovative, or different.",brick,"

1. Brick oven â€“ Instead of using bricks to build a traditional oven, why not use them to make a brick oven? It will be much more durable and efficient this way.
2. Paperweight â€“ A brick can make a great paperweight. Itâ€™s heavy and sturdy, so it will",2,1,0
97,cmpl-4xH9EE4MXVTRYrd7rW45NktMef6S3,1650032616,text-davinci:002,text-davinci-002,23:37.5,0.6,1,1,instr_1,"Certainly, there are common, unoriginal ways to use a {}. However, for this task, list only unusual, creative, and uncommon uses.",brick,"

-A doorstop
-A paperweight
-A bookend
-An eclectic piece of home dÃ©cor
-A conversation starter",5,3,1
98,cmpl-4xH9Gm94mjOPLVENMx70dvYFmfov5,1650032618,text-davinci:002,text-davinci-002,23:43.4,0.6,1,1,instr_2,"The goal is to come up with creative ideas, which are ideas that strike people as clever, unusual, interesting, uncommon, humorous, innovative, or different.",brick,"

1. A brick can be used to create a one-of-a-kind lamp.

2. For a fun and unique garden accent, spell out a word or phrase with bricks.

3. Make a strong and sturdy side table by stacking bricks on top of each other in a pyramid",4,4,1
107,cmpl-4xH9lcnbXfBJOFoyAl8AnZzRRqTzn,1650032649,text-davinci:002,text-davinci-002,24:10.4,0.75,1,1,instr_1,"Certainly, there are common, unoriginal ways to use a {}. However, for this task, list only unusual, creative, and uncommon uses.",brick,"

-Clay for sculpting
-A weight for physical fitness exercises
-Mortar for repairing walls 
-A support for potted plants 
-Part of a zen garden",3,3,1
108,cmpl-4xH9n8O4fVa5p9ujzGgnUez7JR46e,1650032651,text-davinci:002,text-davinci-002,24:14.4,0.75,1,1,instr_2,"The goal is to come up with creative ideas, which are ideas that strike people as clever, unusual, interesting, uncommon, humorous, innovative, or different.",brick,"

1) Create a garden path by lining bricks up in a staggered formation.

2) Make a unique birdhouse by gluing bricks together in an interesting shape.

3) Build a small raised planter box for your herbs or flowers using bricks.

4) Paint our front door number",2,3,1
117,cmpl-4xHAHhaqtYaqa87wkxKLjldN0H1Np,1650032681,text-davinci:002,text-davinci-002,24:44.1,0.9,1,1,instr_1,"Certainly, there are common, unoriginal ways to use a {}. However, for this task, list only unusual, creative, and uncommon uses.",brick,"

-A brick could be used as a paperweight.
-A brick could be used to make a gingerbread house.
-A brick could be used in place of wood to make a bookshelf.
-A brick could be painted and used as part of a sculpture or public art display.",3,3,1
118,cmpl-4xHALwoa3kFXywg6dkiSJX1JSkPYp,1650032685,text-davinci:002,text-davinci-002,24:48.9,0.9,1,1,instr_2,"The goal is to come up with creative ideas, which are ideas that strike people as clever, unusual, interesting, uncommon, humorous, innovative, or different.",brick,"

-A brick could be used as a paper weight.
-A brick could be used to prop open a door.
-A brick could be used to break a window in an emergency situation.
-A brick could be used as part of a DIY home decoration project.
-A brick could be",3,3,1
3,cmpl-4x12Ii8M73rZewxgYLpAzOUheSWgE,1649970682,text-davinci:001,davinci-instruct-beta-v3,11:23.6,0.6,1,1,instr_2,"The goal is to come up with creative ideas, which are ideas that strike people as clever, unusual, interesting, uncommon, humorous, innovative, or different.",fork,"

1. Eat soup: A fork can be used to eat soup by piercing the top of the lip of the bowl and then scooping up food with the fork. This is a neater way to eat soup than using a spoon.
2. Stab meat: A fork can be used as a utens",1,1,1
8,cmpl-4x12PeGeVxkdySIEkcwHu6dnUZtOA,1649970689,text-davinci:001,davinci-instruct-beta-v3,11:30.2,0.75,1,1,instr_2,"The goal is to come up with creative ideas, which are ideas that strike people as clever, unusual, interesting, uncommon, humorous, innovative, or different.",fork,"

1) as a back scratcher
2) to open a tight jar lid
3) as a tool to mix ingredients while cooking 
4) to fluff up pillows or other soft items 
5) as the tines of a violin bow",5,4,1
13,cmpl-4x12VVrMiYe8kMBcQa33xfqKU7YRS,1649970695,text-davinci:001,davinci-instruct-beta-v3,11:36.7,0.9,1,1,instr_2,"The goal is to come up with creative ideas, which are ideas that strike people as clever, unusual, interesting, uncommon, humorous, innovative, or different.",fork,"

As a musical instrument: 
1. Create rhythms by striking the fork against another object.
2. Use it as a xylophone-type instrument by hitting the tines against a flat surface.
3. Play melodies by plucking the tines like strings on a harp.
4",4,4,1
18,cmpl-4x12jCLwHfJC7ibZn0zCPM8MegSdJ,1649970709,text-davinci:002,text-davinci-002,11:53.2,0.6,1,1,instr_2,"The goal is to come up with creative ideas, which are ideas that strike people as clever, unusual, interesting, uncommon, humorous, innovative, or different.",fork,"

1. To pick up food that is too small to grab with your fingers
2. To eat soup without making a mess
3. To hold snacks like chips or pretzels so you don't get your fingers dirty
4. To play the percussion instrument known as the fork drum
5. To",2,1,1
23,cmpl-4x132o9s5kAk92ROQsfxJGfRy65Ba,1649970728,text-davinci:002,text-davinci-002,12:11.4,0.75,1,1,instr_2,"The goal is to come up with creative ideas, which are ideas that strike people as clever, unusual, interesting, uncommon, humorous, innovative, or different.",fork,"

-A fork can be used to measure ingredients when cooking.
-A fork can be used as a backscratcher.
-A fork can be used as a bookmark.
-A fork can be used toPlay the forks like a musical instrument 
-Fork can lifting food from bowl",3,3,1
28,cmpl-4x13Evgxmb1x3nzcGggq0Eqnvabkz,1649970740,text-davinci:002,text-davinci-002,12:22.1,0.9,1,1,instr_2,"The goal is to come up with creative ideas, which are ideas that strike people as clever, unusual, interesting, uncommon, humorous, innovative, or different.",fork,"

1. Hold a magnifying glass in place
2. Prop open a door
3. Use as a back scratcher
4. Pick up small objects
5. Stir a drink",3,3,1
33,cmpl-4xH5n7ZmbuOUvAshTLleNp3jbhfdX,1650032403,text-davinci:001,davinci-instruct-beta-v3,20:03.7,0.6,1,1,instr_1,"Certainly, there are common, unoriginal ways to use a {}. However, for this task, list only unusual, creative, and uncommon uses.",fork,"

1. Use a fork as an impromptu ice scraper on your car windows in the wintertime.
2. Fork can be used as an allen wrench to tighten or loosen screws on small objects.
3. Hold a fork by the tines and use it as a scrub brush to clean dirty",3,3,1
38,cmpl-4xH5tg0t53IyVDxxPiUWGrSOELJU3,1650032409,text-davinci:001,davinci-instruct-beta-v3,20:09.2,0.75,1,1,instr_1,"Certainly, there are common, unoriginal ways to use a {}. However, for this task, list only unusual, creative, and uncommon uses.",fork,"

1. Use a fork as an impromptu drumstick.
2. Use a fork as a makeshift tuning fork. 
3. Use a fork to scrape off burnt on food from a pan or pot. 
4. Use a fork as salad tongs. 
5. Use a fork",3,2,1
43,cmpl-4xH5zsdiGvlqy74Jm6OtsiqKtDGC9,1650032415,text-davinci:001,davinci-instruct-beta-v3,20:15.4,0.9,1,1,instr_1,"Certainly, there are common, unoriginal ways to use a {}. However, for this task, list only unusual, creative, and uncommon uses.",fork,"

-Poking a sleeping person to see if they are alive
-Scratching an itch in an awkward spot
-Mixing paint colors
-Prodding a small animal out of a hole or up a tree
-Stirring yogurt",4,3,1
48,cmpl-4xH6C4IxFTsiSSlgveQVHvdP458Fz,1650032428,text-davinci:002,text-davinci-002,20:32.3,0.6,1,1,instr_1,"Certainly, there are common, unoriginal ways to use a {}. However, for this task, list only unusual, creative, and uncommon uses.",fork,"

-Jam a fork in an electrical socket to conduct electricity
-Stab a fork into the ground to use as a makeshift tent stake
-Use a fork as a hairpin to keep your hair up
-Weld two forks together to create gardening shears
-Bend a fork tine backwards",5,5,1
53,cmpl-4xH6TAJqknAJ31DYjvBEQYVdgyx4Q,1650032445,text-davinci:002,text-davinci-002,20:49.3,0.75,1,1,instr_1,"Certainly, there are common, unoriginal ways to use a {}. However, for this task, list only unusual, creative, and uncommon uses.",fork,"

- a fork can be used to prop open a door
- a fork can be used as an impromptu hairbrush
- a small fork can be used to eat dessert from a larger plate 
- in some cultures, it is considered polite to use your utensils to move food onto someone else",4,2,0.5
58,cmpl-4xH6mq49v7wOITBYEovAP6Yy98zyn,1650032464,text-davinci:002,text-davinci-002,21:05.8,0.9,1,1,instr_1,"Certainly, there are common, unoriginal ways to use a {}. However, for this task, list only unusual, creative, and uncommon uses.",fork,"

1. Holding back hair while applying makeup
2. Serving as a place card holder at a dinner party
3. Poking holes in meat to tenderize it before cooking
4. Stirring a pot of soup
5. Acting as a makeshift tool for picking up small items",4,4,1
65,cmpl-4xH8PYVKyGMxDbjEo9YeovlFN0M1z,1650032565,text-davinci:001,davinci-instruct-beta-v3,22:45.7,0.6,1,1,instr_1,"Certainly, there are common, unoriginal ways to use a {}. However, for this task, list only unusual, creative, and uncommon uses.",fork,"

1. Use a fork to scrape ice from a car windshield.
2. Use a fork as a skewer for cooking food on the grill.
3. Use a fork as an impromptu tuning tool for guitars and other stringed instruments.
4. Use a fork to prod at stubborn food items",3,3,1
66,cmpl-4xH8Qp4ECL1KvXNmVMRS4GAmxQBLA,1650032566,text-davinci:001,davinci-instruct-beta-v3,22:46.7,0.6,1,1,instr_2,"The goal is to come up with creative ideas, which are ideas that strike people as clever, unusual, interesting, uncommon, humorous, innovative, or different.",fork,"

1. Use a fork as a paintbrush to create abstract paintings.
2. Stick the fork in the ground and use it as a garden marker.
3. Use the fork to hold food while you eat it.
4. Use the fork to spear small fruits or vegetables.
5. Play",3,3,1
75,cmpl-4xH8aeQLqgUJfT5M63iyPiSt77y4x,1650032576,text-davinci:001,davinci-instruct-beta-v3,22:55.8,0.75,1,1,instr_1,"Certainly, there are common, unoriginal ways to use a {}. However, for this task, list only unusual, creative, and uncommon uses.",fork,"

Rock a baby to sleep 
Prop up a sleeping person's head 
Keep your hand warm while eating cold food 
Flip someone over if they're unconscious on their stomach 
Poke someone who's trying to fall asleep",0,1,0.5
76,cmpl-4xH8bnQrstTLfQ1cQCKZavx9GvWmO,1650032577,text-davinci:001,davinci-instruct-beta-v3,22:56.7,0.75,1,1,instr_2,"The goal is to come up with creative ideas, which are ideas that strike people as clever, unusual, interesting, uncommon, humorous, innovative, or different.",fork,"

1. Use the fork as a guitar pick. 
2. Use the fork as a drumstick. 
3. Use the fork as a tool to remove food from difficult-to-reach places. 
4. Use the fork to stir your coffee or tea. 
5. Use",3,3,1
85,cmpl-4xH8kDaQQzt37hmbGS3hQQ6BD9Jnz,1650032586,text-davinci:001,davinci-instruct-beta-v3,23:06.3,0.9,1,1,instr_1,"Certainly, there are common, unoriginal ways to use a {}. However, for this task, list only unusual, creative, and uncommon uses.",fork,"

-Guiding a blind person around
-Poking someone who is sleeping to see if they are really asleep
-Turning pages in a book
-Playfully fighting with someone using the fork as a weapon
-Helping to hold something heavy",4,4,0.5
86,cmpl-4xH8lYX94ESdstR2BOPzRo61jKPsF,1650032587,text-davinci:001,davinci-instruct-beta-v3,23:07.5,0.9,1,1,instr_2,"The goal is to come up with creative ideas, which are ideas that strike people as clever, unusual, interesting, uncommon, humorous, innovative, or different.",fork,"

1. As a musical instrument â€“ forks can be used to create a percussion sound by striking them against other objects or against each other.
2. As an eating utensil â€“ forks can be used to spear food and bring it to your mouth.
3. As a hairbrush â€“ if you have",2,2,1
95,cmpl-4xH95KqsPjGVLfylIKTw3ZvB95tOK,1650032607,text-davinci:002,text-davinci-002,23:29.8,0.6,1,1,instr_1,"Certainly, there are common, unoriginal ways to use a {}. However, for this task, list only unusual, creative, and uncommon uses.",fork,"

1. To eat food, obviously. But also to spear vegetables, mix ingredients together, etc.

2. To pick up small items like crumbs or pills.

3. To aid in tasks that require precision like applying makeup or cleaning things in tight spaces.

4. As a",2,2,1
96,cmpl-4xH99bmIOlKB3KenSXE4lCKk5iDOB,1650032611,text-davinci:002,text-davinci-002,23:35.2,0.6,1,1,instr_2,"The goal is to come up with creative ideas, which are ideas that strike people as clever, unusual, interesting, uncommon, humorous, innovative, or different.",fork,"

1. Use a fork to hold your food while you eat with chopsticks.
2. Spear marshmallows or hot dogs on a fork and roast them over a fire.
3. Make music by banging forks of different sizes together.
4. Stick forks in the ground to make decorative patterns or",3,3,1
105,cmpl-4xH9eGCPtqRz2fwkl1sWNf3QWm3iN,1650032642,text-davinci:002,text-davinci-002,24:05.0,0.75,1,1,instr_1,"Certainly, there are common, unoriginal ways to use a {}. However, for this task, list only unusual, creative, and uncommon uses.",fork,"

1. Making sculptures out of forks
2. Collecting rainwater with a fork
3. Using a fork as a cat toy 
4. Wearing a fork as a necklace 
5. Cook pasta in the microwave with a fork",4,4,0.5
106,cmpl-4xH9ixylkyWuCX3unnzSFaNDSPz6f,1650032646,text-davinci:002,text-davinci-002,24:08.3,0.75,1,1,instr_2,"The goal is to come up with creative ideas, which are ideas that strike people as clever, unusual, interesting, uncommon, humorous, innovative, or different.",fork,"

A fork can be used as:
-A toothpick 
-A back scratcher 
-An ear cleaner 
-A nose picker 
-A zit popper",5,4,1
115,cmpl-4xHA9su4ZHWbT0MCFjXFSlstagiXw,1650032673,text-davinci:002,text-davinci-002,24:36.4,0.9,1,1,instr_1,"Certainly, there are common, unoriginal ways to use a {}. However, for this task, list only unusual, creative, and uncommon uses.",fork,"

-Stir a hot drink
-Spear a cucumber slice in order to eat it
-Use as a makeshift toothpick
-Play the fork like a flute or otherwind instrument
-Use two forks stuck together tine side in in order to create crude chopsticks",3,3,1
116,cmpl-4xHADqxos06qewCjeD4IXaqJm86Ko,1650032677,text-davinci:002,text-davinci-002,24:40.7,0.9,1,1,instr_2,"The goal is to come up with creative ideas, which are ideas that strike people as clever, unusual, interesting, uncommon, humorous, innovative, or different.",fork,"

-A fork can be used to play the xylophone.
-A fork can be used as a toothpick.
-A fork can be used to mix paints.
-A fork can be used as a bookmark.
-A fork can be used to create art.",4,4,1
1,cmpl-4x12GbiaiNER9hGa2G3o9Ary0wjki,1649970680,text-davinci:001,davinci-instruct-beta-v3,11:21.0,0.6,1,1,instr_2,"The goal is to come up with creative ideas, which are ideas that strike people as clever, unusual, interesting, uncommon, humorous, innovative, or different.",paperclip,"

1. Hold papers together
2. Hang a picture on the wall
3. Use as a bookmark
4. Close a binder clip
5. Pick up a needle",3,2,1
6,cmpl-4x12MzNKxoz6jdacMJScsSzcCmRs8,1649970686,text-davinci:001,davinci-instruct-beta-v3,11:28.0,0.75,1,1,instr_2,"The goal is to come up with creative ideas, which are ideas that strike people as clever, unusual, interesting, uncommon, humorous, innovative, or different.",paperclip,"

1. A paperclip can be used to hold several sheets of paper together.
2. A paperclip can be turned into a bookmark.
3. A paperclip can be twisted into a small loop to use as a keychain ring.
4. A paperclip can be straightened out and",3,2,1
11,cmpl-4x12SJvLSxxhSXW6V61o2ohgrFgzY,1649970692,text-davinci:001,davinci-instruct-beta-v3,11:34.3,0.9,1,1,instr_2,"The goal is to come up with creative ideas, which are ideas that strike people as clever, unusual, interesting, uncommon, humorous, innovative, or different.",paperclip,"

1. A paperclip can be used as a bookmark.
2. A paperclip can be used to clip papers together.
3. A paperclip can be used to hold together an opening in a plastic bag or other container.
4. A paperclip can be twisted into a small loop to",2,1,1
16,cmpl-4x12a6yhc1XJdsWMDtwa5ukrBH2tY,1649970700,text-davinci:002,text-davinci-002,11:44.4,0.6,1,1,instr_2,"The goal is to come up with creative ideas, which are ideas that strike people as clever, unusual, interesting, uncommon, humorous, innovative, or different.",paperclip,"

1. Use a paperclip as a bookmark in a book.
2. Stick a paperclip on the end of your nose to make a funny face.
3. Attach a paperclip to the top of your head like an antenna.
4. Turn a paperclip into a ring by opening",4,4,1
21,cmpl-4x12u1nXvRiecboTcMy35nJPGWzuo,1649970720,text-davinci:002,text-davinci-002,12:03.9,0.75,1,1,instr_2,"The goal is to come up with creative ideas, which are ideas that strike people as clever, unusual, interesting, uncommon, humorous, innovative, or different.",paperclip,"

Here are five creative uses for a paperclip:

1. Use it as a bookmark in your favorite book.
2. Attach it to the front of your shirt collar as an impromptu tie.
3. Use it to hold your hair back in a ponytail or bun.
4",4,4,1
26,cmpl-4x1391TMb6jTrG2YcIYliBHZlElum,1649970735,text-davinci:002,text-davinci-002,12:18.3,0.9,1,1,instr_2,"The goal is to come up with creative ideas, which are ideas that strike people as clever, unusual, interesting, uncommon, humorous, innovative, or different.",paperclip,"

1) Turn a paperclip into a bookmark by bending it into a shape that can grip onto the pages of a book.
2) Make a paperclip chain by threading multiple paperclips together.
3) Use a paperclip to fix a broken zipper by attaching the two halves of the zipper together",3,3,1
31,cmpl-4xH5lgBU17teVUlaSzl66YXWKdevc,1650032401,text-davinci:001,davinci-instruct-beta-v3,20:00.7,0.6,1,1,instr_1,"Certainly, there are common, unoriginal ways to use a {}. However, for this task, list only unusual, creative, and uncommon uses.",paperclip,"

-To hang a picture on the wall
-To clip papers together so they won't move or get lost
-To fasten a loose button on a shirt
-As a bookmark in a book
-As makeshift needle and thread to sew up a small tear in fabric",3,4,1
36,cmpl-4xH5rG0PKoYycDdQPyKVvAv1dMpIl,1650032407,text-davinci:001,davinci-instruct-beta-v3,20:07.4,0.75,1,1,instr_1,"Certainly, there are common, unoriginal ways to use a {}. However, for this task, list only unusual, creative, and uncommon uses.",paperclip,"

-Close a stubborn zipper
-Secure a loose button on clothing
-Attach a key to a ring or keychain
-Hang up a picture frame with thin wire or string
-Hold together broken sunglasses",4,5,1
41,cmpl-4xH5xnsnUnmAYrddb5pRHVGdV8qSq,1650032413,text-davinci:001,davinci-instruct-beta-v3,20:13.1,0.9,1,1,instr_1,"Certainly, there are common, unoriginal ways to use a {}. However, for this task, list only unusual, creative, and uncommon uses.",paperclip,"

Attach a paperclip to a key ring as a makeshift key chain. 
Use a paperclip as a bookmark in a book.
Clip two or more paperclips together to create a small ruler. 
Create a makeshift clothespin by clipping one or more paperclips onto a piece of fabric.",3,4,1
46,cmpl-4xH63jBMgknQsMuY0l5jZBVeOwBwJ,1650032419,text-davinci:002,text-davinci-002,20:22.3,0.6,1,1,instr_1,"Certainly, there are common, unoriginal ways to use a {}. However, for this task, list only unusual, creative, and uncommon uses.",paperclip,"

A paperclip can be used to: 
1. Pick a lock
2. Hold together papers or other materials
3. Make a small hole in fabric
4. Turn a screw
5. Clean out a keyboard",3,3,1
51,cmpl-4xH6M6pVUSohh7AQuoX789VCCmAta,1650032438,text-davinci:002,text-davinci-002,20:41.7,0.75,1,1,instr_1,"Certainly, there are common, unoriginal ways to use a {}. However, for this task, list only unusual, creative, and uncommon uses.",paperclip,"

A paperclip can be used to: 
1. Pick a lock
2. Make a small chain 
3. Hold together loose papers
4. Use as a bookmark in a book or planner
5. Keep track of important pages in a document by clipping them together",2,2,1
56,cmpl-4xH6e2WuowhioemyZNyfXk89HjwHF,1650032456,text-davinci:002,text-davinci-002,20:59.3,0.9,1,1,instr_1,"Certainly, there are common, unoriginal ways to use a {}. However, for this task, list only unusual, creative, and uncommon uses.",paperclip,"

1. To temporarily fix a broken zipper on a jacket or piece of luggage
2. To clip together pages of a magazine or book
3. To hold together the corners of a sheet of paper when folding it in thirds
4. To mark your place in a cookbook or recipe card file
5",2,2,1
61,cmpl-4xH8LjWp0JOmuqMoiNo4qYEVKPulB,1650032561,text-davinci:001,davinci-instruct-beta-v3,22:41.1,0.6,1,1,instr_1,"Certainly, there are common, unoriginal ways to use a {}. However, for this task, list only unusual, creative, and uncommon uses.",paperclip,"

1. A paperclip can be used to fasten two pieces of paper together.
2. A paperclip can be used to hold a stack of papers together.
3. A paperclip can be used as a bookmark in a book.
4. A paperclip can be threaded through the holes",1,1,1
62,cmpl-4xH8MBsFGANv9JEtEPIAq4veftc1p,1650032562,text-davinci:001,davinci-instruct-beta-v3,22:42.1,0.6,1,1,instr_2,"The goal is to come up with creative ideas, which are ideas that strike people as clever, unusual, interesting, uncommon, humorous, innovative, or different.",paperclip,"

Decorate a document or presentation with paperclips in a creative way. 
Use paperclips as bookmarks. 
Create a sculpture out of paperclips. 
Make a key chain out of paperclips. 
Turn paperclips into earrings.",3,3,1
71,cmpl-4xH8VOdlvdFJUWFerMHepeGLtegwb,1650032571,text-davinci:001,davinci-instruct-beta-v3,22:51.4,0.75,1,1,instr_1,"Certainly, there are common, unoriginal ways to use a {}. However, for this task, list only unusual, creative, and uncommon uses.",paperclip,"

 clamping two pieces of paper together holding papers to a clipboard keeping cords together holding a pencil between your teeth keeping a small binder together",0,0,0
72,cmpl-4xH8WcT6iu8h3wQ2o615X2A1N5bKk,1650032572,text-davinci:001,davinci-instruct-beta-v3,22:52.4,0.75,1,1,instr_2,"The goal is to come up with creative ideas, which are ideas that strike people as clever, unusual, interesting, uncommon, humorous, innovative, or different.",paperclip,"

1. Clip two paperclips together to create a makeshift paper clip chain.
2. Clip a paperclip onto your key ring as a keychain fob. 
3. Use a paperclip as a bookmark in your book. 
4. Attach a note to a bottle of wine with",3,2,1
81,cmpl-4xH8gDaiTbLxm75Mi2AXnBIOgxUJL,1650032582,text-davinci:001,davinci-instruct-beta-v3,23:01.8,0.9,1,1,instr_1,"Certainly, there are common, unoriginal ways to use a {}. However, for this task, list only unusual, creative, and uncommon uses.",paperclip,"

-To hang a picture frame on a wall.
-To clip two pieces of paper together.
-To act as a bookmark in a book.
-To temporarily attach two wires together.
-As the weight on the end of a string when making homemade jewelry",3,3,1
82,cmpl-4xH8h8Y1Q2Eo8l8VPYVioYqmsGJEg,1650032583,text-davinci:001,davinci-instruct-beta-v3,23:02.9,0.9,1,1,instr_2,"The goal is to come up with creative ideas, which are ideas that strike people as clever, unusual, interesting, uncommon, humorous, innovative, or different.",paperclip,"

1) A paperclip can be used as a bookmark.
2) A paperclip can be used to hold multiple sheets of paper together.
3) A paperclip can be twisted into a small loop to use as a keychain ring or zipper pull.
4) A paper clip can fasten",2,2,1
91,cmpl-4xH8rdmZnl0kEGjn46BgRoIrb1Pss,1650032593,text-davinci:002,text-davinci-002,23:14.2,0.6,1,1,instr_1,"Certainly, there are common, unoriginal ways to use a {}. However, for this task, list only unusual, creative, and uncommon uses.",paperclip,"

1. To make a paperclip necklace, thread the paperclips onto a string or chain.
2. Turn paperclips into keychains by attaching them to keyrings.
3. Make bracelets and rings out of paperclips by bending them into shape.
4. Use small paperclips as tiny",3,3,1
92,cmpl-4xH8tqvtnZbLZI2qn4jmT5Xd1noLf,1650032595,text-davinci:002,text-davinci-002,23:19.2,0.6,1,1,instr_2,"The goal is to come up with creative ideas, which are ideas that strike people as clever, unusual, interesting, uncommon, humorous, innovative, or different.",paperclip,"

-A paperclip can be used to hold a chip bag closed.
-A paperclip can be used as a bookmark.
-A paperclip can be used to secure a loose button on a shirt.
-A paperclip can be used as a makeshift toothpick.
-A paperclip",2,3,1
101,cmpl-4xH9RcI5YzhNdAKB4SmJSRpxpjMI0,1650032629,text-davinci:002,text-davinci-002,23:51.6,0.75,1,1,instr_1,"Certainly, there are common, unoriginal ways to use a {}. However, for this task, list only unusual, creative, and uncommon uses.",paperclip,"

1. To clip photographs or papers together without damage
2. To make a hook to hang jewellery or other light items from
3. Straighten out bent headphone jack plugs
4. Temporarily fix a loose button on clothing
5. Hold pretzels together to form a unique shape",3,4,1
102,cmpl-4xH9UGeiYcU9zY4ZuwaEm9qpo5TYr,1650032632,text-davinci:002,text-davinci-002,23:53.3,0.75,1,1,instr_2,"The goal is to come up with creative ideas, which are ideas that strike people as clever, unusual, interesting, uncommon, humorous, innovative, or different.",paperclip,"

1. curtain tie back
2. bread bag clip
3. chip clip
4. paperclip chain
5. magnet",3,3,1
111,cmpl-4xH9w8bJeR1joNgKQHPRrXs5xtc15,1650032660,text-davinci:002,text-davinci-002,24:22.0,0.9,1,1,instr_1,"Certainly, there are common, unoriginal ways to use a {}. However, for this task, list only unusual, creative, and uncommon uses.",paperclip,"

-Hang a picture on the wall without nails
-Open a beer bottle 
- tie together 2 Chip bags so they won't spill 
-Fix a broken pair of glasses 
-Make a makeshift bookmark",3,4,1
112,cmpl-4xH9zOjRDAckEu4Ihi90Nh7M9hjjh,1650032663,text-davinci:002,text-davinci-002,24:26.1,0.9,1,1,instr_2,"The goal is to come up with creative ideas, which are ideas that strike people as clever, unusual, interesting, uncommon, humorous, innovative, or different.",paperclip,"

1. A paperclip can be used as a way to keep your hair out of your face.
2. A paperclip can be used as a bookmark in a book.
3. A paperclip can be used to hold together two pieces of paper.
4. A paperclip can be used",2,2,1
5,cmpl-4x12LNN1elyPghVHLtsdhTcNEYzVV,1649970685,text-davinci:001,davinci-instruct-beta-v3,11:26.3,0.6,1,1,instr_2,"The goal is to come up with creative ideas, which are ideas that strike people as clever, unusual, interesting, uncommon, humorous, innovative, or different.",tin can,"

1) Make a tin can telephone.
2) Use it as a container for fishing bait.
3) Transform it into a makeshift watering can.
4) Recycle it as a container for food storage.
5) Turn it into an improvised wind chime",2,3,1
10,cmpl-4x12RS02Hzluzz9TGPIT6QFi1MNVA,1649970691,text-davinci:001,davinci-instruct-beta-v3,11:32.9,0.75,1,1,instr_2,"The goal is to come up with creative ideas, which are ideas that strike people as clever, unusual, interesting, uncommon, humorous, innovative, or different.",tin can,"

1. A tin can could be used as a drinking glass.
2. A tin can could be filled with sand and used as a doorstop.
3. A tin can could be cut into small pieces and used as confetti.
4. A tin can could be turned into a musical instrument",4,4,1
15,cmpl-4x12YZg4raCjjCmX44MFTNSIK9FrR,1649970698,text-davinci:001,davinci-instruct-beta-v3,11:39.1,0.9,1,1,instr_2,"The goal is to come up with creative ideas, which are ideas that strike people as clever, unusual, interesting, uncommon, humorous, innovative, or different.",tin can,"

1. Use it as a sconce to light your way in the dark.
2. Cut off the top and use it as a waste bin for your desk.
3. Stick it over a crack in the floor to stop the cold air from coming in.
4. Turn it into a pencil",4,3,1
20,cmpl-4x12qpVREUaBUgwG3Zn3mSsEtkvlU,1649970716,text-davinci:002,text-davinci-002,12:00.1,0.6,1,1,instr_2,"The goal is to come up with creative ideas, which are ideas that strike people as clever, unusual, interesting, uncommon, humorous, innovative, or different.",tin can,"

1. A pencil holder
2. A catch-all for small items like keys, coins, etc.
3. An ""emergency"" toilet paper holder (i.e., when you can't find one in the bathroom)
4. A vase for flowers or other small plants
5",3,3,1
25,cmpl-4x137kHgoEAIZD3Ekyazbtqwoo2AC,1649970733,text-davinci:002,text-davinci-002,12:15.5,0.75,1,1,instr_2,"The goal is to come up with creative ideas, which are ideas that strike people as clever, unusual, interesting, uncommon, humorous, innovative, or different.",tin can,"

A tin can could be used as a:
-Candle holder 
-Pencil cup 
-Piggy bank 
-Spice container 
- Flower vase",2,2,1
30,cmpl-4x13ISNLb6pp34U9wlOxa6ir4apSD,1649970744,text-davinci:002,text-davinci-002,12:27.8,0.9,1,1,instr_2,"The goal is to come up with creative ideas, which are ideas that strike people as clever, unusual, interesting, uncommon, humorous, innovative, or different.",tin can,"

Some creative uses for a tin can include using it as a vase, using it to play music, or turning it into a candle holder. You could also use a tin can as a planter or bird feeder.",2,2,0
35,cmpl-4xH5qDu6TltKBb7PSvieIF4yaS9P8,1650032406,text-davinci:001,davinci-instruct-beta-v3,20:06.4,0.6,1,1,instr_1,"Certainly, there are common, unoriginal ways to use a {}. However, for this task, list only unusual, creative, and uncommon uses.",tin can,"

1. Start a fire: A tin can filled with charcoal lighter fluid and set on fire can be used as a portable campfire.
2. Make a stove: Cut two holes in the bottom of a tin can and two more in the sides near the top. Insert a small piece of metal tubing into",3,3,1
40,cmpl-4xH5vmPI06e2VQc5i46Had7l8id1F,1650032411,text-davinci:001,davinci-instruct-beta-v3,20:11.8,0.75,1,1,instr_1,"Certainly, there are common, unoriginal ways to use a {}. However, for this task, list only unusual, creative, and uncommon uses.",tin can,"

- A tin can be transformed into a musical instrument by banging on the sides with a drumstick or other object.
- It can be filled with small stones and used as a makeshift rattle.
- If it has a lid, it can be turned into a primitive cooking pot by filling it with water",3,3,1
45,cmpl-4xH61jbCEDXTuSvZoGg6xkJ6Zom71,1650032417,text-davinci:001,davinci-instruct-beta-v3,20:17.5,0.9,1,1,instr_1,"Certainly, there are common, unoriginal ways to use a {}. However, for this task, list only unusual, creative, and uncommon uses.",tin can,"

1. A tin can can be cut in half to create a small, makeshift vessel for boiling water while camping or hiking.
2. Cut out one end of a tin can and use it as a funnel to easily fill up other containers with liquids.
3. Drill a few holes in the bottom of",3,3,1
50,cmpl-4xH6JDDWsgVQJKMii20FdOswQ0b71,1650032435,text-davinci:002,text-davinci-002,20:36.8,0.6,1,1,instr_1,"Certainly, there are common, unoriginal ways to use a {}. However, for this task, list only unusual, creative, and uncommon uses.",tin can,"

1. Use a tin can as a planter for small succulent plants.
2. Create a tiny wind chime by tying several small shells or beads to the bottom of the can and suspending it from string or fishing line.
3. Turn a tin can into a vase or candle holder by",3,3,1
55,cmpl-4xH6blVC4U08VpEvG7k8ZTdEHccNr,1650032453,text-davinci:002,text-davinci-002,20:55.5,0.75,1,1,instr_1,"Certainly, there are common, unoriginal ways to use a {}. However, for this task, list only unusual, creative, and uncommon uses.",tin can,"

1. Make a wind chime
2. Use as a vase 
3. Turn it into wall art 
4. Use as part of a terrarium 
5. Make jewelry out of it",3,4,1
60,cmpl-4xH6uVSdfc3yuq8sInDBT2MNNtuJx,1650032472,text-davinci:002,text-davinci-002,21:14.2,0.9,1,1,instr_1,"Certainly, there are common, unoriginal ways to use a {}. However, for this task, list only unusual, creative, and uncommon uses.",tin can,"

1. Make a pencil holder by painting and decorating the outside of a tin can.
2. Turn a tin can into a plant pot â€“ perfect for small succulents.
3. Use as part of a homemade wind chime or mobile craft project.
4. Create cute and quirky magnets",3,3,1
69,cmpl-4xH8TZ54PeLQNKDhr4AgQpG2Ef7Pa,1650032569,text-davinci:001,davinci-instruct-beta-v3,22:49.6,0.6,1,1,instr_1,"Certainly, there are common, unoriginal ways to use a {}. However, for this task, list only unusual, creative, and uncommon uses.",tin can,"

Make a tin can telephone 
Turn a tin can into a candle holder 
Make a tin can stove 
Start a fire with a tin can and some sunlight 
 Use a tin can as an improvised vase",3,3,1
70,cmpl-4xH8UYJTi9IHvECKqa3R8UpXPgusm,1650032570,text-davinci:001,davinci-instruct-beta-v3,22:50.7,0.6,1,1,instr_2,"The goal is to come up with creative ideas, which are ideas that strike people as clever, unusual, interesting, uncommon, humorous, innovative, or different.",tin can,"

1. Create a makeshift lamp. Remove the top of the can and cut a large hole in the side. Cover the hole with a shade, and attach a lightbulb socket.
2. Make a stencil. Cut out a desired design in the side of the can, then hold it up to",4,4,1
79,cmpl-4xH8e9sqVaKtUW30iMk9SUACyXWA8,1650032580,text-davinci:001,davinci-instruct-beta-v3,22:59.8,0.75,1,1,instr_1,"Certainly, there are common, unoriginal ways to use a {}. However, for this task, list only unusual, creative, and uncommon uses.",tin can,"

1. Create a makeshift music amplifier by placing one or more tin cans around the edge of a small speaker.
2. Cut out sections of different-sized tin cans to fashion into small bowls, cooking pots, or other household items. 
3. Use a can opener to create a number of eccentric",4,4,1
80,cmpl-4xH8fSabyJZJCCecZJwkqJ2t3Ckzb,1650032581,text-davinci:001,davinci-instruct-beta-v3,23:00.7,0.75,1,1,instr_2,"The goal is to come up with creative ideas, which are ideas that strike people as clever, unusual, interesting, uncommon, humorous, innovative, or different.",tin can,"

1. Use a can as a telephone.
2. Use a can as a megaphone. 
3. Use a can as an amplifier for your voice or music.
4. Use a can as an emergency stove. 
5. Use a can to store food or water in case",3,3,1
89,cmpl-4xH8oEZSqDzEZGUYUDNScLKVkDzhw,1650032590,text-davinci:001,davinci-instruct-beta-v3,23:10.8,0.9,1,1,instr_1,"Certainly, there are common, unoriginal ways to use a {}. However, for this task, list only unusual, creative, and uncommon uses.",tin can,"

1. Use it as a makeshift and less-than-reliable telephone.
2. Cut slots in each end, string some cord through it, and use it as a wind chime.
3. Tape the top and bottom closed securely, fill it with bird seed, and hang it from a",3,3,1
90,cmpl-4xH8qni8Oxjn3oZ664SXIDnECyVK8,1650032592,text-davinci:001,davinci-instruct-beta-v3,23:11.8,0.9,1,1,instr_2,"The goal is to come up with creative ideas, which are ideas that strike people as clever, unusual, interesting, uncommon, humorous, innovative, or different.",tin can,"

1. Use a tin can as an improvised drum.
2. Convert a tin can into a small lamp. 
3. Turn a tin can into a pencil sharpener. 
4. Make a miniature greenhouse out of several tin cans and some plastic wrap.
5. Create a wind ch",4,4,1
99,cmpl-4xH9MNHCqxvVYmSIPBzGd32JzFN6A,1650032624,text-davinci:002,text-davinci-002,23:45.1,0.6,1,1,instr_1,"Certainly, there are common, unoriginal ways to use a {}. However, for this task, list only unusual, creative, and uncommon uses.",tin can,"

-a door stop
-a plant pot
-a pencil holder
-a vase
-a Puppet",4,3,1
100,cmpl-4xH9OAgzrLSQKmzFc1tRdlO9sUCDq,1650032626,text-davinci:002,text-davinci-002,23:47.8,0.6,1,1,instr_2,"The goal is to come up with creative ideas, which are ideas that strike people as clever, unusual, interesting, uncommon, humorous, innovative, or different.",tin can,"

1. A tin can can be used as a candle holder.
2. A tin can can be used to hold pens and pencils.
3. A tin can can be used as a vase for flowers.
4. A tin can can be used as a bird feeder.
5",2,2,1
109,cmpl-4xH9rHzjzOnSvManBj251ieNfO2uy,1650032655,text-davinci:002,text-davinci-002,24:16.1,0.75,1,1,instr_1,"Certainly, there are common, unoriginal ways to use a {}. However, for this task, list only unusual, creative, and uncommon uses.",tin can,"

1. A tin can lantern - cut out the top and bottom of the can, then decorate the outside with punched patterns or drawings. Place a candle inside for an elegant decoration.
2. Garden stakes - upcycle small cans by painting them and using them as plant markers in your garden. They",3,3,1
110,cmpl-4xH9tvtvuw7hQebP3V9sl4AxmvA6h,1650032657,text-davinci:002,text-davinci-002,24:19.7,0.75,1,1,instr_2,"The goal is to come up with creative ideas, which are ideas that strike people as clever, unusual, interesting, uncommon, humorous, innovative, or different.",tin can,"

1. A tin can could be used as a vase for flowers.
2. A tin can could be used as a candle holder.
3. A tin can could be used to create a wind chime.
4. A tin can could be used to store small items such as paperclips",2,3,1
119,cmpl-4xHAQUO3gmJ7iOwRSnJRzv4QhpTgy,1650032690,text-davinci:002,text-davinci-002,24:52.6,0.9,1,1,instr_1,"Certainly, there are common, unoriginal ways to use a {}. However, for this task, list only unusual, creative, and uncommon uses.",tin can,"

1. Create a chandelier: Cut open the top and bottom of several tin cans. Paint them in colors of your choice, then string them together with wire to create a one-of-a-kind light fixture for your home.
2. Make a bird feeder: Poke holes in the",3,3,1
120,cmpl-4xHATwYPeCgGNxAf0FGLg5AfRYxim,1650032693,text-davinci:002,text-davinci-002,24:56.6,0.9,1,1,instr_2,"The goal is to come up with creative ideas, which are ideas that strike people as clever, unusual, interesting, uncommon, humorous, innovative, or different.",tin can,"

-A tin can be used as a wind chime. suspend it from a string or wire and let it catch the breeze.
-You could use a tin can as a planter. Decorate the outside and plant some herbs or flowers inside.
-Turn a tin can into a night light by",2,3,1
