research_id,response_id,respondent_id,object,original_response,cleaned_response,originality_rater01,utility_rater01
CES201606,711,19,fork,(om te laten zien wat zilver is),,3,4
CES201606,824,20,fork,aandacht vragen aan tafel voor een speech,aandacht vragen tafel speech,2,5
CES201606,403,15,fork,aandrukken van de randjes van de appelflap,aandrukken randjes appelflap,2,5
CES201606,919,23,fork,aanwijsstok,aanwijsstok,3,4
CES201606,2072.2,51,fork, in de aarde,aarde,2,3
CES201606,1076,25,fork,armbanden/kettingen aan hangen,armbanden kettingen hangen,3,3
CES201606,2025,49,fork,bakje openen,bakje openen,2,3
CES201606,177,12,fork,behangafhaalding,behang afhaal ding,4,4
CES201606,180,12,fork,een bezem,bezem,4,2
CES201606,1184,27,fork,bierflesje openen,bierflesje openen,2,5
CES201606,1759,45,fork,bieropener,bieropener,2,5
CES201606,1546,39,fork,blik open te maken,blik open,2,4
CES201606,1925,47,fork,blik opener,blik opener,2,4
CES201606,1039,24,fork,blikopener,blikopener,2,4
CES201606,1758,45,fork,blikopener,blikopener,2,4
CES201606,395,15,fork,borstel,borstel,2,4
CES201606,1446,37,fork,borstel,borstel,2,4
CES201606,1542,39,fork,bouwen,bouwen,3,3
CES201606,183,12,fork,breistokjes,brei stokjes,3,4
CES201606,1078,25,fork,om mee te breien/haken etc.,breien haken,3,4
CES201606,1665,43,fork,breinaald,breinaald,3,4
CES201606,1838,46,fork,CD rekje,cd rekje,5,4
CES201606,1420,36,fork,chinees eten,chinees eten,1,5
CES201606,1831,46,fork,chirurgisch instrument,chirurgisch instrument,4,3
CES201606,1976,48,fork,darten met vork,darten vork,3,3
CES201606,709,19,fork,als dartpijl,dartpijl,3,3
CES201606,537,17,fork,deeg in stukjes prikken,deeg stukjes prikken,2,5
CES201606,1545,39,fork,dingen leeg te schrapen,dingen leeg schrapen,2,4
CES201606,2070,51,fork,dingen opprikken van straat zodat je handen niet vies worden en je ze in de prullenbak kan gooien,dingen opprikken straat zodat handen niet vies prullenbak gooien,3,4
CES201606,707,19,fork,voor dirigeren,dirigeren,4,4
CES201606,1222,28,fork,iemand mee dood steken,dood steken,2,4
CES201606,474,16,fork,draad uit kleding haal tool,draad kleding haal tool,3,4
CES201606,1666,43,fork,drumstick,drumstick,3,4
CES201606,2053,50,fork,gebruiken als duivelsstaart,duivelsstaart,4,3
CES201606,1830,46,fork,eetgerij,eetgerei,1,5
CES201606,539,17,fork,er een ei op leggen en een race doen,ei leggen race,4,5
CES201606,1760,45,fork,elektriciteit geleiden,elektriciteit geleiden,4,4
CES201606,1620,41,fork,Ergens ' iets uit peuteren ,ergens peuteren,2,5
CES201606,704,19,fork,om ergens in te prikken (afval opruimen),ergens prikken,2,4
CES201606,1629,42,fork,iets ergens tussenuit peuteren ,ergens tussenuit peuteren,2,5
CES201606,301,14,fork,eten,eten,1,5
CES201606,621,18,fork,om mee te eten ,eten,1,5
CES201606,698,19,fork,eten,eten,1,5
CES201606,1223,28,fork,eten,eten,1,5
CES201606,1267,29,fork,eten,eten,1,5
CES201606,1385,35,fork,eten,eten,1,5
CES201606,1540,39,fork,eten,eten,1,5
CES201606,1977,48,fork,eten,eten,1,5
CES201606,402,15,fork,figurenmaker in deeg voor koekjes,figurenmaker deeg koekjes,3,5
CES201606,2056,50,fork,figuurtjes maken als je er inkt erover spuit,figuurtjes inkt erover spuit,4,5
CES201606,921,23,fork,fotohouder,fotohouder,4,3
CES201606,826,20,fork,gaarheid van vlees testen,gaarheid vlees testen,2,5
CES201606,302,14,fork,gaatjes maken,gaatjes,2,5
CES201606,469,16,fork,gaatjesprikker,gaatjes prikken,2,5
CES201606,1512,38,fork,gaatjes mee prikken,gaatjes prikken,2,5
CES201606,1622,41,fork,Gaatjes prikken in van alles,gaatjes prikken,2,5
CES201606,1627,42,fork,Gaatjes prikken ,gaatjes prikken,2,5
CES201606,1722,44,fork,Gaatjes prikken,gaatjes prikken,2,5
CES201606,627,18,fork,gaatjes maken in je quiche deeg ,gaatjes quiche deeg,2,5
CES201606,1926,47,fork,gaten te maken,gaten,2,5
CES201606,1761,45,fork,gekke haar klip voor mensen met afro,gekke haar klip mensen afro,3,5
CES201606,303,14,fork,geluid maken,geluid,3,4
CES201606,1833,46,fork,gereedschap,gereedschap,3,4
CES201606,528,17,fork,gooien,gooien,2,5
CES201606,1509,38,fork,gras mee harken,gras harken,2,4
CES201606,1544,39,fork,graven,graven,2,4
CES201606,1922,47,fork,graven,graven,2,4
CES201606,530,17,fork,in de grond prikken,grond prikken,2,4
CES201606,306,14,fork,je haar mee kammen,haar kammen,2,4
CES201606,1135,26,fork,haar kammen,haar kammen,2,4
CES201606,1628,42,fork,Haar kammen,haar kammen,2,4
CES201606,304,14,fork,om in je haar te doen om je knotje mee vast te houden,haar knotje vast houden,3,5
CES201606,1137,26,fork,als haarsieraad in een knot steken,haar sieraad knot steken,3,5
CES201606,1445,37,fork,haarkruller,haarkruller,4,4
CES201606,702,19,fork,om haartjes van kleding af te halen,haartjes kleding af halen,4,3
CES201606,701,19,fork,om je haren mee te kammen,haren kammen,2,4
CES201606,941,22,fork,haren kammen,haren kammen,2,4
CES201606,1037,24,fork,haren kammen,haren kammen,2,4
CES201606,1618,41,fork,haren kammen,haren kammen,2,4
CES201606,1669,43,fork,haring voor bij de tent,haring tent,4,4
CES201606,243,13,fork,als hark om de tuin mee te harken,hark tuin harken,2,4
CES201606,945,22,fork,harken,harken,2,4
CES201606,1075,25,fork,hefboom/katapult,hefboom katapult,3,4
CES201606,400,15,fork,houder voor je punnikwerkje,houder punnik werkje,4,4
CES201606,943,22,fork,je huid krabben wanneer je jeuk hebt,huid krabben wanneer jeuk hebt,3,4
CES201606,628,18,fork,gebruikenm als hulp middel bij kleien,hulp middel kleien,3,4
CES201606,706,19,fork,als hulpmiddel bij acteren,hulpmiddel acteren,3,4
CES201606,1312,30,fork,ijzeren staafjes,ijzeren staafjes,3,3
CES201606,240,13,fork,een kam,kam,2,4
CES201606,1266,29,fork,kam,kam,2,4
CES201606,1670,43,fork,kam,kam,2,4
CES201606,1840,46,fork,kam,kam,2,4
CES201606,2055,50,fork,als kam gebruiken,kam,2,4
CES201606,1920,47,fork,kam ariel ,kam Ariël,2,4
CES201606,1510,38,fork,een kandelaar van vouwen,kandelaar vouwen,4,3
CES201606,179,12,fork,een kapstok voor barbiekleren,kapstok barbie kleren,4,5
CES201606,1136,26,fork,als kapstok aan de muur bevestigen,kapstok muur bevestigen,4,2
CES201606,622,18,fork,om een katepult mee te maken ,katapult,2,4
CES201606,399,15,fork,katapult voor het schieten van eten,katapult schieten eten,2,4
CES201606,1586,40,fork,kauwgum van de stoep halen,kauwgum stoep halen,3,4
CES201606,1723,44,fork,Iets kerven,kerven,2,5
CES201606,305,14,fork,iets kerven in hout/steen o.i.d.,kerven hout steen,2,5
CES201606,625,18,fork,als ketting maken voor je outpit \,ketting outfit,4,3
CES201606,1313,30,fork,klemtang,klem tang,4,3
CES201606,925,23,fork,klokwijzer,klokwijzer,5,4
CES201606,1619,41,fork,knoop uit elkaar halen ,knoop elkaar halen,4,4
CES201606,1632,42,fork,een knoop eruit halen,knoop eruit halen,4,4
CES201606,2074,51,fork,krabben,krabben,3,4
CES201606,310,14,fork,krabben op je rug,krabben rug,3,5
CES201606,175,12,fork,een krabber,krabber,3,4
CES201606,1225,28,fork,om krassen mee te maken,krassen,3,5
CES201606,1633,42,fork,krassen in een raam maken,krassen raam,3,5
CES201606,1630,42,fork,kriebelen ,kriebelen,3,4
CES201606,1975,48,fork,kunstobject,kunstobject,3,3
CES201606,623,18,fork,om een kunstwerk van te maken ,kunstwerk,3,3
CES201606,1452,37,fork,kunstwerk,kunstwerk,3,3
CES201606,1424,36,fork,lampje,lampje,4,2
CES201606,1423,36,fork,lantaarnpaal,lantaarnpaal,4,1
CES201606,174,12,fork,een lepel,lepel,2,4
CES201606,1316,30,fork,2 lepels,lepels,2,3
CES201606,538,17,fork,in een lijn leggen,lijn leggen,3,3
CES201606,1040,24,fork,liniaal,liniaal,3,2
CES201606,1185,27,fork,om iets los te peuteren,los peuteren,2,4
CES201606,533,17,fork,Lois prikken,los prikken,2,4
CES201606,1315,30,fork,magneet,magneet,3,3
CES201606,173,12,fork,een mes,mes,2,3
CES201606,1764,45,fork,als mes,mes,2,3
CES201606,1978,48,fork,mes in vork bij tafel dekken,mes vork tafel dekken,2,3
CES201606,822,20,fork,middelste twee staven eruit halen en als bonbon vork inzetten,middelste staven eruit halen bonbon vork inzetten,2,3
CES201606,473,16,fork,mixer,mixer,2,5
CES201606,703,19,fork,om iets uit de modder te halen,modder halen,3,4
CES201606,1836,46,fork,moordwapen,moordwapen,2,4
CES201606,823,20,fork,muziek maken,muziek,3,3
CES201606,923,23,fork,muziekinstrument (op tafel tikken oid),muziekinstrument,3,4
CES201606,1451,37,fork,nagelschoonmaker,nagel schoon,2,5
CES201606,1664.2,43,fork, net zoals Aziaten hebben,net zoals Aziaten,0,0
CES201606,1757,45,fork,neuspeuteren,neuspeuteren,3,3
CES201606,626,18,fork,ogen uitsteken ,ogen uitsteken,2,4
CES201606,534,17,fork,ombuigen,ombuigen,3,4
CES201606,821.1,20,fork,ombuigen,ombuigen,3,4
CES201606,942,22,fork,ombuigen tot armband,ombuigen armband,4,4
CES201606,1224,28,fork,iets onder de bank vandaan halen,onder bank vandaan halen,3,4
CES201606,1422,36,fork,fondefdeel van fiets,onderdeel fiets,4,3
CES201606,1923,47,fork,als onderdeel van kunstwerk,onderdeel kunstwerk,3,3
CES201606,396,15,fork,onkruidwieder,onkruid wieden,2,4
CES201606,1832,46,fork,onkruid wieder,onkruid wieder,2,4
CES201606,920,23,fork,oorbel,oorbel,4,3
CES201606,1390,35,fork,iets openen,openen,2,4
CES201606,825,20,fork,je kan er iets mee oppakken,oppakken,2,5
CES201606,1386,35,fork,oprapen,oprapen,2,5
CES201606,1388,35,fork,iets opvanngen,opvangen,3,3
CES201606,1077,25,fork,als pen,pen,2,3
CES201606,182,12,fork,een perforator,perforator,2,4
CES201606,1547,39,fork,iemand pijn doen,pijn,3,4
CES201606,1762,45,fork,pincet,pincet,1,1
CES201606,820,20,fork,iemand ermee prikken,prikken,2,5
CES201606,922.1,23,fork,iemand prikken,prikken,2,5
CES201606,819,20,fork,prikken van eten,prikken eten,1,5
CES201606,2071,51,fork,in iets prikken zodat ze recht overeind staan en dat is een instrumen: vormen waar je tegenaan tikt,prikken zodat recht overeind staan instrument vormen waar tegenaan tikt,2,4
CES201606,1268,29,fork,prikker,prikker,2,5
CES201606,398,15,fork,prikstok voor vuilnis,prikstok vuilnis,2,4
CES201606,401,15,fork,puntjesprikker in papier,puntjesprikker papier,2,4
CES201606,245,13,fork,je kan het raam open houden met een vork zodat het niet dichtwaait ,raam open houden vork zodat niet dicht waait,4,5
CES201606,1418,36,fork,Rekeningen schrijven,rekeningen schrijven,5,3
CES201606,540,17,fork,roeren,roeren,2,5
CES201606,699,19,fork,om te roeren,roeren,2,5
CES201606,1269,29,fork,roerijzer,roerijzer,2,5
CES201606,1138,26,fork,om je rug mee te krabben,rug krabben,3,4
CES201606,1631,42,fork,op je rug kriebelen ,rug kriebelen,3,4
CES201606,1448,37,fork,ruggenkrabber,ruggenkrabber,3,4
CES201606,397,15,fork,rugkrabber,rugkrabber,3,4
CES201606,1763,45,fork,rugkrabber,rugkrabber,3,4
CES201606,1834,46,fork,rugkrabber,rugkrabber,3,4
CES201606,1311,30,fork,samenbundelen van messen,samenbundelen messen,3,3
CES201606,1309,30,fork,sateprikker,satéprikker,2,4
CES201606,471,16,fork,schep,schep,3,3
CES201606,2054,50,fork,schepje voor in de zandbak,schepje zandbak,3,4
CES201606,1541,39,fork,schilderen,schilderen,3,3
CES201606,2024,49,fork,schilderen,schilderen,3,3
CES201606,176,12,fork,een schroevendraaier,schroevendraaier,4,4
CES201606,1183,27,fork,schroevendraaier (achterkant),schroevendraaier,4,4
CES201606,1621,41,fork,als schroevendraaier gebruiken ,schroevendraaier,4,4
CES201606,1924,47,fork,schroevendraaier,schroevendraaier,4,4
CES201606,1837,46,fork,seksspeeltje,seksspeeltje,4,3
CES201606,1511,38,fork,sieraden hanger,sieraden hanger,3,3
CES201606,1226,28,fork,iemand mee te slaan,slaan,3,4
CES201606,244,13,fork,als sleutel ,sleutel,3,2
CES201606,308,14,fork,snijden (ipv een mes),snijden,2,3
CES201606,532,17,fork,snoep eten,snoep eten,1,5
CES201606,531,17,fork,soep eten,soep eten,2,1
CES201606,624,18,fork,om soep te eten ,soep eten,2,1
CES201606,1839,46,fork,speelgoed,speelgoed,4,3
CES201606,1449,37,fork,speerwerpen,speerwerpen,3,3
CES201606,700,19,fork,om mee te spelen,spelen,4,3
CES201606,1543,39,fork,spelen,spelen,4,3
CES201606,944,22,fork,ermee spelen door op rand van de tafel te leggen en laten lanceren,spelen rand tafel leggen laten lanceren,3,3
CES201606,705,19,fork,als spiegel,spiegel,5,3
CES201606,1073,25,fork,spijker,spijker,4,3
CES201606,1421,36,fork,splitsing,splitsing,3,3
CES201606,470,16,fork,standaard,standaard,5,3
CES201606,178,12,fork,een steekwapen,steekwapen,2,4
CES201606,1617,41,fork,Steken,steken,2,4
CES201606,1756,45,fork,steken,steken,2,4
CES201606,1419,36,fork,stemmen,stemmen,3,3
CES201606,1664.1,43,fork,stokje voor in je haar,stokje haar,2,5
CES201606,1310,30,fork,stokjes,stokjes,2,3
CES201606,1038,24,fork,strikjes maken,strikjes,3,3
CES201606,242,13,fork,je kan de tanden van een vork zo buigen dat het een standaard wordt voor naamkaartjes aan een tafel,tanden vork buigen standaard naamkaartjes tafel,3,4
CES201606,181,12,fork,een tandenborstel,tandenborstel,3,2
CES201606,309,14,fork,als tandenstoker,tandenstoker,3,3
CES201606,1444,37,fork,tandenstoker,tandenstoker,3,3
CES201606,918,23,fork,tekenen met verf,tekenen verf,3,4
CES201606,917,23,fork,tekenen in zand,tekenen zand,3,4
CES201606,1387,35,fork,tekenen in het zand,tekenen zand,3,4
CES201606,2057,50,fork,tennisracket,tennisracket,4,2
CES201606,1585,40,fork,theelepeltje,theelepeltje,2,5
CES201606,1667,43,fork,triangel stokje,triangel stokje,2,5
CES201606,2072.1,51,fork,in de tuin,tuin,2,3
CES201606,1584,40,fork,tuingereedschap,tuingereedschap,2,3
CES201606,472,16,fork,tuiniergerei,tuinier gerei,2,3
CES201606,821.2,20,fork, Uri geller achtig,Uri Geller achtig,2,3
CES201606,529,17,fork,vangen,vangen,3,3
CES201606,1447,37,fork,vastzetten in de grond als paal,vastzetten grond paal,2,4
CES201606,2073,51,fork,in de verf dopen en streepjes trekken in een moment van creativiteit,verf dopen streepjes trekken moment creativiteit,3,4
CES201606,924,23,fork,in plaats van een verlamde hand,verlamde hand,5,3
CES201606,1921,47,fork,verven,verven,3,4
CES201606,1317,30,fork,vingers,vingers,3,3
CES201606,1835,46,fork,vis schraaper,vis schraper,3,3
CES201606,536,17,fork,vlees snijden,vlees snijden,2,2
CES201606,241,13,fork,je kan een vork ombuigen en aan de muur schroeven om er vervolgens een hangplant aan te hangen,vork ombuigen muur schroeven vervolgens hangplant hangen,4,4
CES201606,311,14,fork,vuil onder je nagels vandaan halen,vuil onder nagels vandaan halen,2,5
CES201606,922.2,23,fork, waarschuwen,waarschuwen,2,3
CES201606,246,13,fork,wapen,wapen,2,4
CES201606,307,14,fork,als wapen gebruiken,wapen,2,4
CES201606,468,16,fork,wapen,wapen,2,4
CES201606,1074,25,fork,wapen,wapen,2,4
CES201606,1265,29,fork,wapen,wapen,2,4
CES201606,1450,37,fork,wapen,wapen,2,4
CES201606,1587,40,fork,wapen,wapen,2,4
CES201606,535,17,fork,weer recht buigen,weer recht buigen,2,4
CES201606,1389,35,fork,iets ermee weggooien,weggooien,3,4
CES201606,708,19,fork,om iets aan te wijzen,wijzen,2,4
CES201606,1668,43,fork,voor zansculptuur,zandsculptuur,3,5
CES201606,710,19,fork,als zilver voorwerp,zilver voorwerp,2,5
CES201606,2072.3,51,fork, zodat katten er niet willen komen,zodat katten niet willen komen,4,3
CES201606,1314,30,fork,zuignap,zuignap,4,1
