"","id","gpt3_id","temperature","aut_object","gpt3_response"
"1",1,"cmpl-4zrXKRorn55iQY1NXc3Vq3WKCLtyf",0.67,"book","doorstop"
"2",1,"cmpl-4zrXKRorn55iQY1NXc3Vq3WKCLtyf",0.67,"book","start a fire"
"3",1,"cmpl-4zrXKRorn55iQY1NXc3Vq3WKCLtyf",0.67,"book","prop up a table or chair leg"
"4",1,"cmpl-4zrXKRorn55iQY1NXc3Vq3WKCLtyf",0.67,"book","paperweight"
"5",1,"cmpl-4zrXKRorn55iQY1NXc3Vq3WKCLtyf",0.67,"book","make art such as by decoupaging it onto a canvas or"
"6",2,"cmpl-4zrXMnec5vnPs9Rno0qAGOwJ1vslr",0.67,"book","door stop"
"7",2,"cmpl-4zrXMnec5vnPs9Rno0qAGOwJ1vslr",0.67,"book","start a fire"
"8",2,"cmpl-4zrXMnec5vnPs9Rno0qAGOwJ1vslr",0.67,"book","prop up a table or chair leg"
"9",2,"cmpl-4zrXMnec5vnPs9Rno0qAGOwJ1vslr",0.67,"book","paperweight"
"10",2,"cmpl-4zrXMnec5vnPs9Rno0qAGOwJ1vslr",0.67,"book","make a collage or sculpture"
"11",2,"cmpl-4zrXMnec5vnPs9Rno0qAGOwJ1vslr",0.67,"book","can be"
"12",3,"cmpl-4zrXQbOmAJISuhk3fFIZO2SLmBq6x",0.67,"book","door stop"
"13",3,"cmpl-4zrXQbOmAJISuhk3fFIZO2SLmBq6x",0.67,"book","prop up a table or chair leg"
"14",3,"cmpl-4zrXQbOmAJISuhk3fFIZO2SLmBq6x",0.67,"book","paperweight"
"15",3,"cmpl-4zrXQbOmAJISuhk3fFIZO2SLmBq6x",0.67,"book","make a collage or scrapbook"
"16",3,"cmpl-4zrXQbOmAJISuhk3fFIZO2SLmBq6x",0.67,"book","cut up and used as confetti or streamers"
"17",4,"cmpl-4zrXTQbtU9GwZ4dGDpd5xEyBovRHV",0.68,"book","doorstop"
"18",4,"cmpl-4zrXTQbtU9GwZ4dGDpd5xEyBovRHV",0.68,"book","start a fire"
"19",4,"cmpl-4zrXTQbtU9GwZ4dGDpd5xEyBovRHV",0.68,"book","paperweight"
"20",4,"cmpl-4zrXTQbtU9GwZ4dGDpd5xEyBovRHV",0.68,"book","prop up a wobbly table leg"
"21",4,"cmpl-4zrXTQbtU9GwZ4dGDpd5xEyBovRHV",0.68,"book","coaster for drinks (to prevent water rings on furniture)"
"22",5,"cmpl-4zrXXun99WGqMfqFcnvX9fpzWmy05",0.68,"book","doorstop"
"23",5,"cmpl-4zrXXun99WGqMfqFcnvX9fpzWmy05",0.68,"book","hold open a window"
"24",5,"cmpl-4zrXXun99WGqMfqFcnvX9fpzWmy05",0.68,"book","coaster for a hot beverage"
"25",5,"cmpl-4zrXXun99WGqMfqFcnvX9fpzWmy05",0.68,"book","level a table or shelf"
"26",5,"cmpl-4zrXXun99WGqMfqFcnvX9fpzWmy05",0.68,"book","used as an improvised weapon in self-defense or attack"
"27",6,"cmpl-4zrXajQqVizh2rVJ8hn6PxNaA8Q24",0.68,"book","Make a book into a lampshade"
"28",6,"cmpl-4zrXajQqVizh2rVJ8hn6PxNaA8Q24",0.68,"book","Turn an old book into a secret compartment"
"29",6,"cmpl-4zrXajQqVizh2rVJ8hn6PxNaA8Q24",0.68,"book","Use books as coasters for your drinks"
"30",6,"cmpl-4zrXajQqVizh2rVJ8hn6PxNaA8Q24",0.68,"book","Build a fort out of old books"
"31",6,"cmpl-4zrXajQqVizh2rVJ8hn6PxNaA8Q24",0.68,"book","Donate books to your local library or hospital waiting room"
"32",6,"cmpl-4zrXajQqVizh2rVJ8hn6PxNaA8Q24",0.68,"book","Give a new twist to an old favorite by reading it in character voices"
"33",7,"cmpl-4zrXf5f89HctStj42UI8NCmMxujME",0.69,"book","doorstop"
"34",7,"cmpl-4zrXf5f89HctStj42UI8NCmMxujME",0.69,"book","start a fire"
"35",7,"cmpl-4zrXf5f89HctStj42UI8NCmMxujME",0.69,"book","paperweight"
"36",7,"cmpl-4zrXf5f89HctStj42UI8NCmMxujME",0.69,"book","prop up a wobbly table or chair"
"37",7,"cmpl-4zrXf5f89HctStj42UI8NCmMxujME",0.69,"book","weapon (for self-defense or attack)"
"38",8,"cmpl-4zrXkWn3QroeYera2G3vBEECCSUZR",0.69,"book","doorstop"
"39",8,"cmpl-4zrXkWn3QroeYera2G3vBEECCSUZR",0.69,"book","paperweight"
"40",8,"cmpl-4zrXkWn3QroeYera2G3vBEECCSUZR",0.69,"book","prop up a wobbly table leg"
"41",8,"cmpl-4zrXkWn3QroeYera2G3vBEECCSUZR",0.69,"book","make a small shelf or ledge"
"42",8,"cmpl-4zrXkWn3QroeYera2G3vBEECCSUZR",0.69,"book","hold open a window or door"
"43",9,"cmpl-4zrXnYW4L6EpsvEUL9J88oKsjzqy7",0.69,"book","doorstop"
"44",9,"cmpl-4zrXnYW4L6EpsvEUL9J88oKsjzqy7",0.69,"book","level a table or shelf"
"45",9,"cmpl-4zrXnYW4L6EpsvEUL9J88oKsjzqy7",0.69,"book","paperweight"
"46",9,"cmpl-4zrXnYW4L6EpsvEUL9J88oKsjzqy7",0.69,"book","make a impromptu stool or chair"
"47",9,"cmpl-4zrXnYW4L6EpsvEUL9J88oKsjzqy7",0.69,"book","used in place of a cutting board when slicing vegetables or meat"
"48",10,"cmpl-4zrXsIbRn4NTwafnBiFtZpy7tUdHA",0.7,"book","doorstop"
"49",10,"cmpl-4zrXsIbRn4NTwafnBiFtZpy7tUdHA",0.7,"book","keep a table level"
"50",10,"cmpl-4zrXsIbRn4NTwafnBiFtZpy7tUdHA",0.7,"book","make a paperweight"
"51",10,"cmpl-4zrXsIbRn4NTwafnBiFtZpy7tUdHA",0.7,"book","coaster for hot drinks"
"52",10,"cmpl-4zrXsIbRn4NTwafnBiFtZpy7tUdHA",0.7,"book","hold open a window or door"
"53",10,"cmpl-4zrXsIbRn4NTwafnBiFtZpy7tUdHA",0.7,"book","can be"
"54",11,"cmpl-4zrXwohDOcU3F1Hq56ynSVY02H2j0",0.7,"book","doorstop"
"55",11,"cmpl-4zrXwohDOcU3F1Hq56ynSVY02H2j0",0.7,"book","start a fire in an emergency situation"
"56",11,"cmpl-4zrXwohDOcU3F1Hq56ynSVY02H2j0",0.7,"book","coaster for your beverage"
"57",11,"cmpl-4zrXwohDOcU3F1Hq56ynSVY02H2j0",0.7,"book","level a table or surface"
"58",11,"cmpl-4zrXwohDOcU3F1Hq56ynSVY02H2j0",0.7,"book","used as decoration on a shelf or mantelpiece"
"59",12,"cmpl-4zrY03WpMeCA0AmJeADkzuTSPggZW",0.7,"book","doorstop"
"60",12,"cmpl-4zrY03WpMeCA0AmJeADkzuTSPggZW",0.7,"book","start a fire"
"61",12,"cmpl-4zrY03WpMeCA0AmJeADkzuTSPggZW",0.7,"book","prop up a table"
"62",12,"cmpl-4zrY03WpMeCA0AmJeADkzuTSPggZW",0.7,"book","paperweight"
"63",12,"cmpl-4zrY03WpMeCA0AmJeADkzuTSPggZW",0.7,"book","hold open a window"
"64",12,"cmpl-4zrY03WpMeCA0AmJeADkzuTSPggZW",0.7,"book","make a paper"
"65",13,"cmpl-4zrY43R3rQ3No2WeD92L3z2neSrOb",0.71,"book","doorstop"
"66",13,"cmpl-4zrY43R3rQ3No2WeD92L3z2neSrOb",0.71,"book","level a table or shelf"
"67",13,"cmpl-4zrY43R3rQ3No2WeD92L3z2neSrOb",0.71,"book","paperweight"
"68",13,"cmpl-4zrY43R3rQ3No2WeD92L3z2neSrOb",0.71,"book","make a collage or scrapbook"
"69",13,"cmpl-4zrY43R3rQ3No2WeD92L3z2neSrOb",0.71,"book","used as kindling for a fire"
"70",13,"cmpl-4zrY43R3rQ3No2WeD92L3z2neSrOb",0.71,"book","can"
"71",14,"cmpl-4zrY7biIuR673z5KZea1gP4gUMbXw",0.71,"book","doorstop"
"72",14,"cmpl-4zrY7biIuR673z5KZea1gP4gUMbXw",0.71,"book","level a table or other surface"
"73",14,"cmpl-4zrY7biIuR673z5KZea1gP4gUMbXw",0.71,"book","prop up a wobbly chair or couch"
"74",14,"cmpl-4zrY7biIuR673z5KZea1gP4gUMbXw",0.71,"book","paperweight"
"75",14,"cmpl-4zrY7biIuR673z5KZea1gP4gUMbXw",0.71,"book","door stop in an open doorway to help"
"76",15,"cmpl-4zrYCltQ18NBmTUndQEolfNeRJhmu",0.71,"book","doorstop"
"77",15,"cmpl-4zrYCltQ18NBmTUndQEolfNeRJhmu",0.71,"book","level a table or shelf"
"78",15,"cmpl-4zrYCltQ18NBmTUndQEolfNeRJhmu",0.71,"book","paperweight"
"79",15,"cmpl-4zrYCltQ18NBmTUndQEolfNeRJhmu",0.71,"book","keep papers from blowing away in the wind"
"80",15,"cmpl-4zrYCltQ18NBmTUndQEolfNeRJhmu",0.71,"book","make a small step stool"
"81",15,"cmpl-4zrYCltQ18NBmTUndQEolfNeRJhmu",0.71,"book","book"
"82",16,"cmpl-4zrYH49qGBQRZzNi4eQHpNxlQUABG",0.72,"book","doorstop"
"83",16,"cmpl-4zrYH49qGBQRZzNi4eQHpNxlQUABG",0.72,"book","prop up a wobbly table"
"84",16,"cmpl-4zrYH49qGBQRZzNi4eQHpNxlQUABG",0.72,"book","make a paper airplane"
"85",16,"cmpl-4zrYH49qGBQRZzNi4eQHpNxlQUABG",0.72,"book","used as kindling for a fire"
"86",16,"cmpl-4zrYH49qGBQRZzNi4eQHpNxlQUABG",0.72,"book","absorb spilled liquid"
"87",16,"cmpl-4zrYH49qGBQRZzNi4eQHpNxlQUABG",0.72,"book","collection of books"
"88",17,"cmpl-4zrYM3srgr0AI600HuaSfbe20ECSu",0.72,"book","door stop"
"89",17,"cmpl-4zrYM3srgr0AI600HuaSfbe20ECSu",0.72,"book","level a table"
"90",17,"cmpl-4zrYM3srgr0AI600HuaSfbe20ECSu",0.72,"book","prop up a wobbly chair"
"91",17,"cmpl-4zrYM3srgr0AI600HuaSfbe20ECSu",0.72,"book","paperweight"
"92",17,"cmpl-4zrYM3srgr0AI600HuaSfbe20ECSu",0.72,"book","make a small stool or side table"
"93",17,"cmpl-4zrYM3srgr0AI600HuaSfbe20ECSu",0.72,"book","cut in half and the"
"94",18,"cmpl-4zrYSw9ZuzkGoOZpvQWkzfHkJCPVP",0.72,"book","doorstop"
"95",18,"cmpl-4zrYSw9ZuzkGoOZpvQWkzfHkJCPVP",0.72,"book","level a table or chair"
"96",18,"cmpl-4zrYSw9ZuzkGoOZpvQWkzfHkJCPVP",0.72,"book","paperweight"
"97",18,"cmpl-4zrYSw9ZuzkGoOZpvQWkzfHkJCPVP",0.72,"book","prop open a window"
"98",18,"cmpl-4zrYSw9ZuzkGoOZpvQWkzfHkJCPVP",0.72,"book","coaster for a hot beverage"
"99",18,"cmpl-4zrYSw9ZuzkGoOZpvQWkzfHkJCPVP",0.72,"book","used"
"100",19,"cmpl-4zrYYESZQhEvKOpsl2Y3ne59QvPUs",0.73,"book","doorstop"
"101",19,"cmpl-4zrYYESZQhEvKOpsl2Y3ne59QvPUs",0.73,"book","level a table or chair"
"102",19,"cmpl-4zrYYESZQhEvKOpsl2Y3ne59QvPUs",0.73,"book","paperweight"
"103",19,"cmpl-4zrYYESZQhEvKOpsl2Y3ne59QvPUs",0.73,"book","prop up a wobbly leg on a piece of furniture"
"104",19,"cmpl-4zrYYESZQhEvKOpsl2Y3ne59QvPUs",0.73,"book","used as fuel for a fire"
"105",20,"cmpl-4zrYcXgHic5zBGK8skxbt7IwK8Ok2",0.73,"book","door stop"
"106",20,"cmpl-4zrYcXgHic5zBGK8skxbt7IwK8Ok2",0.73,"book","level a table or shelf"
"107",20,"cmpl-4zrYcXgHic5zBGK8skxbt7IwK8Ok2",0.73,"book","prop up a wobbly chair or table leg"
"108",20,"cmpl-4zrYcXgHic5zBGK8skxbt7IwK8Ok2",0.73,"book","paperweight"
"109",20,"cmpl-4zrYcXgHic5zBGK8skxbt7IwK8Ok2",0.73,"book","smash spiders or other bugs"
"110",21,"cmpl-4zrYhuBnwno40N3NzfKumie34U6k8",0.73,"book","doorstop"
"111",21,"cmpl-4zrYhuBnwno40N3NzfKumie34U6k8",0.73,"book","level a table or chair"
"112",21,"cmpl-4zrYhuBnwno40N3NzfKumie34U6k8",0.73,"book","paperweight"
"113",21,"cmpl-4zrYhuBnwno40N3NzfKumie34U6k8",0.73,"book","prop up a wobbly table leg"
"114",21,"cmpl-4zrYhuBnwno40N3NzfKumie34U6k8",0.73,"book","used as kindling for a fire"
"115",21,"cmpl-4zrYhuBnwno40N3NzfKumie34U6k8",0.73,"book","book"
"116",22,"cmpl-4zrYkCsqHkasbROCFVWUUjNxTKWA5",0.74,"book","Make a book into a lampshade"
"117",22,"cmpl-4zrYkCsqHkasbROCFVWUUjNxTKWA5",0.74,"book","clock by gluing numbers to the cover and attaching hands"
"118",22,"cmpl-4zrYkCsqHkasbROCFVWUUjNxTKWA5",0.74,"book","Create a sculpture or collage by decoupaging old book pages onto an object"
"119",22,"cmpl-4zrYkCsqHkasbROCFVWUUjNxTKWA5",0.74,"book","Make coasters out ofbook pages sealed with mod podge."
"120",22,"cmpl-4zrYkCsqHkasbROCFVWUUjNxTKWA5",0.74,"book","Fold the pages of an old book"
"121",23,"cmpl-4zrYpCuQ5hsc5BzfI4p1eiCINiTKw",0.74,"book","doorstop"
"122",23,"cmpl-4zrYpCuQ5hsc5BzfI4p1eiCINiTKw",0.74,"book","level a table or shelf"
"123",23,"cmpl-4zrYpCuQ5hsc5BzfI4p1eiCINiTKw",0.74,"book","paperweight"
"124",23,"cmpl-4zrYpCuQ5hsc5BzfI4p1eiCINiTKw",0.74,"book","make a collage or sculpture"
"125",23,"cmpl-4zrYpCuQ5hsc5BzfI4p1eiCINiTKw",0.74,"book","used as fuel for a fire"
"126",23,"cmpl-4zrYpCuQ5hsc5BzfI4p1eiCINiTKw",0.74,"book","used"
"127",24,"cmpl-4zrYsthVkMmBWLB5euet6UOY3DuCE",0.74,"book","door stop"
"128",24,"cmpl-4zrYsthVkMmBWLB5euet6UOY3DuCE",0.74,"book","balance a wobbly table"
"129",24,"cmpl-4zrYsthVkMmBWLB5euet6UOY3DuCE",0.74,"book","paperweight"
"130",24,"cmpl-4zrYsthVkMmBWLB5euet6UOY3DuCE",0.74,"book","prop up a wonky picture frame"
"131",24,"cmpl-4zrYsthVkMmBWLB5euet6UOY3DuCE",0.74,"book","make a small stool more comfortable"
"132",24,"cmpl-4zrYsthVkMmBWLB5euet6UOY3DuCE",0.74,"book","A"
"133",25,"cmpl-4zrYvKNbYe9QLba3L9kPiyeRSNAdt",0.75,"book","doorstop"
"134",25,"cmpl-4zrYvKNbYe9QLba3L9kPiyeRSNAdt",0.75,"book","prop up a wobbly table"
"135",25,"cmpl-4zrYvKNbYe9QLba3L9kPiyeRSNAdt",0.75,"book","coaster for your cold beverage"
"136",25,"cmpl-4zrYvKNbYe9QLba3L9kPiyeRSNAdt",0.75,"book","hold open a window"
"137",25,"cmpl-4zrYvKNbYe9QLba3L9kPiyeRSNAdt",0.75,"book","can serve as a paperweight on your desk"
"138",25,"cmpl-4zrYvKNbYe9QLba3L9kPiyeRSNAdt",0.75,"book","You"
"139",26,"cmpl-4zrYzrBuvP3imgFgz5iKgDWoCMvF2",0.75,"book","Make a book into a clock by attaching clock hands to the cover"
"140",26,"cmpl-4zrYzrBuvP3imgFgz5iKgDWoCMvF2",0.75,"book","secret hiding place by cutting out a square hole in the center of the pages"
"141",26,"cmpl-4zrYzrBuvP3imgFgz5iKgDWoCMvF2",0.75,"book","Use an old book as decoration by stacking it on top of other books or placing it in an empty frame"
"142",26,"cmpl-4zrYzrBuvP3imgFgz5iKgDWoCMvF2",0.75,"book","Repurpose a hardcover book into a photo"
"143",27,"cmpl-4zrZ42wRutcDFNibsKTG97iSLThCM",0.75,"book","doorstop"
"144",27,"cmpl-4zrZ42wRutcDFNibsKTG97iSLThCM",0.75,"book","level a table"
"145",27,"cmpl-4zrZ42wRutcDFNibsKTG97iSLThCM",0.75,"book","prop up a wobbly chair"
"146",27,"cmpl-4zrZ42wRutcDFNibsKTG97iSLThCM",0.75,"book","paperweight"
"147",27,"cmpl-4zrZ42wRutcDFNibsKTG97iSLThCM",0.75,"book","make a papier-mâché mask or sculpture"
"148",28,"cmpl-4zrZ6iqXWuJnn7X7Ou7Up61L217rn",0.76,"book","doorstop"
"149",28,"cmpl-4zrZ6iqXWuJnn7X7Ou7Up61L217rn",0.76,"book","start a fire"
"150",28,"cmpl-4zrZ6iqXWuJnn7X7Ou7Up61L217rn",0.76,"book","coaster for your drink"
"151",28,"cmpl-4zrZ6iqXWuJnn7X7Ou7Up61L217rn",0.76,"book","prop up a table or shelf"
"152",28,"cmpl-4zrZ6iqXWuJnn7X7Ou7Up61L217rn",0.76,"book","cut up and made into paper airplanes or origami shapes"
"153",29,"cmpl-4zrZAUmJ0wliAvLrrK2j6rzVmvpKC",0.76,"book","doorstop"
"154",29,"cmpl-4zrZAUmJ0wliAvLrrK2j6rzVmvpKC",0.76,"book","level a table or piece of furniture"
"155",29,"cmpl-4zrZAUmJ0wliAvLrrK2j6rzVmvpKC",0.76,"book","paperweight"
"156",29,"cmpl-4zrZAUmJ0wliAvLrrK2j6rzVmvpKC",0.76,"book","decorate a room or shelf"
"157",29,"cmpl-4zrZAUmJ0wliAvLrrK2j6rzVmvpKC",0.76,"book","used as part of a centerpieces for a party or event"
"158",30,"cmpl-4zrZF2zTP1YbQKy7UTpONmDqWXo46",0.76,"book","doorstop"
"159",30,"cmpl-4zrZF2zTP1YbQKy7UTpONmDqWXo46",0.76,"book","level a table or other surface"
"160",30,"cmpl-4zrZF2zTP1YbQKy7UTpONmDqWXo46",0.76,"book","prop open a window"
"161",30,"cmpl-4zrZF2zTP1YbQKy7UTpONmDqWXo46",0.76,"book","coaster for a hot beverage"
"162",30,"cmpl-4zrZF2zTP1YbQKy7UTpONmDqWXo46",0.76,"book","weight to hold down papers or other materials"
"163",31,"cmpl-4zrZJMEPvTCpbwtqgGBNie7DjeQCO",0.67,"fork","Use it as a back scratcher"
"164",31,"cmpl-4zrZJMEPvTCpbwtqgGBNie7DjeQCO",0.67,"fork","Use it to pick up small items like coins or beads"
"165",31,"cmpl-4zrZJMEPvTCpbwtqgGBNie7DjeQCO",0.67,"fork","Use it as a hairpin or hair tie"
"166",31,"cmpl-4zrZJMEPvTCpbwtqgGBNie7DjeQCO",0.67,"fork","Turn it into a miniature shovel for potted plants"
"167",31,"cmpl-4zrZJMEPvTCpbwtqgGBNie7DjeQCO",0.67,"fork","Stick it in the ground to mark your spot in a park"
"168",32,"cmpl-4zrZNd7OIfqxjARAb99vs1sxpMxRI",0.67,"fork","back scratcher"
"169",32,"cmpl-4zrZNd7OIfqxjARAb99vs1sxpMxRI",0.67,"fork","pick up small items like rice or beans"
"170",32,"cmpl-4zrZNd7OIfqxjARAb99vs1sxpMxRI",0.67,"fork","apply makeup such as lip gloss or mascara"
"171",32,"cmpl-4zrZNd7OIfqxjARAb99vs1sxpMxRI",0.67,"fork","clean dirt and grime out of small crevices and corners"
"172",32,"cmpl-4zrZNd7OIfqxjARAb99vs1sxpMxRI",0.67,"fork","fork"
"173",33,"cmpl-4zrZSDPDs3Az2uXgUA9QLBOn42eMw",0.67,"fork","eat food"
"174",33,"cmpl-4zrZSDPDs3Az2uXgUA9QLBOn42eMw",0.67,"fork","hold food while cutting it with a knife"
"175",33,"cmpl-4zrZSDPDs3Az2uXgUA9QLBOn42eMw",0.67,"fork","spear food"
"176",33,"cmpl-4zrZSDPDs3Az2uXgUA9QLBOn42eMw",0.67,"fork","pick up food that has fallen on the floor"
"177",33,"cmpl-4zrZSDPDs3Az2uXgUA9QLBOn42eMw",0.67,"fork","back scratcher"
"178",33,"cmpl-4zrZSDPDs3Az2uXgUA9QLBOn42eMw",0.67,"fork","A"
"179",34,"cmpl-4zrZWebxU7t3KID75VgorICiQ98tS",0.68,"fork","back scratcher"
"180",34,"cmpl-4zrZWebxU7t3KID75VgorICiQ98tS",0.68,"fork","comb your hair"
"181",34,"cmpl-4zrZWebxU7t3KID75VgorICiQ98tS",0.68,"fork","toothpick"
"182",34,"cmpl-4zrZWebxU7t3KID75VgorICiQ98tS",0.68,"fork","scrape dirt off your shoes"
"183",34,"cmpl-4zrZWebxU7t3KID75VgorICiQ98tS",0.68,"fork","pick up small objects like paperclips or beads"
"184",34,"cmpl-4zrZWebxU7t3KID75VgorICiQ98tS",0.68,"fork","fork"
"185",35,"cmpl-4zrZY4nYblpqmzHy9W3YWvhChz4N6",0.68,"fork","toothpick"
"186",35,"cmpl-4zrZY4nYblpqmzHy9W3YWvhChz4N6",0.68,"fork","make small holes in fabric so that you can thread ribbon or string through it to create decorations"
"187",35,"cmpl-4zrZY4nYblpqmzHy9W3YWvhChz4N6",0.68,"fork","makeshift chopsticks when eating rice or noodles"
"188",35,"cmpl-4zrZY4nYblpqmzHy9W3YWvhChz4N6",0.68,"fork","play the steel pan drums"
"189",35,"cmpl-4zrZY4nYblpqmzHy9W3YWvhChz4N6",0.68,"fork","A"
"190",36,"cmpl-4zrZdUvDG0St0SuFktOwf4gs47zNp",0.68,"fork","hairpin"
"191",36,"cmpl-4zrZdUvDG0St0SuFktOwf4gs47zNp",0.68,"fork","toothpick"
"192",36,"cmpl-4zrZdUvDG0St0SuFktOwf4gs47zNp",0.68,"fork","remove splinters"
"193",36,"cmpl-4zrZdUvDG0St0SuFktOwf4gs47zNp",0.68,"fork","clean under your fingernails"
"194",36,"cmpl-4zrZdUvDG0St0SuFktOwf4gs47zNp",0.68,"fork","can double as a chopstick holder."
"195",36,"cmpl-4zrZdUvDG0St0SuFktOwf4gs47zNp",0.68,"fork","Use the tines of a fork"
"196",37,"cmpl-4zrZhgIyBhnNWABiT0OfdrsodCcvI",0.69,"fork","Use a fork to eat soup without making a mess"
"197",37,"cmpl-4zrZhgIyBhnNWABiT0OfdrsodCcvI",0.69,"fork","Use a fork to eat spaghetti without making a mess"
"198",37,"cmpl-4zrZhgIyBhnNWABiT0OfdrsodCcvI",0.69,"fork","Use a fork to eat salad without making a mess"
"199",37,"cmpl-4zrZhgIyBhnNWABiT0OfdrsodCcvI",0.69,"fork","Use a fork as a makeshift spoon if you don't have one handy"
"200",37,"cmpl-4zrZhgIyBhnNWABiT0OfdrsodCcvI",0.69,"fork","use two forks stuck together tine-side out to make impromptu chopsticks"
"201",38,"cmpl-4zrZjikiz5Bp8OUolwkQmV6EoHVfC",0.69,"fork","Eat like a king or queen with your very own fork!"
"202",38,"cmpl-4zrZjikiz5Bp8OUolwkQmV6EoHVfC",0.69,"fork","Use it as a bookmark!"
"203",38,"cmpl-4zrZjikiz5Bp8OUolwkQmV6EoHVfC",0.69,"fork","Give your pet cat or dog a bath with the help of your trusty fork"
"204",38,"cmpl-4zrZjikiz5Bp8OUolwkQmV6EoHVfC",0.69,"fork","Get rid of pesky bugs in your home by shooing them away with a fork"
"205",38,"cmpl-4zrZjikiz5Bp8OUolwkQmV6EoHVfC",0.69,"fork","Cook up a storm in the kitchen with some assistance from"
"206",39,"cmpl-4zrZn3pRQCA9tRNajvLHknkm5sC1K",0.69,"fork","Using a fork to eat spaghetti instead of a spoon"
"207",39,"cmpl-4zrZn3pRQCA9tRNajvLHknkm5sC1K",0.69,"fork","Using a fork to apply makeup instead of a brush"
"208",39,"cmpl-4zrZn3pRQCA9tRNajvLHknkm5sC1K",0.69,"fork","Using a fork as a backscratcher"
"209",39,"cmpl-4zrZn3pRQCA9tRNajvLHknkm5sC1K",0.69,"fork","Using a fork to play the violin"
"210",39,"cmpl-4zrZn3pRQCA9tRNajvLHknkm5sC1K",0.69,"fork","Using a fork to open bottles or cans"
"211",39,"cmpl-4zrZn3pRQCA9tRNajvLHknkm5sC1K",0.69,"fork","Using forks as chopsticks"
"212",39,"cmpl-4zrZn3pRQCA9tRNajvLHknkm5sC1K",0.69,"fork","Creating art with"
"213",40,"cmpl-4zrZqhtBWfKrFwRr3cP7sCW8d8PYm",0.7,"fork","back scratcher"
"214",40,"cmpl-4zrZqhtBWfKrFwRr3cP7sCW8d8PYm",0.7,"fork","play the xylophone"
"215",40,"cmpl-4zrZqhtBWfKrFwRr3cP7sCW8d8PYm",0.7,"fork","toothpick"
"216",40,"cmpl-4zrZqhtBWfKrFwRr3cP7sCW8d8PYm",0.7,"fork","If you put a rubber band around the tines of a fork it becomes a mini-trampoline for ants or other small insects"
"217",40,"cmpl-4zrZqhtBWfKrFwRr3cP7sCW8d8PYm",0.7,"fork","plastic"
"218",41,"cmpl-4zrZvmychPlDCIbEldT5F8zqS2hVa",0.7,"fork","back scratcher"
"219",41,"cmpl-4zrZvmychPlDCIbEldT5F8zqS2hVa",0.7,"fork","pick up food that is out of reach"
"220",41,"cmpl-4zrZvmychPlDCIbEldT5F8zqS2hVa",0.7,"fork","comb your hair"
"221",41,"cmpl-4zrZvmychPlDCIbEldT5F8zqS2hVa",0.7,"fork","apply makeup"
"222",41,"cmpl-4zrZvmychPlDCIbEldT5F8zqS2hVa",0.7,"fork","toothpick"
"223",41,"cmpl-4zrZvmychPlDCIbEldT5F8zqS2hVa",0.7,"fork","used to"
"224",42,"cmpl-4zra0z5F57t7Ygw0bm05szm3Hl5yd",0.7,"fork","Use a fork to eat food off of a plate"
"225",42,"cmpl-4zra0z5F57t7Ygw0bm05szm3Hl5yd",0.7,"fork","Stick a fork in a electrical outlet to see if it is still working"
"226",42,"cmpl-4zra0z5F57t7Ygw0bm05szm3Hl5yd",0.7,"fork","Use a fork as a back scratcher"
"227",42,"cmpl-4zra0z5F57t7Ygw0bm05szm3Hl5yd",0.7,"fork","Hold a fork up to the light to see if it is bent"
"228",42,"cmpl-4zra0z5F57t7Ygw0bm05szm3Hl5yd",0.7,"fork","Try to balance a fork on its end"
"229",42,"cmpl-4zra0z5F57t7Ygw0bm05szm3Hl5yd",0.7,"fork","See how far you can"
"230",43,"cmpl-4zra4atJ3XarPjkJspnVq87V10M79",0.71,"fork","Use a fork to play the xylophone"
"231",43,"cmpl-4zra4atJ3XarPjkJspnVq87V10M79",0.71,"fork","Use a fork as a back scratcher"
"232",43,"cmpl-4zra4atJ3XarPjkJspnVq87V10M79",0.71,"fork","Use a fork to measure ingredients when cooking"
"233",43,"cmpl-4zra4atJ3XarPjkJspnVq87V10M79",0.71,"fork","Use a fork as a toothpick"
"234",43,"cmpl-4zra4atJ3XarPjkJspnVq87V10M79",0.71,"fork","Curl your hair with a fork"
"235",43,"cmpl-4zra4atJ3XarPjkJspnVq87V10M79",0.71,"fork","Make music with forks and spoons by banging them together or on surfaces like tables and"
"236",44,"cmpl-4zra7PJ3V7WlDovz4p2SWxDhYNZL4",0.71,"fork","Use a fork to curl your hair"
"237",44,"cmpl-4zra7PJ3V7WlDovz4p2SWxDhYNZL4",0.71,"fork","Use a fork to apply makeup"
"238",44,"cmpl-4zra7PJ3V7WlDovz4p2SWxDhYNZL4",0.71,"fork","Use a fork to eat ice cream"
"239",44,"cmpl-4zra7PJ3V7WlDovz4p2SWxDhYNZL4",0.71,"fork","Use a fork to clean your teeth"
"240",44,"cmpl-4zra7PJ3V7WlDovz4p2SWxDhYNZL4",0.71,"fork","Use a fork to brush your hair"
"241",44,"cmpl-4zra7PJ3V7WlDovz4p2SWxDhYNZL4",0.71,"fork","Use a fork to pick up food that's fallen on the floor"
"242",44,"cmpl-4zra7PJ3V7WlDovz4p2SWxDhYNZL4",0.71,"fork","Use a fork to open"
"243",45,"cmpl-4zraCg6Ph8xSbK0yjXAdPnidD11ay",0.71,"fork","Use a fork to eat a cupcake without getting your hands messy"
"244",45,"cmpl-4zraCg6Ph8xSbK0yjXAdPnidD11ay",0.71,"fork","Stick a fork in an electrical outlet to see if it's still working"
"245",45,"cmpl-4zraCg6Ph8xSbK0yjXAdPnidD11ay",0.71,"fork","Use a fork to comb your hair"
"246",45,"cmpl-4zraCg6Ph8xSbK0yjXAdPnidD11ay",0.71,"fork","Use a fork as a toothpick"
"247",45,"cmpl-4zraCg6Ph8xSbK0yjXAdPnidD11ay",0.71,"fork","Stick a fork in the ground to mark your spot in line"
"248",45,"cmpl-4zraCg6Ph8xSbK0yjXAdPnidD11ay",0.71,"fork","Use a fork"
"249",46,"cmpl-4zraGctlemkCLq7TdhINVy0S5X0JP",0.72,"fork","Fork art: Create fun designs and shapes using a fork as your paintbrush!"
"250",46,"cmpl-4zraGctlemkCLq7TdhINVy0S5X0JP",0.72,"fork","Use a fork to curl your hair – no curlers necessary!"
"251",46,"cmpl-4zraGctlemkCLq7TdhINVy0S5X0JP",0.72,"fork","Make music with your fork: tap it against different surfaces to create unique sounds"
"252",46,"cmpl-4zraGctlemkCLq7TdhINVy0S5X0JP",0.72,"fork","Keep your drink cold by freezing a few forks and adding them to your glass"
"253",46,"cmpl-4zraGctlemkCLq7TdhINVy0S5X0JP",0.72,"fork","Get rid of"
"254",47,"cmpl-4zraM64Ja1WKyyzHnRS2C1x6wvtM1",0.72,"fork","Use a fork to eat soup instead of a spoon"
"255",47,"cmpl-4zraM64Ja1WKyyzHnRS2C1x6wvtM1",0.72,"fork","Use a fork to apply makeup instead of a brush"
"256",47,"cmpl-4zraM64Ja1WKyyzHnRS2C1x6wvtM1",0.72,"fork","Use a fork as a toothpick"
"257",47,"cmpl-4zraM64Ja1WKyyzHnRS2C1x6wvtM1",0.72,"fork","Use a fork to scratch an itch you can't reach"
"258",47,"cmpl-4zraM64Ja1WKyyzHnRS2C1x6wvtM1",0.72,"fork","Use a fork to play the piano (if the keys are big enough!)"
"259",47,"cmpl-4zraM64Ja1WKyyzHnRS2C1x6wvtM1",0.72,"fork","Use a fork in"
"260",48,"cmpl-4zraQmDGIEyFg7seTG2WjAuWnieHS",0.72,"fork","Eat cereal with a fork instead of a spoon"
"261",48,"cmpl-4zraQmDGIEyFg7seTG2WjAuWnieHS",0.72,"fork","Use a fork to play fetch with your dog"
"262",48,"cmpl-4zraQmDGIEyFg7seTG2WjAuWnieHS",0.72,"fork","Use a fork as a bookmark in your favorite book"
"263",48,"cmpl-4zraQmDGIEyFg7seTG2WjAuWnieHS",0.72,"fork","Keep track of your keys by hanging them on a fork"
"264",48,"cmpl-4zraQmDGIEyFg7seTG2WjAuWnieHS",0.72,"fork","Use a fork to open up tightly sealed jars"
"265",48,"cmpl-4zraQmDGIEyFg7seTG2WjAuWnieHS",0.72,"fork","Sift flour by using a fork instead"
"266",49,"cmpl-4zraUifPUfrYanvkLcAzlKBfY459v",0.73,"fork","Use a fork to eat soup instead of a spoon"
"267",49,"cmpl-4zraUifPUfrYanvkLcAzlKBfY459v",0.73,"fork","Use a fork to play the piano"
"268",49,"cmpl-4zraUifPUfrYanvkLcAzlKBfY459v",0.73,"fork","Use a fork to brush your teeth"
"269",49,"cmpl-4zraUifPUfrYanvkLcAzlKBfY459v",0.73,"fork","Use a fork to comb your hair"
"270",49,"cmpl-4zraUifPUfrYanvkLcAzlKBfY459v",0.73,"fork","Use a fork as a bookmark in your book"
"271",49,"cmpl-4zraUifPUfrYanvkLcAzlKBfY459v",0.73,"fork","Stick forks in the ground to make a garden fence or trellis for climbing"
"272",50,"cmpl-4zraZpLyhHci56f4QhgT4B7SmCvrt",0.73,"fork","Use a fork to curl your hair"
"273",50,"cmpl-4zraZpLyhHci56f4QhgT4B7SmCvrt",0.73,"fork","Use a fork to eat soup without getting your hands dirty."
"274",50,"cmpl-4zraZpLyhHci56f4QhgT4B7SmCvrt",0.73,"fork","Stick a fork in an electrical outlet to see if it’s still working."
"275",50,"cmpl-4zraZpLyhHci56f4QhgT4B7SmCvrt",0.73,"fork","Hold a fork by the tines and use the handle to hammer in nails"
"276",50,"cmpl-4zraZpLyhHci56f4QhgT4B7SmCvrt",0.73,"fork","Place a fork in between the door and door"
"277",51,"cmpl-4zrad3UgMywrIHWm2sISmtf8VYQgP",0.73,"fork","eat food"
"278",51,"cmpl-4zrad3UgMywrIHWm2sISmtf8VYQgP",0.73,"fork","utensil to cook food"
"279",51,"cmpl-4zrad3UgMywrIHWm2sISmtf8VYQgP",0.73,"fork","serve food"
"280",51,"cmpl-4zrad3UgMywrIHWm2sISmtf8VYQgP",0.73,"fork","tool to eat difficult foods such as lobster or steak"
"281",51,"cmpl-4zrad3UgMywrIHWm2sISmtf8VYQgP",0.73,"fork","play musical instruments such as the violin or"
"282",52,"cmpl-4zrahdwzmeu6wqCXH9mwDInKMIiDX",0.74,"fork","Eating soup"
"283",52,"cmpl-4zrahdwzmeu6wqCXH9mwDInKMIiDX",0.74,"fork","Holding up a table"
"284",52,"cmpl-4zrahdwzmeu6wqCXH9mwDInKMIiDX",0.74,"fork","Using as a hairbrush"
"285",52,"cmpl-4zrahdwzmeu6wqCXH9mwDInKMIiDX",0.74,"fork","Wearing as a necklace"
"286",52,"cmpl-4zrahdwzmeu6wqCXH9mwDInKMIiDX",0.74,"fork","Building a fort"
"287",52,"cmpl-4zrahdwzmeu6wqCXH9mwDInKMIiDX",0.74,"fork","Pretending to be a telephone"
"288",52,"cmpl-4zrahdwzmeu6wqCXH9mwDInKMIiDX",0.74,"fork","Using as chopsticks"
"289",52,"cmpl-4zrahdwzmeu6wqCXH9mwDInKMIiDX",0.74,"fork","Making music with it"
"290",52,"cmpl-4zrahdwzmeu6wqCXH9mwDInKMIiDX",0.74,"fork","Digging in the sand"
"291",53,"cmpl-4zrakJLlAzMdyKNNYUGLwDUYw1gGV",0.74,"fork","hairpin"
"292",53,"cmpl-4zrakJLlAzMdyKNNYUGLwDUYw1gGV",0.74,"fork","eat soup"
"293",53,"cmpl-4zrakJLlAzMdyKNNYUGLwDUYw1gGV",0.74,"fork","back scratcher"
"294",53,"cmpl-4zrakJLlAzMdyKNNYUGLwDUYw1gGV",0.74,"fork","pick up food that has fallen on the floor"
"295",53,"cmpl-4zrakJLlAzMdyKNNYUGLwDUYw1gGV",0.74,"fork","play the piano"
"296",53,"cmpl-4zrakJLlAzMdyKNNYUGLwDUYw1gGV",0.74,"fork","used"
"297",54,"cmpl-4zraqw62ODEyAK2awfLKbL89Lp8B3",0.74,"fork","Use a fork to eat soup"
"298",54,"cmpl-4zraqw62ODEyAK2awfLKbL89Lp8B3",0.74,"fork","Stick a fork in a piece of fruit to eat it"
"299",54,"cmpl-4zraqw62ODEyAK2awfLKbL89Lp8B3",0.74,"fork","Use a fork as a spoon when eating cereal or yogurt"
"300",54,"cmpl-4zraqw62ODEyAK2awfLKbL89Lp8B3",0.74,"fork","Hold a fork like chopsticks to eat rice or noodles"
"301",54,"cmpl-4zraqw62ODEyAK2awfLKbL89Lp8B3",0.74,"fork","Stick a fork in your hair to hold it back while you're cooking"
"302",54,"cmpl-4zraqw62ODEyAK2awfLKbL89Lp8B3",0.74,"fork","Use a fork"
"303",55,"cmpl-4zratgs7BTfghucjtwvLdg3h5Ktcj",0.75,"fork","Use a fork to comb your hair"
"304",55,"cmpl-4zratgs7BTfghucjtwvLdg3h5Ktcj",0.75,"fork","Use a fork to apply makeup"
"305",55,"cmpl-4zratgs7BTfghucjtwvLdg3h5Ktcj",0.75,"fork","Use a fork as a toothpick"
"306",55,"cmpl-4zratgs7BTfghucjtwvLdg3h5Ktcj",0.75,"fork","Stick a fork in an electrical outlet to see if it's still working"
"307",55,"cmpl-4zratgs7BTfghucjtwvLdg3h5Ktcj",0.75,"fork","Hold a fork by the tines and use the handle as a drumstick"
"308",55,"cmpl-4zratgs7BTfghucjtwvLdg3h5Ktcj",0.75,"fork","Place a fork in front of a"
"309",56,"cmpl-4zrawJ9oDldEBthK2vgZupbmFMm4H",0.75,"fork","Use a fork to fluff up your hair for a quick and easy hairstyle"
"310",56,"cmpl-4zrawJ9oDldEBthK2vgZupbmFMm4H",0.75,"fork","Stick a fork in an electrical outlet to see if it's still working"
"311",56,"cmpl-4zrawJ9oDldEBthK2vgZupbmFMm4H",0.75,"fork","Use a fork as a bookmark in your favorite book"
"312",56,"cmpl-4zrawJ9oDldEBthK2vgZupbmFMm4H",0.75,"fork","Straighten out a bent fork with another fork"
"313",56,"cmpl-4zrawJ9oDldEBthK2vgZupbmFMm4H",0.75,"fork","Curl your lashes with a cleanfork tine for"
"314",57,"cmpl-4zrb0QXXrFMPbzffB0TG92HVogg3y",0.75,"fork","back scratcher"
"315",57,"cmpl-4zrb0QXXrFMPbzffB0TG92HVogg3y",0.75,"fork","toothpick"
"316",57,"cmpl-4zrb0QXXrFMPbzffB0TG92HVogg3y",0.75,"fork","remove splinters"
"317",57,"cmpl-4zrb0QXXrFMPbzffB0TG92HVogg3y",0.75,"fork","apply makeup"
"318",57,"cmpl-4zrb0QXXrFMPbzffB0TG92HVogg3y",0.75,"fork","comb your hair"
"319",57,"cmpl-4zrb0QXXrFMPbzffB0TG92HVogg3y",0.75,"fork","open bottles and cans"
"320",58,"cmpl-4zrb4pbZjJzgQf6xbhicfC27UEn7l",0.76,"fork","Drive nails into wood"
"321",58,"cmpl-4zrb4pbZjJzgQf6xbhicfC27UEn7l",0.76,"fork","Pick up food from a plate"
"322",58,"cmpl-4zrb4pbZjJzgQf6xbhicfC27UEn7l",0.76,"fork","Hold hair in place while braiding"
"323",58,"cmpl-4zrb4pbZjJzgQf6xbhicfC27UEn7l",0.76,"fork","Eat soup without making a mess"
"324",58,"cmpl-4zrb4pbZjJzgQf6xbhicfC27UEn7l",0.76,"fork","Dig in the dirt"
"325",58,"cmpl-4zrb4pbZjJzgQf6xbhicfC27UEn7l",0.76,"fork","Measure ingredients"
"326",58,"cmpl-4zrb4pbZjJzgQf6xbhicfC27UEn7l",0.76,"fork","Play the piano"
"327",58,"cmpl-4zrb4pbZjJzgQf6xbhicfC27UEn7l",0.76,"fork","Make a snow angel"
"328",58,"cmpl-4zrb4pbZjJzgQf6xbhicfC27UEn7l",0.76,"fork","Comb your hair"
"329",59,"cmpl-4zrb7jeIL1TFrfKlWLLLftejtTyZb",0.76,"fork","used as impromptu toothpicks. Simply insert the tines of the fork into your teeth and give them a good cleaning"
"330",59,"cmpl-4zrb7jeIL1TFrfKlWLLLftejtTyZb",0.76,"fork","If you're ever in a pinch and need to open a bottle of wine use a fork! Stick the fork into the cork and twist it until the cork pops out"
"331",59,"cmpl-4zrb7jeIL1TFrfKlWLLLftejtTyZb",0.76,"fork","Use a fork"
"332",60,"cmpl-4zrbDITGHAQhN1jsdlVUwpqxbMxvL",0.76,"fork","eat food"
"333",60,"cmpl-4zrbDITGHAQhN1jsdlVUwpqxbMxvL",0.76,"fork","pick up food that has fallen on the ground"
"334",60,"cmpl-4zrbDITGHAQhN1jsdlVUwpqxbMxvL",0.76,"fork","help cut food into smaller pieces"
"335",60,"cmpl-4zrbDITGHAQhN1jsdlVUwpqxbMxvL",0.76,"fork","shovel to scoop up food onto your plate"
"336",60,"cmpl-4zrbDITGHAQhN1jsdlVUwpqxbMxvL",0.76,"fork","projectile in a"
"337",61,"cmpl-4zrbJ1ywGvexOFDxf6gmBhbuPPecR",0.67,"tin can","Tin Can Telephone: This is a classic use for a tin can and one that has been around for generations. All you need are two tin cans some string and something to punch holes in the bottom of the cans (a nail or a sharp object). Once you have your materials simply tie the string between the two cans making sure that the string is tight"
"338",62,"cmpl-4zrbN3psnyAw89kktoFkUMgimFZjc",0.67,"tin can","could be used as a vase for flowers"
"339",62,"cmpl-4zrbN3psnyAw89kktoFkUMgimFZjc",0.67,"tin can","a pen holder on a desk"
"340",62,"cmpl-4zrbN3psnyAw89kktoFkUMgimFZjc",0.67,"tin can","could be used to store loose change"
"341",62,"cmpl-4zrbN3psnyAw89kktoFkUMgimFZjc",0.67,"tin can","hold toothpicks on a countertop"
"342",62,"cmpl-4zrbN3psnyAw89kktoFkUMgimFZjc",0.67,"tin can","might be used as a planter for small plants or"
"343",63,"cmpl-4zrbRsbIaGxBqfOccYpoUD0CMO0xl",0.67,"tin can","telephone"
"344",63,"cmpl-4zrbRsbIaGxBqfOccYpoUD0CMO0xl",0.67,"tin can","candle holder"
"345",63,"cmpl-4zrbRsbIaGxBqfOccYpoUD0CMO0xl",0.67,"tin can","pen/pencil holder"
"346",63,"cmpl-4zrbRsbIaGxBqfOccYpoUD0CMO0xl",0.67,"tin can","vase"
"347",63,"cmpl-4zrbRsbIaGxBqfOccYpoUD0CMO0xl",0.67,"tin can","bird feeder"
"348",63,"cmpl-4zrbRsbIaGxBqfOccYpoUD0CMO0xl",0.67,"tin can","planter"
"349",63,"cmpl-4zrbRsbIaGxBqfOccYpoUD0CMO0xl",0.67,"tin can","wind chime"
"350",63,"cmpl-4zrbRsbIaGxBqfOccYpoUD0CMO0xl",0.67,"tin can","homemade musical instrument"
"351",63,"cmpl-4zrbRsbIaGxBqfOccYpoUD0CMO0xl",0.67,"tin can","storage container"
"352",64,"cmpl-4zrbTqtxt7KQ7CDXrryUu5jgWJ69a",0.68,"tin can","vase"
"353",64,"cmpl-4zrbTqtxt7KQ7CDXrryUu5jgWJ69a",0.68,"tin can","planter"
"354",64,"cmpl-4zrbTqtxt7KQ7CDXrryUu5jgWJ69a",0.68,"tin can","hold pens and pencils"
"355",64,"cmpl-4zrbTqtxt7KQ7CDXrryUu5jgWJ69a",0.68,"tin can","coin bank"
"356",64,"cmpl-4zrbTqtxt7KQ7CDXrryUu5jgWJ69a",0.68,"tin can","candle holder"
"357",64,"cmpl-4zrbTqtxt7KQ7CDXrryUu5jgWJ69a",0.68,"tin can","tin cancan"
"358",65,"cmpl-4zrbYEeeRyYskiBlOLBZdW7zFQkf8",0.68,"tin can","vase for flowers"
"359",65,"cmpl-4zrbYEeeRyYskiBlOLBZdW7zFQkf8",0.68,"tin can","It can be used as a candle holder"
"360",65,"cmpl-4zrbYEeeRyYskiBlOLBZdW7zFQkf8",0.68,"tin can","store small items such as buttons beads and other craft supplies"
"361",65,"cmpl-4zrbYEeeRyYskiBlOLBZdW7zFQkf8",0.68,"tin can","It makes a great piggy bank!"
"362",65,"cmpl-4zrbYEeeRyYskiBlOLBZdW7zFQkf8",0.68,"tin can","planter for small plants"
"363",66,"cmpl-4zrbcJSjnrQGQryl58b1WsAPwo0An",0.68,"tin can","be used as a small planter for succulents or cacti"
"364",66,"cmpl-4zrbcJSjnrQGQryl58b1WsAPwo0An",0.68,"tin can","be used as a pencil holder on a desk"
"365",66,"cmpl-4zrbcJSjnrQGQryl58b1WsAPwo0An",0.68,"tin can","cut in half and used as salt and pepper shakers"
"366",66,"cmpl-4zrbcJSjnrQGQryl58b1WsAPwo0An",0.68,"tin can","be used to hold paperclips or other small office supplies"
"367",66,"cmpl-4zrbcJSjnrQGQryl58b1WsAPwo0An",0.68,"tin can","be painted"
"368",67,"cmpl-4zrbgvVmZ78Tof0ZmGZSQtMyJiKFW",0.69,"tin can","telephone"
"369",67,"cmpl-4zrbgvVmZ78Tof0ZmGZSQtMyJiKFW",0.69,"tin can","lantern"
"370",67,"cmpl-4zrbgvVmZ78Tof0ZmGZSQtMyJiKFW",0.69,"tin can","plant pot"
"371",67,"cmpl-4zrbgvVmZ78Tof0ZmGZSQtMyJiKFW",0.69,"tin can","vase"
"372",67,"cmpl-4zrbgvVmZ78Tof0ZmGZSQtMyJiKFW",0.69,"tin can","bird feeder"
"373",67,"cmpl-4zrbgvVmZ78Tof0ZmGZSQtMyJiKFW",0.69,"tin can","An ashtray"
"374",67,"cmpl-4zrbgvVmZ78Tof0ZmGZSQtMyJiKFW",0.69,"tin can","pencil holder"
"375",67,"cmpl-4zrbgvVmZ78Tof0ZmGZSQtMyJiKFW",0.69,"tin can","paintbrush holder"
"376",67,"cmpl-4zrbgvVmZ78Tof0ZmGZSQtMyJiKFW",0.69,"tin can","coin bank"
"377",68,"cmpl-4zrbjCwsB0SqWvKxicy8LGk53flyr",0.69,"tin can","small planter for succulents or cacti"
"378",68,"cmpl-4zrbjCwsB0SqWvKxicy8LGk53flyr",0.69,"tin can","pencil holder by painting it and adding some fun embellishments"
"379",68,"cmpl-4zrbjCwsB0SqWvKxicy8LGk53flyr",0.69,"tin can","Use a tin can to make your own mini piñata filled with candy or other treats"
"380",68,"cmpl-4zrbjCwsB0SqWvKxicy8LGk53flyr",0.69,"tin can","Cut out stars from paper and glue them onto"
"381",69,"cmpl-4zrboUMyMByxhbrNsfLQZLnzSQJGu",0.69,"tin can","could be used as a vase for flowers"
"382",69,"cmpl-4zrboUMyMByxhbrNsfLQZLnzSQJGu",0.69,"tin can","a candle holder"
"383",69,"cmpl-4zrboUMyMByxhbrNsfLQZLnzSQJGu",0.69,"tin can","hold pencils or pens on a desk"
"384",69,"cmpl-4zrboUMyMByxhbrNsfLQZLnzSQJGu",0.69,"tin can","hold makeup brushes on a vanity"
"385",69,"cmpl-4zrboUMyMByxhbrNsfLQZLnzSQJGu",0.69,"tin can","store coins or other small items"
"386",69,"cmpl-4zrboUMyMByxhbrNsfLQZLnzSQJGu",0.69,"tin can","It"
"387",70,"cmpl-4zrbtwe2uJcyLmGuEpGSsyDFGMDBA",0.7,"tin can","be used as a coin bank"
"388",70,"cmpl-4zrbtwe2uJcyLmGuEpGSsyDFGMDBA",0.7,"tin can","be used to store pencils and pens"
"389",70,"cmpl-4zrbtwe2uJcyLmGuEpGSsyDFGMDBA",0.7,"tin can","be used as a vase for flowers"
"390",70,"cmpl-4zrbtwe2uJcyLmGuEpGSsyDFGMDBA",0.7,"tin can","be used as a container for homemade candles"
"391",70,"cmpl-4zrbtwe2uJcyLmGuEpGSsyDFGMDBA",0.7,"tin can","be used as a planter for small plants or herbs"
"392",70,"cmpl-4zrbtwe2uJcyLmGuEpGSsyDFGMDBA",0.7,"tin can","be used to"
"393",71,"cmpl-4zrbwSX9olf2MYhbNdZkBNcAZCQil",0.7,"tin can","Make a tin can telephone"
"394",71,"cmpl-4zrbwSX9olf2MYhbNdZkBNcAZCQil",0.7,"tin can","Use it as a coin bank"
"395",71,"cmpl-4zrbwSX9olf2MYhbNdZkBNcAZCQil",0.7,"tin can","Turn it into a vase or planter"
"396",71,"cmpl-4zrbwSX9olf2MYhbNdZkBNcAZCQil",0.7,"tin can","Make a lantern out of it"
"397",71,"cmpl-4zrbwSX9olf2MYhbNdZkBNcAZCQil",0.7,"tin can","Use it as part of a homemade wind chime or mobile"
"398",71,"cmpl-4zrbwSX9olf2MYhbNdZkBNcAZCQil",0.7,"tin can","Decorate it and use it as a gift box or jewelry holder"
"399",71,"cmpl-4zrbwSX9olf2MYhbNdZkBNcAZCQil",0.7,"tin can","Fill"
"400",72,"cmpl-4zrc1U1RBUdlbhTUgAPDFfMfYh1z4",0.7,"tin can","vase for flowers"
"401",72,"cmpl-4zrc1U1RBUdlbhTUgAPDFfMfYh1z4",0.7,"tin can","hold pens and pencils"
"402",72,"cmpl-4zrc1U1RBUdlbhTUgAPDFfMfYh1z4",0.7,"tin can","coin bank"
"403",72,"cmpl-4zrc1U1RBUdlbhTUgAPDFfMfYh1z4",0.7,"tin can","make a wind chime"
"404",72,"cmpl-4zrc1U1RBUdlbhTUgAPDFfMfYh1z4",0.7,"tin can","make a candle holder"
"405",72,"cmpl-4zrc1U1RBUdlbhTUgAPDFfMfYh1z4",0.7,"tin can","tin cancan be"
"406",73,"cmpl-4zrc4u2VBu91FTQrKNvnOCHBqYgxm",0.71,"tin can","telephone"
"407",73,"cmpl-4zrc4u2VBu91FTQrKNvnOCHBqYgxm",0.71,"tin can","candle holder"
"408",73,"cmpl-4zrc4u2VBu91FTQrKNvnOCHBqYgxm",0.71,"tin can","plant pot"
"409",73,"cmpl-4zrc4u2VBu91FTQrKNvnOCHBqYgxm",0.71,"tin can","pencil holder"
"410",73,"cmpl-4zrc4u2VBu91FTQrKNvnOCHBqYgxm",0.71,"tin can","coin bank"
"411",73,"cmpl-4zrc4u2VBu91FTQrKNvnOCHBqYgxm",0.71,"tin can","picture frame"
"412",73,"cmpl-4zrc4u2VBu91FTQrKNvnOCHBqYgxm",0.71,"tin can","vase"
"413",73,"cmpl-4zrc4u2VBu91FTQrKNvnOCHBqYgxm",0.71,"tin can","Travel mug"
"414",73,"cmpl-4zrc4u2VBu91FTQrKNvnOCHBqYgxm",0.71,"tin can","dog bowl"
"415",74,"cmpl-4zrc9anerQX6gOQWAFSdOcaJv26D0",0.71,"tin can","Make a candle holder by punching holes in the top and bottom of the can"
"416",74,"cmpl-4zrc9anerQX6gOQWAFSdOcaJv26D0",0.71,"tin can","Turn it into a vase or planter"
"417",74,"cmpl-4zrc9anerQX6gOQWAFSdOcaJv26D0",0.71,"tin can","Use it as a pencil holder on your desk"
"418",74,"cmpl-4zrc9anerQX6gOQWAFSdOcaJv26D0",0.71,"tin can","Fill it with candy or other small treats and give it as a gift"
"419",74,"cmpl-4zrc9anerQX6gOQWAFSdOcaJv26D0",0.71,"tin can","Decorate it and use it as part of a centerpiece or table"
"420",75,"cmpl-4zrcEwWIXCAMPu5UuJbCdaDxuIBFC",0.71,"tin can","telephone"
"421",75,"cmpl-4zrcEwWIXCAMPu5UuJbCdaDxuIBFC",0.71,"tin can","lantern"
"422",75,"cmpl-4zrcEwWIXCAMPu5UuJbCdaDxuIBFC",0.71,"tin can","stove"
"423",75,"cmpl-4zrcEwWIXCAMPu5UuJbCdaDxuIBFC",0.71,"tin can","wind chime"
"424",75,"cmpl-4zrcEwWIXCAMPu5UuJbCdaDxuIBFC",0.71,"tin can","piñata"
"425",75,"cmpl-4zrcEwWIXCAMPu5UuJbCdaDxuIBFC",0.71,"tin can","planter"
"426",75,"cmpl-4zrcEwWIXCAMPu5UuJbCdaDxuIBFC",0.71,"tin can","bird feeder"
"427",75,"cmpl-4zrcEwWIXCAMPu5UuJbCdaDxuIBFC",0.71,"tin can","candle holder"
"428",75,"cmpl-4zrcEwWIXCAMPu5UuJbCdaDxuIBFC",0.71,"tin can","robot"
"429",76,"cmpl-4zrcIVXoehFFYCRYyynvdd5IJPIST",0.72,"tin can","Make a wind chime out of tin cans and metal spoons"
"430",76,"cmpl-4zrcIVXoehFFYCRYyynvdd5IJPIST",0.72,"tin can","Cut the top off a tin can and use it as a planter for small succulents or cacti"
"431",76,"cmpl-4zrcIVXoehFFYCRYyynvdd5IJPIST",0.72,"tin can","cute piggy bank by painting it pink and adding eyes nostrils and a coin slot in the top"
"432",77,"cmpl-4zrcMiOsRGzG85ajlnECUTr1dhMtt",0.72,"tin can","Plant a herb garden in tin cans"
"433",77,"cmpl-4zrcMiOsRGzG85ajlnECUTr1dhMtt",0.72,"tin can","Make a wind chime out of tin cans and beads"
"434",77,"cmpl-4zrcMiOsRGzG85ajlnECUTr1dhMtt",0.72,"tin can","Use tin cans as candle holders for an outdoor party"
"435",77,"cmpl-4zrcMiOsRGzG85ajlnECUTr1dhMtt",0.72,"tin can","Create a mini Zen garden in a tin can"
"436",77,"cmpl-4zrcMiOsRGzG85ajlnECUTr1dhMtt",0.72,"tin can","Make a robot out of recycled materials including tin cans"
"437",77,"cmpl-4zrcMiOsRGzG85ajlnECUTr1dhMtt",0.72,"tin can","night light"
"438",78,"cmpl-4zrcS09GhsrrIIplF2CvuIXFdP89x",0.72,"tin can","be used as a vase for flowers"
"439",78,"cmpl-4zrcS09GhsrrIIplF2CvuIXFdP89x",0.72,"tin can","be used to hold pens and pencils"
"440",78,"cmpl-4zrcS09GhsrrIIplF2CvuIXFdP89x",0.72,"tin can","be used as a container for plants"
"441",78,"cmpl-4zrcS09GhsrrIIplF2CvuIXFdP89x",0.72,"tin can","be used to store spices in the kitchen"
"442",78,"cmpl-4zrcS09GhsrrIIplF2CvuIXFdP89x",0.72,"tin can","be used to organize makeup brushes on a vanity table."
"443",79,"cmpl-4zrcVORSuELIlbtqYbPvYTtqlY04J",0.73,"tin can","could be used as a vase for flowers"
"444",79,"cmpl-4zrcVORSuELIlbtqYbPvYTtqlY04J",0.73,"tin can","a pencil holder on a desk"
"445",79,"cmpl-4zrcVORSuELIlbtqYbPvYTtqlY04J",0.73,"tin can","could be used to hold makeup brushes on a dressing table"
"446",79,"cmpl-4zrcVORSuELIlbtqYbPvYTtqlY04J",0.73,"tin can","hold pens and markers in an art studio"
"447",79,"cmpl-4zrcVORSuELIlbtqYbPvYTtqlY04J",0.73,"tin can","could be used as a cookie jar"
"448",80,"cmpl-4zrcYjzKqIIyHAfl5D4gYpEMjoKxu",0.73,"tin can","could be used as a planter for small plants or herbs"
"449",80,"cmpl-4zrcYjzKqIIyHAfl5D4gYpEMjoKxu",0.73,"tin can","It could also be used as a candle holder; simply place a votive candle inside and enjoy the flickering light"
"450",80,"cmpl-4zrcYjzKqIIyHAfl5D4gYpEMjoKxu",0.73,"tin can","For those who love baking a tin can be turned into a mini-loaf pan perfect for individual servings"
"451",80,"cmpl-4zrcYjzKqIIyHAfl5D4gYpEMjoKxu",0.73,"tin can","Have trouble opening jars?"
"452",81,"cmpl-4zrcbWi4mPn1Lgww0fOj0x3K3J11l",0.73,"tin can","be used as a makeshift candle"
"453",81,"cmpl-4zrcbWi4mPn1Lgww0fOj0x3K3J11l",0.73,"tin can","be used to store small items like paper clips or jewelry"
"454",81,"cmpl-4zrcbWi4mPn1Lgww0fOj0x3K3J11l",0.73,"tin can","be used as a vase for flowers"
"455",81,"cmpl-4zrcbWi4mPn1Lgww0fOj0x3K3J11l",0.73,"tin can","be used as a pen holder"
"456",81,"cmpl-4zrcbWi4mPn1Lgww0fOj0x3K3J11l",0.73,"tin can","be used as a coin bank"
"457",81,"cmpl-4zrcbWi4mPn1Lgww0fOj0x3K3J11l",0.73,"tin can","be turned into a wind chime"
"458",82,"cmpl-4zrche9QeGMpmfsGYV3xuiIbbFgVW",0.74,"tin can","small planter for herbs or succulents"
"459",82,"cmpl-4zrche9QeGMpmfsGYV3xuiIbbFgVW",0.74,"tin can","Use a tin can to create a DIY candle holder or tea light holder"
"460",82,"cmpl-4zrche9QeGMpmfsGYV3xuiIbbFgVW",0.74,"tin can","Make a mini piñata out of a tin can – perfect for parties or decoration!"
"461",82,"cmpl-4zrche9QeGMpmfsGYV3xuiIbbFgVW",0.74,"tin can","Decorate a tin can and use it as cute storage for pens pencils"
"462",83,"cmpl-4zrckGN0dM4lds8vCNfKvayt3Ir4z",0.74,"tin can","Create a fun wind chime by painting and decorating tin cans of different sizes then punching holes in the top and bottom of each can. Suspend them from string or wire at different lengths to create unique tones"
"463",83,"cmpl-4zrckGN0dM4lds8vCNfKvayt3Ir4z",0.74,"tin can","Make a mini piñata by filling a small tin can with candy then covering the opening with paper and securing it with tape or glue"
"464",84,"cmpl-4zrcoCBzGvxqYvlwl4T1Z9oAXzjjz",0.74,"tin can","Make a wind chime out of a tin can and some string"
"465",84,"cmpl-4zrcoCBzGvxqYvlwl4T1Z9oAXzjjz",0.74,"tin can","plant holder by painting it and adding drainage holes"
"466",84,"cmpl-4zrcoCBzGvxqYvlwl4T1Z9oAXzjjz",0.74,"tin can","Use a tin can as a pencil holder on your desk"
"467",84,"cmpl-4zrcoCBzGvxqYvlwl4T1Z9oAXzjjz",0.74,"tin can","Make a mini trash can out of a tin can by decorating it and adding a lid"
"468",84,"cmpl-4zrcoCBzGvxqYvlwl4T1Z9oAXzjjz",0.74,"tin can","Create art by"
"469",85,"cmpl-4zrctu5fEjcEnja4LuWNvzRUHWU31",0.75,"tin can","could be used as a vase for flowers"
"470",85,"cmpl-4zrctu5fEjcEnja4LuWNvzRUHWU31",0.75,"tin can","a container for paintbrushes"
"471",85,"cmpl-4zrctu5fEjcEnja4LuWNvzRUHWU31",0.75,"tin can","could be used to hold pencils or pens on a desk"
"472",85,"cmpl-4zrctu5fEjcEnja4LuWNvzRUHWU31",0.75,"tin can","a planter for small plants or herbs"
"473",85,"cmpl-4zrctu5fEjcEnja4LuWNvzRUHWU31",0.75,"tin can","could be used to store coins"
"474",86,"cmpl-4zrcxpMw6Qkz2QWcvYNNxrTQAiJ5G",0.75,"tin can","could be used as a vase"
"475",86,"cmpl-4zrcxpMw6Qkz2QWcvYNNxrTQAiJ5G",0.75,"tin can","could be used as a container for pens and pencils"
"476",86,"cmpl-4zrcxpMw6Qkz2QWcvYNNxrTQAiJ5G",0.75,"tin can","could be used as a coin bank"
"477",86,"cmpl-4zrcxpMw6Qkz2QWcvYNNxrTQAiJ5G",0.75,"tin can","could be used to hold keys"
"478",86,"cmpl-4zrcxpMw6Qkz2QWcvYNNxrTQAiJ5G",0.75,"tin can","could be used as a paperweight"
"479",86,"cmpl-4zrcxpMw6Qkz2QWcvYNNxrTQAiJ5G",0.75,"tin can","tin can"
"480",87,"cmpl-4zrd1faKHBOm8Cxvlj8fYVq0YYNN0",0.75,"tin can","Make a wind chime out of a tin can and some string"
"481",87,"cmpl-4zrd1faKHBOm8Cxvlj8fYVq0YYNN0",0.75,"tin can","Use a tin can as a plant pot"
"482",87,"cmpl-4zrd1faKHBOm8Cxvlj8fYVq0YYNN0",0.75,"tin can","pencil holder"
"483",87,"cmpl-4zrd1faKHBOm8Cxvlj8fYVq0YYNN0",0.75,"tin can","Upcycle a tin can into a vase or candle holder"
"484",87,"cmpl-4zrd1faKHBOm8Cxvlj8fYVq0YYNN0",0.75,"tin can","Make your own mini trash can out of an old tin can"
"485",87,"cmpl-4zrd1faKHBOm8Cxvlj8fYVq0YYNN0",0.75,"tin can","Create illuminated lantern"
"486",88,"cmpl-4zrd524B8q1ksMWn7vFZYBuuX8IPn",0.76,"tin can","can opener"
"487",88,"cmpl-4zrd524B8q1ksMWn7vFZYBuuX8IPn",0.76,"tin can","colander"
"488",88,"cmpl-4zrd524B8q1ksMWn7vFZYBuuX8IPn",0.76,"tin can","candle holder"
"489",88,"cmpl-4zrd524B8q1ksMWn7vFZYBuuX8IPn",0.76,"tin can","vase"
"490",88,"cmpl-4zrd524B8q1ksMWn7vFZYBuuX8IPn",0.76,"tin can","pen holder"
"491",88,"cmpl-4zrd524B8q1ksMWn7vFZYBuuX8IPn",0.76,"tin can","An ashtray"
"492",88,"cmpl-4zrd524B8q1ksMWn7vFZYBuuX8IPn",0.76,"tin can","bird feeder"
"493",88,"cmpl-4zrd524B8q1ksMWn7vFZYBuuX8IPn",0.76,"tin can","wind chime"
"494",88,"cmpl-4zrd524B8q1ksMWn7vFZYBuuX8IPn",0.76,"tin can","planter"
"495",89,"cmpl-4zrdAUqGiLghD5AjfihSegqsCWnLT",0.76,"tin can","planter for small plants or herbs"
"496",89,"cmpl-4zrdAUqGiLghD5AjfihSegqsCWnLT",0.76,"tin can","Cut the top off of a tin can and use it as a pencil holder on your desk"
"497",89,"cmpl-4zrdAUqGiLghD5AjfihSegqsCWnLT",0.76,"tin can","Use a tin can as a vase for fresh flowers"
"498",89,"cmpl-4zrdAUqGiLghD5AjfihSegqsCWnLT",0.76,"tin can","Make a wind chime out of old tin cans and some string or wire"
"499",89,"cmpl-4zrdAUqGiLghD5AjfihSegqsCWnLT",0.76,"tin can","Turn"
"500",90,"cmpl-4zrdDeq7FkGc7hNoiW5nBllPOvLaB",0.76,"tin can","vase"
"501",90,"cmpl-4zrdDeq7FkGc7hNoiW5nBllPOvLaB",0.76,"tin can","make a wind chime"
"502",90,"cmpl-4zrdDeq7FkGc7hNoiW5nBllPOvLaB",0.76,"tin can","planter"
"503",90,"cmpl-4zrdDeq7FkGc7hNoiW5nBllPOvLaB",0.76,"tin can","bird feeder"
"504",90,"cmpl-4zrdDeq7FkGc7hNoiW5nBllPOvLaB",0.76,"tin can","hold pencils or pens on a desk"
