"id","response","response_nofill","item","item_nofill"
"cmpl-4zrXKRorn55iQY1NXc3Vq3WKCLtyf","doorstop","doorstop","book","book"
"cmpl-4zrXKRorn55iQY1NXc3Vq3WKCLtyf","start a fire","start a fire","book","book"
"cmpl-4zrXKRorn55iQY1NXc3Vq3WKCLtyf","prop up a table or chair leg","prop up a table or chair leg","book","book"
"cmpl-4zrXKRorn55iQY1NXc3Vq3WKCLtyf","paperweight","paperweight","book","book"
"cmpl-4zrXKRorn55iQY1NXc3Vq3WKCLtyf","make art such as by decoupaging it onto a canvas or","make art such as by decoupaging it onto a canvas or","book","book"
"cmpl-4zrXMnec5vnPs9Rno0qAGOwJ1vslr","door stop","door stop","book","book"
"cmpl-4zrXMnec5vnPs9Rno0qAGOwJ1vslr","start a fire","start a fire","book","book"
"cmpl-4zrXMnec5vnPs9Rno0qAGOwJ1vslr","prop up a table or chair leg","prop up a table or chair leg","book","book"
"cmpl-4zrXMnec5vnPs9Rno0qAGOwJ1vslr","paperweight","paperweight","book","book"
"cmpl-4zrXMnec5vnPs9Rno0qAGOwJ1vslr","make a collage or sculpture","make a collage or sculpture","book","book"
"cmpl-4zrXMnec5vnPs9Rno0qAGOwJ1vslr","can be","can be","book","book"
"cmpl-4zrXQbOmAJISuhk3fFIZO2SLmBq6x","door stop","door stop","book","book"
"cmpl-4zrXQbOmAJISuhk3fFIZO2SLmBq6x","prop up a table or chair leg","prop up a table or chair leg","book","book"
"cmpl-4zrXQbOmAJISuhk3fFIZO2SLmBq6x","paperweight","paperweight","book","book"
"cmpl-4zrXQbOmAJISuhk3fFIZO2SLmBq6x","make a collage or scrapbook","make a collage or scrapbook","book","book"
"cmpl-4zrXQbOmAJISuhk3fFIZO2SLmBq6x","cut up and used as confetti or streamers","cut up and used as confetti or streamers","book","book"
"cmpl-4zrXTQbtU9GwZ4dGDpd5xEyBovRHV","doorstop","doorstop","book","book"
"cmpl-4zrXTQbtU9GwZ4dGDpd5xEyBovRHV","start a fire","start a fire","book","book"
"cmpl-4zrXTQbtU9GwZ4dGDpd5xEyBovRHV","paperweight","paperweight","book","book"
"cmpl-4zrXTQbtU9GwZ4dGDpd5xEyBovRHV","prop up a wobbly table leg","prop up a wobbly table leg","book","book"
"cmpl-4zrXTQbtU9GwZ4dGDpd5xEyBovRHV","coaster for drinks (to prevent water rings on furniture)","coaster for drinks (to prevent water rings on furniture)","book","book"
"cmpl-4zrXXun99WGqMfqFcnvX9fpzWmy05","doorstop","doorstop","book","book"
"cmpl-4zrXXun99WGqMfqFcnvX9fpzWmy05","hold open a window","hold open a window","book","book"
"cmpl-4zrXXun99WGqMfqFcnvX9fpzWmy05","coaster for a hot beverage","coaster for a hot beverage","book","book"
"cmpl-4zrXXun99WGqMfqFcnvX9fpzWmy05","level a table or shelf","level a table or shelf","book","book"
"cmpl-4zrXXun99WGqMfqFcnvX9fpzWmy05","used as an improvised weapon in self-defense or attack","used as an improvised weapon in self-defense or attack","book","book"
"cmpl-4zrXajQqVizh2rVJ8hn6PxNaA8Q24","Make a book into a lampshade","Make a book into a lampshade","book","book"
"cmpl-4zrXajQqVizh2rVJ8hn6PxNaA8Q24","Turn an old book into a secret compartment","Turn an old book into a secret compartment","book","book"
"cmpl-4zrXajQqVizh2rVJ8hn6PxNaA8Q24","Use books as coasters for your drinks","Use books as coasters for your drinks","book","book"
"cmpl-4zrXajQqVizh2rVJ8hn6PxNaA8Q24","Build a fort out of old books","Build a fort out of old books","book","book"
"cmpl-4zrXajQqVizh2rVJ8hn6PxNaA8Q24","Donate books to your local library or hospital waiting room","Donate books to your local library or hospital waiting room","book","book"
"cmpl-4zrXajQqVizh2rVJ8hn6PxNaA8Q24","Give a new twist to an old favorite by reading it in character voices","Give a new twist to an old favorite by reading it in character voices","book","book"
"cmpl-4zrXf5f89HctStj42UI8NCmMxujME","doorstop","doorstop","book","book"
"cmpl-4zrXf5f89HctStj42UI8NCmMxujME","start a fire","start a fire","book","book"
"cmpl-4zrXf5f89HctStj42UI8NCmMxujME","paperweight","paperweight","book","book"
"cmpl-4zrXf5f89HctStj42UI8NCmMxujME","prop up a wobbly table or chair","prop up a wobbly table or chair","book","book"
"cmpl-4zrXf5f89HctStj42UI8NCmMxujME","weapon (for self-defense or attack)","weapon (for self-defense or attack)","book","book"
"cmpl-4zrXkWn3QroeYera2G3vBEECCSUZR","doorstop","doorstop","book","book"
"cmpl-4zrXkWn3QroeYera2G3vBEECCSUZR","paperweight","paperweight","book","book"
"cmpl-4zrXkWn3QroeYera2G3vBEECCSUZR","prop up a wobbly table leg","prop up a wobbly table leg","book","book"
"cmpl-4zrXkWn3QroeYera2G3vBEECCSUZR","make a small shelf or ledge","make a small shelf or ledge","book","book"
"cmpl-4zrXkWn3QroeYera2G3vBEECCSUZR","hold open a window or door","hold open a window or door","book","book"
"cmpl-4zrXnYW4L6EpsvEUL9J88oKsjzqy7","doorstop","doorstop","book","book"
"cmpl-4zrXnYW4L6EpsvEUL9J88oKsjzqy7","level a table or shelf","level a table or shelf","book","book"
"cmpl-4zrXnYW4L6EpsvEUL9J88oKsjzqy7","paperweight","paperweight","book","book"
"cmpl-4zrXnYW4L6EpsvEUL9J88oKsjzqy7","make a impromptu stool or chair","make a impromptu stool or chair","book","book"
"cmpl-4zrXnYW4L6EpsvEUL9J88oKsjzqy7","used in place of a cutting board when slicing vegetables or meat","used in place of a cutting board when slicing vegetables or meat","book","book"
"cmpl-4zrXsIbRn4NTwafnBiFtZpy7tUdHA","doorstop","doorstop","book","book"
"cmpl-4zrXsIbRn4NTwafnBiFtZpy7tUdHA","keep a table level","keep a table level","book","book"
"cmpl-4zrXsIbRn4NTwafnBiFtZpy7tUdHA","make a paperweight","make a paperweight","book","book"
"cmpl-4zrXsIbRn4NTwafnBiFtZpy7tUdHA","coaster for hot drinks","coaster for hot drinks","book","book"
"cmpl-4zrXsIbRn4NTwafnBiFtZpy7tUdHA","hold open a window or door","hold open a window or door","book","book"
"cmpl-4zrXsIbRn4NTwafnBiFtZpy7tUdHA","can be","can be","book","book"
"cmpl-4zrXwohDOcU3F1Hq56ynSVY02H2j0","doorstop","doorstop","book","book"
"cmpl-4zrXwohDOcU3F1Hq56ynSVY02H2j0","start a fire in an emergency situation","start a fire in an emergency situation","book","book"
"cmpl-4zrXwohDOcU3F1Hq56ynSVY02H2j0","coaster for your beverage","coaster for your beverage","book","book"
"cmpl-4zrXwohDOcU3F1Hq56ynSVY02H2j0","level a table or surface","level a table or surface","book","book"
"cmpl-4zrXwohDOcU3F1Hq56ynSVY02H2j0","used as decoration on a shelf or mantelpiece","used as decoration on a shelf or mantelpiece","book","book"
"cmpl-4zrY03WpMeCA0AmJeADkzuTSPggZW","doorstop","doorstop","book","book"
"cmpl-4zrY03WpMeCA0AmJeADkzuTSPggZW","start a fire","start a fire","book","book"
"cmpl-4zrY03WpMeCA0AmJeADkzuTSPggZW","prop up a table","prop up a table","book","book"
"cmpl-4zrY03WpMeCA0AmJeADkzuTSPggZW","paperweight","paperweight","book","book"
"cmpl-4zrY03WpMeCA0AmJeADkzuTSPggZW","hold open a window","hold open a window","book","book"
"cmpl-4zrY03WpMeCA0AmJeADkzuTSPggZW","make a paper","make a paper","book","book"
"cmpl-4zrY43R3rQ3No2WeD92L3z2neSrOb","doorstop","doorstop","book","book"
"cmpl-4zrY43R3rQ3No2WeD92L3z2neSrOb","level a table or shelf","level a table or shelf","book","book"
"cmpl-4zrY43R3rQ3No2WeD92L3z2neSrOb","paperweight","paperweight","book","book"
"cmpl-4zrY43R3rQ3No2WeD92L3z2neSrOb","make a collage or scrapbook","make a collage or scrapbook","book","book"
"cmpl-4zrY43R3rQ3No2WeD92L3z2neSrOb","used as kindling for a fire","used as kindling for a fire","book","book"
"cmpl-4zrY43R3rQ3No2WeD92L3z2neSrOb","can","can","book","book"
"cmpl-4zrY7biIuR673z5KZea1gP4gUMbXw","doorstop","doorstop","book","book"
"cmpl-4zrY7biIuR673z5KZea1gP4gUMbXw","level a table or other surface","level a table or other surface","book","book"
"cmpl-4zrY7biIuR673z5KZea1gP4gUMbXw","prop up a wobbly chair or couch","prop up a wobbly chair or couch","book","book"
"cmpl-4zrY7biIuR673z5KZea1gP4gUMbXw","paperweight","paperweight","book","book"
"cmpl-4zrY7biIuR673z5KZea1gP4gUMbXw","door stop in an open doorway to help","door stop in an open doorway to help","book","book"
"cmpl-4zrYCltQ18NBmTUndQEolfNeRJhmu","doorstop","doorstop","book","book"
"cmpl-4zrYCltQ18NBmTUndQEolfNeRJhmu","level a table or shelf","level a table or shelf","book","book"
"cmpl-4zrYCltQ18NBmTUndQEolfNeRJhmu","paperweight","paperweight","book","book"
"cmpl-4zrYCltQ18NBmTUndQEolfNeRJhmu","keep papers from blowing away in the wind","keep papers from blowing away in the wind","book","book"
"cmpl-4zrYCltQ18NBmTUndQEolfNeRJhmu","make a small step stool","make a small step stool","book","book"
"cmpl-4zrYCltQ18NBmTUndQEolfNeRJhmu","book","book","book","book"
"cmpl-4zrYH49qGBQRZzNi4eQHpNxlQUABG","doorstop","doorstop","book","book"
"cmpl-4zrYH49qGBQRZzNi4eQHpNxlQUABG","prop up a wobbly table","prop up a wobbly table","book","book"
"cmpl-4zrYH49qGBQRZzNi4eQHpNxlQUABG","make a paper airplane","make a paper airplane","book","book"
"cmpl-4zrYH49qGBQRZzNi4eQHpNxlQUABG","used as kindling for a fire","used as kindling for a fire","book","book"
"cmpl-4zrYH49qGBQRZzNi4eQHpNxlQUABG","absorb spilled liquid","absorb spilled liquid","book","book"
"cmpl-4zrYH49qGBQRZzNi4eQHpNxlQUABG","collection of books","collection of books","book","book"
"cmpl-4zrYM3srgr0AI600HuaSfbe20ECSu","door stop","door stop","book","book"
"cmpl-4zrYM3srgr0AI600HuaSfbe20ECSu","level a table","level a table","book","book"
"cmpl-4zrYM3srgr0AI600HuaSfbe20ECSu","prop up a wobbly chair","prop up a wobbly chair","book","book"
"cmpl-4zrYM3srgr0AI600HuaSfbe20ECSu","paperweight","paperweight","book","book"
"cmpl-4zrYM3srgr0AI600HuaSfbe20ECSu","make a small stool or side table","make a small stool or side table","book","book"
"cmpl-4zrYM3srgr0AI600HuaSfbe20ECSu","cut in half and the","cut in half and the","book","book"
"cmpl-4zrYSw9ZuzkGoOZpvQWkzfHkJCPVP","doorstop","doorstop","book","book"
"cmpl-4zrYSw9ZuzkGoOZpvQWkzfHkJCPVP","level a table or chair","level a table or chair","book","book"
"cmpl-4zrYSw9ZuzkGoOZpvQWkzfHkJCPVP","paperweight","paperweight","book","book"
"cmpl-4zrYSw9ZuzkGoOZpvQWkzfHkJCPVP","prop open a window","prop open a window","book","book"
"cmpl-4zrYSw9ZuzkGoOZpvQWkzfHkJCPVP","coaster for a hot beverage","coaster for a hot beverage","book","book"
"cmpl-4zrYSw9ZuzkGoOZpvQWkzfHkJCPVP","used","used","book","book"
"cmpl-4zrYYESZQhEvKOpsl2Y3ne59QvPUs","doorstop","doorstop","book","book"
"cmpl-4zrYYESZQhEvKOpsl2Y3ne59QvPUs","level a table or chair","level a table or chair","book","book"
"cmpl-4zrYYESZQhEvKOpsl2Y3ne59QvPUs","paperweight","paperweight","book","book"
"cmpl-4zrYYESZQhEvKOpsl2Y3ne59QvPUs","prop up a wobbly leg on a piece of furniture","prop up a wobbly leg on a piece of furniture","book","book"
"cmpl-4zrYYESZQhEvKOpsl2Y3ne59QvPUs","used as fuel for a fire","used as fuel for a fire","book","book"
"cmpl-4zrYcXgHic5zBGK8skxbt7IwK8Ok2","door stop","door stop","book","book"
"cmpl-4zrYcXgHic5zBGK8skxbt7IwK8Ok2","level a table or shelf","level a table or shelf","book","book"
"cmpl-4zrYcXgHic5zBGK8skxbt7IwK8Ok2","prop up a wobbly chair or table leg","prop up a wobbly chair or table leg","book","book"
"cmpl-4zrYcXgHic5zBGK8skxbt7IwK8Ok2","paperweight","paperweight","book","book"
"cmpl-4zrYcXgHic5zBGK8skxbt7IwK8Ok2","smash spiders or other bugs","smash spiders or other bugs","book","book"
"cmpl-4zrYhuBnwno40N3NzfKumie34U6k8","doorstop","doorstop","book","book"
"cmpl-4zrYhuBnwno40N3NzfKumie34U6k8","level a table or chair","level a table or chair","book","book"
"cmpl-4zrYhuBnwno40N3NzfKumie34U6k8","paperweight","paperweight","book","book"
"cmpl-4zrYhuBnwno40N3NzfKumie34U6k8","prop up a wobbly table leg","prop up a wobbly table leg","book","book"
"cmpl-4zrYhuBnwno40N3NzfKumie34U6k8","used as kindling for a fire","used as kindling for a fire","book","book"
"cmpl-4zrYhuBnwno40N3NzfKumie34U6k8","book","book","book","book"
"cmpl-4zrYkCsqHkasbROCFVWUUjNxTKWA5","Make a book into a lampshade","Make a book into a lampshade","book","book"
"cmpl-4zrYkCsqHkasbROCFVWUUjNxTKWA5","clock by gluing numbers to the cover and attaching hands","clock by gluing numbers to the cover and attaching hands","book","book"
"cmpl-4zrYkCsqHkasbROCFVWUUjNxTKWA5","Create a sculpture or collage by decoupaging old book pages onto an object","Create a sculpture or collage by decoupaging old book pages onto an object","book","book"
"cmpl-4zrYkCsqHkasbROCFVWUUjNxTKWA5","Make coasters out ofbook pages sealed with mod podge.","Make coasters out ofbook pages sealed with mod podge.","book","book"
"cmpl-4zrYkCsqHkasbROCFVWUUjNxTKWA5","Fold the pages of an old book","Fold the pages of an old book","book","book"
"cmpl-4zrYpCuQ5hsc5BzfI4p1eiCINiTKw","doorstop","doorstop","book","book"
"cmpl-4zrYpCuQ5hsc5BzfI4p1eiCINiTKw","level a table or shelf","level a table or shelf","book","book"
"cmpl-4zrYpCuQ5hsc5BzfI4p1eiCINiTKw","paperweight","paperweight","book","book"
"cmpl-4zrYpCuQ5hsc5BzfI4p1eiCINiTKw","make a collage or sculpture","make a collage or sculpture","book","book"
"cmpl-4zrYpCuQ5hsc5BzfI4p1eiCINiTKw","used as fuel for a fire","used as fuel for a fire","book","book"
"cmpl-4zrYpCuQ5hsc5BzfI4p1eiCINiTKw","used","used","book","book"
"cmpl-4zrYsthVkMmBWLB5euet6UOY3DuCE","door stop","door stop","book","book"
"cmpl-4zrYsthVkMmBWLB5euet6UOY3DuCE","balance a wobbly table","balance a wobbly table","book","book"
"cmpl-4zrYsthVkMmBWLB5euet6UOY3DuCE","paperweight","paperweight","book","book"
"cmpl-4zrYsthVkMmBWLB5euet6UOY3DuCE","prop up a wonky picture frame","prop up a wonky picture frame","book","book"
"cmpl-4zrYsthVkMmBWLB5euet6UOY3DuCE","make a small stool more comfortable","make a small stool more comfortable","book","book"
"cmpl-4zrYsthVkMmBWLB5euet6UOY3DuCE","A","A","book","book"
"cmpl-4zrYvKNbYe9QLba3L9kPiyeRSNAdt","doorstop","doorstop","book","book"
"cmpl-4zrYvKNbYe9QLba3L9kPiyeRSNAdt","prop up a wobbly table","prop up a wobbly table","book","book"
"cmpl-4zrYvKNbYe9QLba3L9kPiyeRSNAdt","coaster for your cold beverage","coaster for your cold beverage","book","book"
"cmpl-4zrYvKNbYe9QLba3L9kPiyeRSNAdt","hold open a window","hold open a window","book","book"
"cmpl-4zrYvKNbYe9QLba3L9kPiyeRSNAdt","can serve as a paperweight on your desk","can serve as a paperweight on your desk","book","book"
"cmpl-4zrYvKNbYe9QLba3L9kPiyeRSNAdt","You","You","book","book"
"cmpl-4zrYzrBuvP3imgFgz5iKgDWoCMvF2","Make a book into a clock by attaching clock hands to the cover","Make a book into a clock by attaching clock hands to the cover","book","book"
"cmpl-4zrYzrBuvP3imgFgz5iKgDWoCMvF2","secret hiding place by cutting out a square hole in the center of the pages","secret hiding place by cutting out a square hole in the center of the pages","book","book"
"cmpl-4zrYzrBuvP3imgFgz5iKgDWoCMvF2","Use an old book as decoration by stacking it on top of other books or placing it in an empty frame","Use an old book as decoration by stacking it on top of other books or placing it in an empty frame","book","book"
"cmpl-4zrYzrBuvP3imgFgz5iKgDWoCMvF2","Repurpose a hardcover book into a photo","Repurpose a hardcover book into a photo","book","book"
"cmpl-4zrZ42wRutcDFNibsKTG97iSLThCM","doorstop","doorstop","book","book"
"cmpl-4zrZ42wRutcDFNibsKTG97iSLThCM","level a table","level a table","book","book"
"cmpl-4zrZ42wRutcDFNibsKTG97iSLThCM","prop up a wobbly chair","prop up a wobbly chair","book","book"
"cmpl-4zrZ42wRutcDFNibsKTG97iSLThCM","paperweight","paperweight","book","book"
"cmpl-4zrZ42wRutcDFNibsKTG97iSLThCM","make a papier-mâché mask or sculpture","make a papier-mâché mask or sculpture","book","book"
"cmpl-4zrZ6iqXWuJnn7X7Ou7Up61L217rn","doorstop","doorstop","book","book"
"cmpl-4zrZ6iqXWuJnn7X7Ou7Up61L217rn","start a fire","start a fire","book","book"
"cmpl-4zrZ6iqXWuJnn7X7Ou7Up61L217rn","coaster for your drink","coaster for your drink","book","book"
"cmpl-4zrZ6iqXWuJnn7X7Ou7Up61L217rn","prop up a table or shelf","prop up a table or shelf","book","book"
"cmpl-4zrZ6iqXWuJnn7X7Ou7Up61L217rn","cut up and made into paper airplanes or origami shapes","cut up and made into paper airplanes or origami shapes","book","book"
"cmpl-4zrZAUmJ0wliAvLrrK2j6rzVmvpKC","doorstop","doorstop","book","book"
"cmpl-4zrZAUmJ0wliAvLrrK2j6rzVmvpKC","level a table or piece of furniture","level a table or piece of furniture","book","book"
"cmpl-4zrZAUmJ0wliAvLrrK2j6rzVmvpKC","paperweight","paperweight","book","book"
"cmpl-4zrZAUmJ0wliAvLrrK2j6rzVmvpKC","decorate a room or shelf","decorate a room or shelf","book","book"
"cmpl-4zrZAUmJ0wliAvLrrK2j6rzVmvpKC","used as part of a centerpieces for a party or event","used as part of a centerpieces for a party or event","book","book"
"cmpl-4zrZF2zTP1YbQKy7UTpONmDqWXo46","doorstop","doorstop","book","book"
"cmpl-4zrZF2zTP1YbQKy7UTpONmDqWXo46","level a table or other surface","level a table or other surface","book","book"
"cmpl-4zrZF2zTP1YbQKy7UTpONmDqWXo46","prop open a window","prop open a window","book","book"
"cmpl-4zrZF2zTP1YbQKy7UTpONmDqWXo46","coaster for a hot beverage","coaster for a hot beverage","book","book"
"cmpl-4zrZF2zTP1YbQKy7UTpONmDqWXo46","weight to hold down papers or other materials","weight to hold down papers or other materials","book","book"
"cmpl-4zrZJMEPvTCpbwtqgGBNie7DjeQCO","Use it as a back scratcher","Use it as a back scratcher","fork","fork"
"cmpl-4zrZJMEPvTCpbwtqgGBNie7DjeQCO","Use it to pick up small items like coins or beads","Use it to pick up small items like coins or beads","fork","fork"
"cmpl-4zrZJMEPvTCpbwtqgGBNie7DjeQCO","Use it as a hairpin or hair tie","Use it as a hairpin or hair tie","fork","fork"
"cmpl-4zrZJMEPvTCpbwtqgGBNie7DjeQCO","Turn it into a miniature shovel for potted plants","Turn it into a miniature shovel for potted plants","fork","fork"
"cmpl-4zrZJMEPvTCpbwtqgGBNie7DjeQCO","Stick it in the ground to mark your spot in a park","Stick it in the ground to mark your spot in a park","fork","fork"
"cmpl-4zrZNd7OIfqxjARAb99vs1sxpMxRI","back scratcher","back scratcher","fork","fork"
"cmpl-4zrZNd7OIfqxjARAb99vs1sxpMxRI","pick up small items like rice or beans","pick up small items like rice or beans","fork","fork"
"cmpl-4zrZNd7OIfqxjARAb99vs1sxpMxRI","apply makeup such as lip gloss or mascara","apply makeup such as lip gloss or mascara","fork","fork"
"cmpl-4zrZNd7OIfqxjARAb99vs1sxpMxRI","clean dirt and grime out of small crevices and corners","clean dirt and grime out of small crevices and corners","fork","fork"
"cmpl-4zrZNd7OIfqxjARAb99vs1sxpMxRI","fork","fork","fork","fork"
"cmpl-4zrZSDPDs3Az2uXgUA9QLBOn42eMw","eat food","eat food","fork","fork"
"cmpl-4zrZSDPDs3Az2uXgUA9QLBOn42eMw","hold food while cutting it with a knife","hold food while cutting it with a knife","fork","fork"
"cmpl-4zrZSDPDs3Az2uXgUA9QLBOn42eMw","spear food","spear food","fork","fork"
"cmpl-4zrZSDPDs3Az2uXgUA9QLBOn42eMw","pick up food that has fallen on the floor","pick up food that has fallen on the floor","fork","fork"
"cmpl-4zrZSDPDs3Az2uXgUA9QLBOn42eMw","back scratcher","back scratcher","fork","fork"
"cmpl-4zrZSDPDs3Az2uXgUA9QLBOn42eMw","A","A","fork","fork"
"cmpl-4zrZWebxU7t3KID75VgorICiQ98tS","back scratcher","back scratcher","fork","fork"
"cmpl-4zrZWebxU7t3KID75VgorICiQ98tS","comb your hair","comb your hair","fork","fork"
"cmpl-4zrZWebxU7t3KID75VgorICiQ98tS","toothpick","toothpick","fork","fork"
"cmpl-4zrZWebxU7t3KID75VgorICiQ98tS","scrape dirt off your shoes","scrape dirt off your shoes","fork","fork"
"cmpl-4zrZWebxU7t3KID75VgorICiQ98tS","pick up small objects like paperclips or beads","pick up small objects like paperclips or beads","fork","fork"
"cmpl-4zrZWebxU7t3KID75VgorICiQ98tS","fork","fork","fork","fork"
"cmpl-4zrZY4nYblpqmzHy9W3YWvhChz4N6","toothpick","toothpick","fork","fork"
"cmpl-4zrZY4nYblpqmzHy9W3YWvhChz4N6","make small holes in fabric so that you can thread ribbon or string through it to create decorations","make small holes in fabric so that you can thread ribbon or string through it to create decorations","fork","fork"
"cmpl-4zrZY4nYblpqmzHy9W3YWvhChz4N6","makeshift chopsticks when eating rice or noodles","makeshift chopsticks when eating rice or noodles","fork","fork"
"cmpl-4zrZY4nYblpqmzHy9W3YWvhChz4N6","play the steel pan drums","play the steel pan drums","fork","fork"
"cmpl-4zrZY4nYblpqmzHy9W3YWvhChz4N6","A","A","fork","fork"
"cmpl-4zrZdUvDG0St0SuFktOwf4gs47zNp","hairpin","hairpin","fork","fork"
"cmpl-4zrZdUvDG0St0SuFktOwf4gs47zNp","toothpick","toothpick","fork","fork"
"cmpl-4zrZdUvDG0St0SuFktOwf4gs47zNp","remove splinters","remove splinters","fork","fork"
"cmpl-4zrZdUvDG0St0SuFktOwf4gs47zNp","clean under your fingernails","clean under your fingernails","fork","fork"
"cmpl-4zrZdUvDG0St0SuFktOwf4gs47zNp","can double as a chopstick holder.","can double as a chopstick holder.","fork","fork"
"cmpl-4zrZdUvDG0St0SuFktOwf4gs47zNp","Use the tines of a fork","Use the tines of a fork","fork","fork"
"cmpl-4zrZhgIyBhnNWABiT0OfdrsodCcvI","Use a fork to eat soup without making a mess","Use a fork to eat soup without making a mess","fork","fork"
"cmpl-4zrZhgIyBhnNWABiT0OfdrsodCcvI","Use a fork to eat spaghetti without making a mess","Use a fork to eat spaghetti without making a mess","fork","fork"
"cmpl-4zrZhgIyBhnNWABiT0OfdrsodCcvI","Use a fork to eat salad without making a mess","Use a fork to eat salad without making a mess","fork","fork"
"cmpl-4zrZhgIyBhnNWABiT0OfdrsodCcvI","Use a fork as a makeshift spoon if you don't have one handy","Use a fork as a makeshift spoon if you don't have one handy","fork","fork"
"cmpl-4zrZhgIyBhnNWABiT0OfdrsodCcvI","use two forks stuck together tine-side out to make impromptu chopsticks","use two forks stuck together tine-side out to make impromptu chopsticks","fork","fork"
"cmpl-4zrZjikiz5Bp8OUolwkQmV6EoHVfC","Eat like a king or queen with your very own fork!","Eat like a king or queen with your very own fork!","fork","fork"
"cmpl-4zrZjikiz5Bp8OUolwkQmV6EoHVfC","Use it as a bookmark!","Use it as a bookmark!","fork","fork"
"cmpl-4zrZjikiz5Bp8OUolwkQmV6EoHVfC","Give your pet cat or dog a bath with the help of your trusty fork","Give your pet cat or dog a bath with the help of your trusty fork","fork","fork"
"cmpl-4zrZjikiz5Bp8OUolwkQmV6EoHVfC","Get rid of pesky bugs in your home by shooing them away with a fork","Get rid of pesky bugs in your home by shooing them away with a fork","fork","fork"
"cmpl-4zrZjikiz5Bp8OUolwkQmV6EoHVfC","Cook up a storm in the kitchen with some assistance from","Cook up a storm in the kitchen with some assistance from","fork","fork"
"cmpl-4zrZn3pRQCA9tRNajvLHknkm5sC1K","Using a fork to eat spaghetti instead of a spoon","Using a fork to eat spaghetti instead of a spoon","fork","fork"
"cmpl-4zrZn3pRQCA9tRNajvLHknkm5sC1K","Using a fork to apply makeup instead of a brush","Using a fork to apply makeup instead of a brush","fork","fork"
"cmpl-4zrZn3pRQCA9tRNajvLHknkm5sC1K","Using a fork as a backscratcher","Using a fork as a backscratcher","fork","fork"
"cmpl-4zrZn3pRQCA9tRNajvLHknkm5sC1K","Using a fork to play the violin","Using a fork to play the violin","fork","fork"
"cmpl-4zrZn3pRQCA9tRNajvLHknkm5sC1K","Using a fork to open bottles or cans","Using a fork to open bottles or cans","fork","fork"
"cmpl-4zrZn3pRQCA9tRNajvLHknkm5sC1K","Using forks as chopsticks","Using forks as chopsticks","fork","fork"
"cmpl-4zrZn3pRQCA9tRNajvLHknkm5sC1K","Creating art with","Creating art with","fork","fork"
"cmpl-4zrZqhtBWfKrFwRr3cP7sCW8d8PYm","back scratcher","back scratcher","fork","fork"
"cmpl-4zrZqhtBWfKrFwRr3cP7sCW8d8PYm","play the xylophone","play the xylophone","fork","fork"
"cmpl-4zrZqhtBWfKrFwRr3cP7sCW8d8PYm","toothpick","toothpick","fork","fork"
"cmpl-4zrZqhtBWfKrFwRr3cP7sCW8d8PYm","If you put a rubber band around the tines of a fork it becomes a mini-trampoline for ants or other small insects","If you put a rubber band around the tines of a fork it becomes a mini-trampoline for ants or other small insects","fork","fork"
"cmpl-4zrZqhtBWfKrFwRr3cP7sCW8d8PYm","plastic","plastic","fork","fork"
"cmpl-4zrZvmychPlDCIbEldT5F8zqS2hVa","back scratcher","back scratcher","fork","fork"
"cmpl-4zrZvmychPlDCIbEldT5F8zqS2hVa","pick up food that is out of reach","pick up food that is out of reach","fork","fork"
"cmpl-4zrZvmychPlDCIbEldT5F8zqS2hVa","comb your hair","comb your hair","fork","fork"
"cmpl-4zrZvmychPlDCIbEldT5F8zqS2hVa","apply makeup","apply makeup","fork","fork"
"cmpl-4zrZvmychPlDCIbEldT5F8zqS2hVa","toothpick","toothpick","fork","fork"
"cmpl-4zrZvmychPlDCIbEldT5F8zqS2hVa","used to","used to","fork","fork"
"cmpl-4zra0z5F57t7Ygw0bm05szm3Hl5yd","Use a fork to eat food off of a plate","Use a fork to eat food off of a plate","fork","fork"
"cmpl-4zra0z5F57t7Ygw0bm05szm3Hl5yd","Stick a fork in a electrical outlet to see if it is still working","Stick a fork in a electrical outlet to see if it is still working","fork","fork"
"cmpl-4zra0z5F57t7Ygw0bm05szm3Hl5yd","Use a fork as a back scratcher","Use a fork as a back scratcher","fork","fork"
"cmpl-4zra0z5F57t7Ygw0bm05szm3Hl5yd","Hold a fork up to the light to see if it is bent","Hold a fork up to the light to see if it is bent","fork","fork"
"cmpl-4zra0z5F57t7Ygw0bm05szm3Hl5yd","Try to balance a fork on its end","Try to balance a fork on its end","fork","fork"
"cmpl-4zra0z5F57t7Ygw0bm05szm3Hl5yd","See how far you can","See how far you can","fork","fork"
"cmpl-4zra4atJ3XarPjkJspnVq87V10M79","Use a fork to play the xylophone","Use a fork to play the xylophone","fork","fork"
"cmpl-4zra4atJ3XarPjkJspnVq87V10M79","Use a fork as a back scratcher","Use a fork as a back scratcher","fork","fork"
"cmpl-4zra4atJ3XarPjkJspnVq87V10M79","Use a fork to measure ingredients when cooking","Use a fork to measure ingredients when cooking","fork","fork"
"cmpl-4zra4atJ3XarPjkJspnVq87V10M79","Use a fork as a toothpick","Use a fork as a toothpick","fork","fork"
"cmpl-4zra4atJ3XarPjkJspnVq87V10M79","Curl your hair with a fork","Curl your hair with a fork","fork","fork"
"cmpl-4zra4atJ3XarPjkJspnVq87V10M79","Make music with forks and spoons by banging them together or on surfaces like tables and","Make music with forks and spoons by banging them together or on surfaces like tables and","fork","fork"
"cmpl-4zra7PJ3V7WlDovz4p2SWxDhYNZL4","Use a fork to curl your hair","Use a fork to curl your hair","fork","fork"
"cmpl-4zra7PJ3V7WlDovz4p2SWxDhYNZL4","Use a fork to apply makeup","Use a fork to apply makeup","fork","fork"
"cmpl-4zra7PJ3V7WlDovz4p2SWxDhYNZL4","Use a fork to eat ice cream","Use a fork to eat ice cream","fork","fork"
"cmpl-4zra7PJ3V7WlDovz4p2SWxDhYNZL4","Use a fork to clean your teeth","Use a fork to clean your teeth","fork","fork"
"cmpl-4zra7PJ3V7WlDovz4p2SWxDhYNZL4","Use a fork to brush your hair","Use a fork to brush your hair","fork","fork"
"cmpl-4zra7PJ3V7WlDovz4p2SWxDhYNZL4","Use a fork to pick up food that's fallen on the floor","Use a fork to pick up food that's fallen on the floor","fork","fork"
"cmpl-4zra7PJ3V7WlDovz4p2SWxDhYNZL4","Use a fork to open","Use a fork to open","fork","fork"
"cmpl-4zraCg6Ph8xSbK0yjXAdPnidD11ay","Use a fork to eat a cupcake without getting your hands messy","Use a fork to eat a cupcake without getting your hands messy","fork","fork"
"cmpl-4zraCg6Ph8xSbK0yjXAdPnidD11ay","Stick a fork in an electrical outlet to see if it's still working","Stick a fork in an electrical outlet to see if it's still working","fork","fork"
"cmpl-4zraCg6Ph8xSbK0yjXAdPnidD11ay","Use a fork to comb your hair","Use a fork to comb your hair","fork","fork"
"cmpl-4zraCg6Ph8xSbK0yjXAdPnidD11ay","Use a fork as a toothpick","Use a fork as a toothpick","fork","fork"
"cmpl-4zraCg6Ph8xSbK0yjXAdPnidD11ay","Stick a fork in the ground to mark your spot in line","Stick a fork in the ground to mark your spot in line","fork","fork"
"cmpl-4zraCg6Ph8xSbK0yjXAdPnidD11ay","Use a fork","Use a fork","fork","fork"
"cmpl-4zraGctlemkCLq7TdhINVy0S5X0JP","Fork art: Create fun designs and shapes using a fork as your paintbrush!","Fork art: Create fun designs and shapes using a fork as your paintbrush!","fork","fork"
"cmpl-4zraGctlemkCLq7TdhINVy0S5X0JP","Use a fork to curl your hair – no curlers necessary!","Use a fork to curl your hair – no curlers necessary!","fork","fork"
"cmpl-4zraGctlemkCLq7TdhINVy0S5X0JP","Make music with your fork: tap it against different surfaces to create unique sounds","Make music with your fork: tap it against different surfaces to create unique sounds","fork","fork"
"cmpl-4zraGctlemkCLq7TdhINVy0S5X0JP","Keep your drink cold by freezing a few forks and adding them to your glass","Keep your drink cold by freezing a few forks and adding them to your glass","fork","fork"
"cmpl-4zraGctlemkCLq7TdhINVy0S5X0JP","Get rid of","Get rid of","fork","fork"
"cmpl-4zraM64Ja1WKyyzHnRS2C1x6wvtM1","Use a fork to eat soup instead of a spoon","Use a fork to eat soup instead of a spoon","fork","fork"
"cmpl-4zraM64Ja1WKyyzHnRS2C1x6wvtM1","Use a fork to apply makeup instead of a brush","Use a fork to apply makeup instead of a brush","fork","fork"
"cmpl-4zraM64Ja1WKyyzHnRS2C1x6wvtM1","Use a fork as a toothpick","Use a fork as a toothpick","fork","fork"
"cmpl-4zraM64Ja1WKyyzHnRS2C1x6wvtM1","Use a fork to scratch an itch you can't reach","Use a fork to scratch an itch you can't reach","fork","fork"
"cmpl-4zraM64Ja1WKyyzHnRS2C1x6wvtM1","Use a fork to play the piano (if the keys are big enough!)","Use a fork to play the piano (if the keys are big enough!)","fork","fork"
"cmpl-4zraM64Ja1WKyyzHnRS2C1x6wvtM1","Use a fork in","Use a fork in","fork","fork"
"cmpl-4zraQmDGIEyFg7seTG2WjAuWnieHS","Eat cereal with a fork instead of a spoon","Eat cereal with a fork instead of a spoon","fork","fork"
"cmpl-4zraQmDGIEyFg7seTG2WjAuWnieHS","Use a fork to play fetch with your dog","Use a fork to play fetch with your dog","fork","fork"
"cmpl-4zraQmDGIEyFg7seTG2WjAuWnieHS","Use a fork as a bookmark in your favorite book","Use a fork as a bookmark in your favorite book","fork","fork"
"cmpl-4zraQmDGIEyFg7seTG2WjAuWnieHS","Keep track of your keys by hanging them on a fork","Keep track of your keys by hanging them on a fork","fork","fork"
"cmpl-4zraQmDGIEyFg7seTG2WjAuWnieHS","Use a fork to open up tightly sealed jars","Use a fork to open up tightly sealed jars","fork","fork"
"cmpl-4zraQmDGIEyFg7seTG2WjAuWnieHS","Sift flour by using a fork instead","Sift flour by using a fork instead","fork","fork"
"cmpl-4zraUifPUfrYanvkLcAzlKBfY459v","Use a fork to eat soup instead of a spoon","Use a fork to eat soup instead of a spoon","fork","fork"
"cmpl-4zraUifPUfrYanvkLcAzlKBfY459v","Use a fork to play the piano","Use a fork to play the piano","fork","fork"
"cmpl-4zraUifPUfrYanvkLcAzlKBfY459v","Use a fork to brush your teeth","Use a fork to brush your teeth","fork","fork"
"cmpl-4zraUifPUfrYanvkLcAzlKBfY459v","Use a fork to comb your hair","Use a fork to comb your hair","fork","fork"
"cmpl-4zraUifPUfrYanvkLcAzlKBfY459v","Use a fork as a bookmark in your book","Use a fork as a bookmark in your book","fork","fork"
"cmpl-4zraUifPUfrYanvkLcAzlKBfY459v","Stick forks in the ground to make a garden fence or trellis for climbing","Stick forks in the ground to make a garden fence or trellis for climbing","fork","fork"
"cmpl-4zraZpLyhHci56f4QhgT4B7SmCvrt","Use a fork to curl your hair","Use a fork to curl your hair","fork","fork"
"cmpl-4zraZpLyhHci56f4QhgT4B7SmCvrt","Use a fork to eat soup without getting your hands dirty.","Use a fork to eat soup without getting your hands dirty.","fork","fork"
"cmpl-4zraZpLyhHci56f4QhgT4B7SmCvrt","Stick a fork in an electrical outlet to see if it’s still working.","Stick a fork in an electrical outlet to see if it’s still working.","fork","fork"
"cmpl-4zraZpLyhHci56f4QhgT4B7SmCvrt","Hold a fork by the tines and use the handle to hammer in nails","Hold a fork by the tines and use the handle to hammer in nails","fork","fork"
"cmpl-4zraZpLyhHci56f4QhgT4B7SmCvrt","Place a fork in between the door and door","Place a fork in between the door and door","fork","fork"
"cmpl-4zrad3UgMywrIHWm2sISmtf8VYQgP","eat food","eat food","fork","fork"
"cmpl-4zrad3UgMywrIHWm2sISmtf8VYQgP","utensil to cook food","utensil to cook food","fork","fork"
"cmpl-4zrad3UgMywrIHWm2sISmtf8VYQgP","serve food","serve food","fork","fork"
"cmpl-4zrad3UgMywrIHWm2sISmtf8VYQgP","tool to eat difficult foods such as lobster or steak","tool to eat difficult foods such as lobster or steak","fork","fork"
"cmpl-4zrad3UgMywrIHWm2sISmtf8VYQgP","play musical instruments such as the violin or","play musical instruments such as the violin or","fork","fork"
"cmpl-4zrahdwzmeu6wqCXH9mwDInKMIiDX","Eating soup","Eating soup","fork","fork"
"cmpl-4zrahdwzmeu6wqCXH9mwDInKMIiDX","Holding up a table","Holding up a table","fork","fork"
"cmpl-4zrahdwzmeu6wqCXH9mwDInKMIiDX","Using as a hairbrush","Using as a hairbrush","fork","fork"
"cmpl-4zrahdwzmeu6wqCXH9mwDInKMIiDX","Wearing as a necklace","Wearing as a necklace","fork","fork"
"cmpl-4zrahdwzmeu6wqCXH9mwDInKMIiDX","Building a fort","Building a fort","fork","fork"
"cmpl-4zrahdwzmeu6wqCXH9mwDInKMIiDX","Pretending to be a telephone","Pretending to be a telephone","fork","fork"
"cmpl-4zrahdwzmeu6wqCXH9mwDInKMIiDX","Using as chopsticks","Using as chopsticks","fork","fork"
"cmpl-4zrahdwzmeu6wqCXH9mwDInKMIiDX","Making music with it","Making music with it","fork","fork"
"cmpl-4zrahdwzmeu6wqCXH9mwDInKMIiDX","Digging in the sand","Digging in the sand","fork","fork"
"cmpl-4zrakJLlAzMdyKNNYUGLwDUYw1gGV","hairpin","hairpin","fork","fork"
"cmpl-4zrakJLlAzMdyKNNYUGLwDUYw1gGV","eat soup","eat soup","fork","fork"
"cmpl-4zrakJLlAzMdyKNNYUGLwDUYw1gGV","back scratcher","back scratcher","fork","fork"
"cmpl-4zrakJLlAzMdyKNNYUGLwDUYw1gGV","pick up food that has fallen on the floor","pick up food that has fallen on the floor","fork","fork"
"cmpl-4zrakJLlAzMdyKNNYUGLwDUYw1gGV","play the piano","play the piano","fork","fork"
"cmpl-4zrakJLlAzMdyKNNYUGLwDUYw1gGV","used","used","fork","fork"
"cmpl-4zraqw62ODEyAK2awfLKbL89Lp8B3","Use a fork to eat soup","Use a fork to eat soup","fork","fork"
"cmpl-4zraqw62ODEyAK2awfLKbL89Lp8B3","Stick a fork in a piece of fruit to eat it","Stick a fork in a piece of fruit to eat it","fork","fork"
"cmpl-4zraqw62ODEyAK2awfLKbL89Lp8B3","Use a fork as a spoon when eating cereal or yogurt","Use a fork as a spoon when eating cereal or yogurt","fork","fork"
"cmpl-4zraqw62ODEyAK2awfLKbL89Lp8B3","Hold a fork like chopsticks to eat rice or noodles","Hold a fork like chopsticks to eat rice or noodles","fork","fork"
"cmpl-4zraqw62ODEyAK2awfLKbL89Lp8B3","Stick a fork in your hair to hold it back while you're cooking","Stick a fork in your hair to hold it back while you're cooking","fork","fork"
"cmpl-4zraqw62ODEyAK2awfLKbL89Lp8B3","Use a fork","Use a fork","fork","fork"
"cmpl-4zratgs7BTfghucjtwvLdg3h5Ktcj","Use a fork to comb your hair","Use a fork to comb your hair","fork","fork"
"cmpl-4zratgs7BTfghucjtwvLdg3h5Ktcj","Use a fork to apply makeup","Use a fork to apply makeup","fork","fork"
"cmpl-4zratgs7BTfghucjtwvLdg3h5Ktcj","Use a fork as a toothpick","Use a fork as a toothpick","fork","fork"
"cmpl-4zratgs7BTfghucjtwvLdg3h5Ktcj","Stick a fork in an electrical outlet to see if it's still working","Stick a fork in an electrical outlet to see if it's still working","fork","fork"
"cmpl-4zratgs7BTfghucjtwvLdg3h5Ktcj","Hold a fork by the tines and use the handle as a drumstick","Hold a fork by the tines and use the handle as a drumstick","fork","fork"
"cmpl-4zratgs7BTfghucjtwvLdg3h5Ktcj","Place a fork in front of a","Place a fork in front of a","fork","fork"
"cmpl-4zrawJ9oDldEBthK2vgZupbmFMm4H","Use a fork to fluff up your hair for a quick and easy hairstyle","Use a fork to fluff up your hair for a quick and easy hairstyle","fork","fork"
"cmpl-4zrawJ9oDldEBthK2vgZupbmFMm4H","Stick a fork in an electrical outlet to see if it's still working","Stick a fork in an electrical outlet to see if it's still working","fork","fork"
"cmpl-4zrawJ9oDldEBthK2vgZupbmFMm4H","Use a fork as a bookmark in your favorite book","Use a fork as a bookmark in your favorite book","fork","fork"
"cmpl-4zrawJ9oDldEBthK2vgZupbmFMm4H","Straighten out a bent fork with another fork","Straighten out a bent fork with another fork","fork","fork"
"cmpl-4zrawJ9oDldEBthK2vgZupbmFMm4H","Curl your lashes with a cleanfork tine for","Curl your lashes with a cleanfork tine for","fork","fork"
"cmpl-4zrb0QXXrFMPbzffB0TG92HVogg3y","back scratcher","back scratcher","fork","fork"
"cmpl-4zrb0QXXrFMPbzffB0TG92HVogg3y","toothpick","toothpick","fork","fork"
"cmpl-4zrb0QXXrFMPbzffB0TG92HVogg3y","remove splinters","remove splinters","fork","fork"
"cmpl-4zrb0QXXrFMPbzffB0TG92HVogg3y","apply makeup","apply makeup","fork","fork"
"cmpl-4zrb0QXXrFMPbzffB0TG92HVogg3y","comb your hair","comb your hair","fork","fork"
"cmpl-4zrb0QXXrFMPbzffB0TG92HVogg3y","open bottles and cans","open bottles and cans","fork","fork"
"cmpl-4zrb4pbZjJzgQf6xbhicfC27UEn7l","Drive nails into wood","Drive nails into wood","fork","fork"
"cmpl-4zrb4pbZjJzgQf6xbhicfC27UEn7l","Pick up food from a plate","Pick up food from a plate","fork","fork"
"cmpl-4zrb4pbZjJzgQf6xbhicfC27UEn7l","Hold hair in place while braiding","Hold hair in place while braiding","fork","fork"
"cmpl-4zrb4pbZjJzgQf6xbhicfC27UEn7l","Eat soup without making a mess","Eat soup without making a mess","fork","fork"
"cmpl-4zrb4pbZjJzgQf6xbhicfC27UEn7l","Dig in the dirt","Dig in the dirt","fork","fork"
"cmpl-4zrb4pbZjJzgQf6xbhicfC27UEn7l","Measure ingredients","Measure ingredients","fork","fork"
"cmpl-4zrb4pbZjJzgQf6xbhicfC27UEn7l","Play the piano","Play the piano","fork","fork"
"cmpl-4zrb4pbZjJzgQf6xbhicfC27UEn7l","Make a snow angel","Make a snow angel","fork","fork"
"cmpl-4zrb4pbZjJzgQf6xbhicfC27UEn7l","Comb your hair","Comb your hair","fork","fork"
"cmpl-4zrb7jeIL1TFrfKlWLLLftejtTyZb","used as impromptu toothpicks. Simply insert the tines of the fork into your teeth and give them a good cleaning","used as impromptu toothpicks. Simply insert the tines of the fork into your teeth and give them a good cleaning","fork","fork"
"cmpl-4zrb7jeIL1TFrfKlWLLLftejtTyZb","If you're ever in a pinch and need to open a bottle of wine use a fork! Stick the fork into the cork and twist it until the cork pops out","If you're ever in a pinch and need to open a bottle of wine use a fork! Stick the fork into the cork and twist it until the cork pops out","fork","fork"
"cmpl-4zrb7jeIL1TFrfKlWLLLftejtTyZb","Use a fork","Use a fork","fork","fork"
"cmpl-4zrbDITGHAQhN1jsdlVUwpqxbMxvL","eat food","eat food","fork","fork"
"cmpl-4zrbDITGHAQhN1jsdlVUwpqxbMxvL","pick up food that has fallen on the ground","pick up food that has fallen on the ground","fork","fork"
"cmpl-4zrbDITGHAQhN1jsdlVUwpqxbMxvL","help cut food into smaller pieces","help cut food into smaller pieces","fork","fork"
"cmpl-4zrbDITGHAQhN1jsdlVUwpqxbMxvL","shovel to scoop up food onto your plate","shovel to scoop up food onto your plate","fork","fork"
"cmpl-4zrbDITGHAQhN1jsdlVUwpqxbMxvL","projectile in a","projectile in a","fork","fork"
"cmpl-4zrbJ1ywGvexOFDxf6gmBhbuPPecR","Tin Can Telephone: This is a classic use for a tin can and one that has been around for generations. All you need are two tin cans some string and something to punch holes in the bottom of the cans (a nail or a sharp object). Once you have your materials simply tie the string between the two cans making sure that the string is tight","Tin Can Telephone: This is a classic use for a tin can and one that has been around for generations. All you need are two tin cans some string and something to punch holes in the bottom of the cans (a nail or a sharp object). Once you have your materials simply tie the string between the two cans making sure that the string is tight","tin can","tin can"
"cmpl-4zrbN3psnyAw89kktoFkUMgimFZjc","could be used as a vase for flowers","could be used as a vase for flowers","tin can","tin can"
"cmpl-4zrbN3psnyAw89kktoFkUMgimFZjc","a pen holder on a desk","a pen holder on a desk","tin can","tin can"
"cmpl-4zrbN3psnyAw89kktoFkUMgimFZjc","could be used to store loose change","could be used to store loose change","tin can","tin can"
"cmpl-4zrbN3psnyAw89kktoFkUMgimFZjc","hold toothpicks on a countertop","hold toothpicks on a countertop","tin can","tin can"
"cmpl-4zrbN3psnyAw89kktoFkUMgimFZjc","might be used as a planter for small plants or","might be used as a planter for small plants or","tin can","tin can"
"cmpl-4zrbRsbIaGxBqfOccYpoUD0CMO0xl","telephone","telephone","tin can","tin can"
"cmpl-4zrbRsbIaGxBqfOccYpoUD0CMO0xl","candle holder","candle holder","tin can","tin can"
"cmpl-4zrbRsbIaGxBqfOccYpoUD0CMO0xl","pen/pencil holder","pen/pencil holder","tin can","tin can"
"cmpl-4zrbRsbIaGxBqfOccYpoUD0CMO0xl","vase","vase","tin can","tin can"
"cmpl-4zrbRsbIaGxBqfOccYpoUD0CMO0xl","bird feeder","bird feeder","tin can","tin can"
"cmpl-4zrbRsbIaGxBqfOccYpoUD0CMO0xl","planter","planter","tin can","tin can"
"cmpl-4zrbRsbIaGxBqfOccYpoUD0CMO0xl","wind chime","wind chime","tin can","tin can"
"cmpl-4zrbRsbIaGxBqfOccYpoUD0CMO0xl","homemade musical instrument","homemade musical instrument","tin can","tin can"
"cmpl-4zrbRsbIaGxBqfOccYpoUD0CMO0xl","storage container","storage container","tin can","tin can"
"cmpl-4zrbTqtxt7KQ7CDXrryUu5jgWJ69a","vase","vase","tin can","tin can"
"cmpl-4zrbTqtxt7KQ7CDXrryUu5jgWJ69a","planter","planter","tin can","tin can"
"cmpl-4zrbTqtxt7KQ7CDXrryUu5jgWJ69a","hold pens and pencils","hold pens and pencils","tin can","tin can"
"cmpl-4zrbTqtxt7KQ7CDXrryUu5jgWJ69a","coin bank","coin bank","tin can","tin can"
"cmpl-4zrbTqtxt7KQ7CDXrryUu5jgWJ69a","candle holder","candle holder","tin can","tin can"
"cmpl-4zrbTqtxt7KQ7CDXrryUu5jgWJ69a","tin cancan","tin cancan","tin can","tin can"
"cmpl-4zrbYEeeRyYskiBlOLBZdW7zFQkf8","vase for flowers","vase for flowers","tin can","tin can"
"cmpl-4zrbYEeeRyYskiBlOLBZdW7zFQkf8","It can be used as a candle holder","It can be used as a candle holder","tin can","tin can"
"cmpl-4zrbYEeeRyYskiBlOLBZdW7zFQkf8","store small items such as buttons beads and other craft supplies","store small items such as buttons beads and other craft supplies","tin can","tin can"
"cmpl-4zrbYEeeRyYskiBlOLBZdW7zFQkf8","It makes a great piggy bank!","It makes a great piggy bank!","tin can","tin can"
"cmpl-4zrbYEeeRyYskiBlOLBZdW7zFQkf8","planter for small plants","planter for small plants","tin can","tin can"
"cmpl-4zrbcJSjnrQGQryl58b1WsAPwo0An","be used as a small planter for succulents or cacti","be used as a small planter for succulents or cacti","tin can","tin can"
"cmpl-4zrbcJSjnrQGQryl58b1WsAPwo0An","be used as a pencil holder on a desk","be used as a pencil holder on a desk","tin can","tin can"
"cmpl-4zrbcJSjnrQGQryl58b1WsAPwo0An","cut in half and used as salt and pepper shakers","cut in half and used as salt and pepper shakers","tin can","tin can"
"cmpl-4zrbcJSjnrQGQryl58b1WsAPwo0An","be used to hold paperclips or other small office supplies","be used to hold paperclips or other small office supplies","tin can","tin can"
"cmpl-4zrbcJSjnrQGQryl58b1WsAPwo0An","be painted","be painted","tin can","tin can"
"cmpl-4zrbgvVmZ78Tof0ZmGZSQtMyJiKFW","telephone","telephone","tin can","tin can"
"cmpl-4zrbgvVmZ78Tof0ZmGZSQtMyJiKFW","lantern","lantern","tin can","tin can"
"cmpl-4zrbgvVmZ78Tof0ZmGZSQtMyJiKFW","plant pot","plant pot","tin can","tin can"
"cmpl-4zrbgvVmZ78Tof0ZmGZSQtMyJiKFW","vase","vase","tin can","tin can"
"cmpl-4zrbgvVmZ78Tof0ZmGZSQtMyJiKFW","bird feeder","bird feeder","tin can","tin can"
"cmpl-4zrbgvVmZ78Tof0ZmGZSQtMyJiKFW","An ashtray","An ashtray","tin can","tin can"
"cmpl-4zrbgvVmZ78Tof0ZmGZSQtMyJiKFW","pencil holder","pencil holder","tin can","tin can"
"cmpl-4zrbgvVmZ78Tof0ZmGZSQtMyJiKFW","paintbrush holder","paintbrush holder","tin can","tin can"
"cmpl-4zrbgvVmZ78Tof0ZmGZSQtMyJiKFW","coin bank","coin bank","tin can","tin can"
"cmpl-4zrbjCwsB0SqWvKxicy8LGk53flyr","small planter for succulents or cacti","small planter for succulents or cacti","tin can","tin can"
"cmpl-4zrbjCwsB0SqWvKxicy8LGk53flyr","pencil holder by painting it and adding some fun embellishments","pencil holder by painting it and adding some fun embellishments","tin can","tin can"
"cmpl-4zrbjCwsB0SqWvKxicy8LGk53flyr","Use a tin can to make your own mini piñata filled with candy or other treats","Use a tin can to make your own mini piñata filled with candy or other treats","tin can","tin can"
"cmpl-4zrbjCwsB0SqWvKxicy8LGk53flyr","Cut out stars from paper and glue them onto","Cut out stars from paper and glue them onto","tin can","tin can"
"cmpl-4zrboUMyMByxhbrNsfLQZLnzSQJGu","could be used as a vase for flowers","could be used as a vase for flowers","tin can","tin can"
"cmpl-4zrboUMyMByxhbrNsfLQZLnzSQJGu","a candle holder","a candle holder","tin can","tin can"
"cmpl-4zrboUMyMByxhbrNsfLQZLnzSQJGu","hold pencils or pens on a desk","hold pencils or pens on a desk","tin can","tin can"
"cmpl-4zrboUMyMByxhbrNsfLQZLnzSQJGu","hold makeup brushes on a vanity","hold makeup brushes on a vanity","tin can","tin can"
"cmpl-4zrboUMyMByxhbrNsfLQZLnzSQJGu","store coins or other small items","store coins or other small items","tin can","tin can"
"cmpl-4zrboUMyMByxhbrNsfLQZLnzSQJGu","It","It","tin can","tin can"
"cmpl-4zrbtwe2uJcyLmGuEpGSsyDFGMDBA","be used as a coin bank","be used as a coin bank","tin can","tin can"
"cmpl-4zrbtwe2uJcyLmGuEpGSsyDFGMDBA","be used to store pencils and pens","be used to store pencils and pens","tin can","tin can"
"cmpl-4zrbtwe2uJcyLmGuEpGSsyDFGMDBA","be used as a vase for flowers","be used as a vase for flowers","tin can","tin can"
"cmpl-4zrbtwe2uJcyLmGuEpGSsyDFGMDBA","be used as a container for homemade candles","be used as a container for homemade candles","tin can","tin can"
"cmpl-4zrbtwe2uJcyLmGuEpGSsyDFGMDBA","be used as a planter for small plants or herbs","be used as a planter for small plants or herbs","tin can","tin can"
"cmpl-4zrbtwe2uJcyLmGuEpGSsyDFGMDBA","be used to","be used to","tin can","tin can"
"cmpl-4zrbwSX9olf2MYhbNdZkBNcAZCQil","Make a tin can telephone","Make a tin can telephone","tin can","tin can"
"cmpl-4zrbwSX9olf2MYhbNdZkBNcAZCQil","Use it as a coin bank","Use it as a coin bank","tin can","tin can"
"cmpl-4zrbwSX9olf2MYhbNdZkBNcAZCQil","Turn it into a vase or planter","Turn it into a vase or planter","tin can","tin can"
"cmpl-4zrbwSX9olf2MYhbNdZkBNcAZCQil","Make a lantern out of it","Make a lantern out of it","tin can","tin can"
"cmpl-4zrbwSX9olf2MYhbNdZkBNcAZCQil","Use it as part of a homemade wind chime or mobile","Use it as part of a homemade wind chime or mobile","tin can","tin can"
"cmpl-4zrbwSX9olf2MYhbNdZkBNcAZCQil","Decorate it and use it as a gift box or jewelry holder","Decorate it and use it as a gift box or jewelry holder","tin can","tin can"
"cmpl-4zrbwSX9olf2MYhbNdZkBNcAZCQil","Fill","Fill","tin can","tin can"
"cmpl-4zrc1U1RBUdlbhTUgAPDFfMfYh1z4","vase for flowers","vase for flowers","tin can","tin can"
"cmpl-4zrc1U1RBUdlbhTUgAPDFfMfYh1z4","hold pens and pencils","hold pens and pencils","tin can","tin can"
"cmpl-4zrc1U1RBUdlbhTUgAPDFfMfYh1z4","coin bank","coin bank","tin can","tin can"
"cmpl-4zrc1U1RBUdlbhTUgAPDFfMfYh1z4","make a wind chime","make a wind chime","tin can","tin can"
"cmpl-4zrc1U1RBUdlbhTUgAPDFfMfYh1z4","make a candle holder","make a candle holder","tin can","tin can"
"cmpl-4zrc1U1RBUdlbhTUgAPDFfMfYh1z4","tin cancan be","tin cancan be","tin can","tin can"
"cmpl-4zrc4u2VBu91FTQrKNvnOCHBqYgxm","telephone","telephone","tin can","tin can"
"cmpl-4zrc4u2VBu91FTQrKNvnOCHBqYgxm","candle holder","candle holder","tin can","tin can"
"cmpl-4zrc4u2VBu91FTQrKNvnOCHBqYgxm","plant pot","plant pot","tin can","tin can"
"cmpl-4zrc4u2VBu91FTQrKNvnOCHBqYgxm","pencil holder","pencil holder","tin can","tin can"
"cmpl-4zrc4u2VBu91FTQrKNvnOCHBqYgxm","coin bank","coin bank","tin can","tin can"
"cmpl-4zrc4u2VBu91FTQrKNvnOCHBqYgxm","picture frame","picture frame","tin can","tin can"
"cmpl-4zrc4u2VBu91FTQrKNvnOCHBqYgxm","vase","vase","tin can","tin can"
"cmpl-4zrc4u2VBu91FTQrKNvnOCHBqYgxm","Travel mug","Travel mug","tin can","tin can"
"cmpl-4zrc4u2VBu91FTQrKNvnOCHBqYgxm","dog bowl","dog bowl","tin can","tin can"
"cmpl-4zrc9anerQX6gOQWAFSdOcaJv26D0","Make a candle holder by punching holes in the top and bottom of the can","Make a candle holder by punching holes in the top and bottom of the can","tin can","tin can"
"cmpl-4zrc9anerQX6gOQWAFSdOcaJv26D0","Turn it into a vase or planter","Turn it into a vase or planter","tin can","tin can"
"cmpl-4zrc9anerQX6gOQWAFSdOcaJv26D0","Use it as a pencil holder on your desk","Use it as a pencil holder on your desk","tin can","tin can"
"cmpl-4zrc9anerQX6gOQWAFSdOcaJv26D0","Fill it with candy or other small treats and give it as a gift","Fill it with candy or other small treats and give it as a gift","tin can","tin can"
"cmpl-4zrc9anerQX6gOQWAFSdOcaJv26D0","Decorate it and use it as part of a centerpiece or table","Decorate it and use it as part of a centerpiece or table","tin can","tin can"
"cmpl-4zrcEwWIXCAMPu5UuJbCdaDxuIBFC","telephone","telephone","tin can","tin can"
"cmpl-4zrcEwWIXCAMPu5UuJbCdaDxuIBFC","lantern","lantern","tin can","tin can"
"cmpl-4zrcEwWIXCAMPu5UuJbCdaDxuIBFC","stove","stove","tin can","tin can"
"cmpl-4zrcEwWIXCAMPu5UuJbCdaDxuIBFC","wind chime","wind chime","tin can","tin can"
"cmpl-4zrcEwWIXCAMPu5UuJbCdaDxuIBFC","piñata","piñata","tin can","tin can"
"cmpl-4zrcEwWIXCAMPu5UuJbCdaDxuIBFC","planter","planter","tin can","tin can"
"cmpl-4zrcEwWIXCAMPu5UuJbCdaDxuIBFC","bird feeder","bird feeder","tin can","tin can"
"cmpl-4zrcEwWIXCAMPu5UuJbCdaDxuIBFC","candle holder","candle holder","tin can","tin can"
"cmpl-4zrcEwWIXCAMPu5UuJbCdaDxuIBFC","robot","robot","tin can","tin can"
"cmpl-4zrcIVXoehFFYCRYyynvdd5IJPIST","Make a wind chime out of tin cans and metal spoons","Make a wind chime out of tin cans and metal spoons","tin can","tin can"
"cmpl-4zrcIVXoehFFYCRYyynvdd5IJPIST","Cut the top off a tin can and use it as a planter for small succulents or cacti","Cut the top off a tin can and use it as a planter for small succulents or cacti","tin can","tin can"
"cmpl-4zrcIVXoehFFYCRYyynvdd5IJPIST","cute piggy bank by painting it pink and adding eyes nostrils and a coin slot in the top","cute piggy bank by painting it pink and adding eyes nostrils and a coin slot in the top","tin can","tin can"
"cmpl-4zrcMiOsRGzG85ajlnECUTr1dhMtt","Plant a herb garden in tin cans","Plant a herb garden in tin cans","tin can","tin can"
"cmpl-4zrcMiOsRGzG85ajlnECUTr1dhMtt","Make a wind chime out of tin cans and beads","Make a wind chime out of tin cans and beads","tin can","tin can"
"cmpl-4zrcMiOsRGzG85ajlnECUTr1dhMtt","Use tin cans as candle holders for an outdoor party","Use tin cans as candle holders for an outdoor party","tin can","tin can"
"cmpl-4zrcMiOsRGzG85ajlnECUTr1dhMtt","Create a mini Zen garden in a tin can","Create a mini Zen garden in a tin can","tin can","tin can"
"cmpl-4zrcMiOsRGzG85ajlnECUTr1dhMtt","Make a robot out of recycled materials including tin cans","Make a robot out of recycled materials including tin cans","tin can","tin can"
"cmpl-4zrcMiOsRGzG85ajlnECUTr1dhMtt","night light","night light","tin can","tin can"
"cmpl-4zrcS09GhsrrIIplF2CvuIXFdP89x","be used as a vase for flowers","be used as a vase for flowers","tin can","tin can"
"cmpl-4zrcS09GhsrrIIplF2CvuIXFdP89x","be used to hold pens and pencils","be used to hold pens and pencils","tin can","tin can"
"cmpl-4zrcS09GhsrrIIplF2CvuIXFdP89x","be used as a container for plants","be used as a container for plants","tin can","tin can"
"cmpl-4zrcS09GhsrrIIplF2CvuIXFdP89x","be used to store spices in the kitchen","be used to store spices in the kitchen","tin can","tin can"
"cmpl-4zrcS09GhsrrIIplF2CvuIXFdP89x","be used to organize makeup brushes on a vanity table.","be used to organize makeup brushes on a vanity table.","tin can","tin can"
"cmpl-4zrcVORSuELIlbtqYbPvYTtqlY04J","could be used as a vase for flowers","could be used as a vase for flowers","tin can","tin can"
"cmpl-4zrcVORSuELIlbtqYbPvYTtqlY04J","a pencil holder on a desk","a pencil holder on a desk","tin can","tin can"
"cmpl-4zrcVORSuELIlbtqYbPvYTtqlY04J","could be used to hold makeup brushes on a dressing table","could be used to hold makeup brushes on a dressing table","tin can","tin can"
"cmpl-4zrcVORSuELIlbtqYbPvYTtqlY04J","hold pens and markers in an art studio","hold pens and markers in an art studio","tin can","tin can"
"cmpl-4zrcVORSuELIlbtqYbPvYTtqlY04J","could be used as a cookie jar","could be used as a cookie jar","tin can","tin can"
"cmpl-4zrcYjzKqIIyHAfl5D4gYpEMjoKxu","could be used as a planter for small plants or herbs","could be used as a planter for small plants or herbs","tin can","tin can"
"cmpl-4zrcYjzKqIIyHAfl5D4gYpEMjoKxu","It could also be used as a candle holder; simply place a votive candle inside and enjoy the flickering light","It could also be used as a candle holder; simply place a votive candle inside and enjoy the flickering light","tin can","tin can"
"cmpl-4zrcYjzKqIIyHAfl5D4gYpEMjoKxu","For those who love baking a tin can be turned into a mini-loaf pan perfect for individual servings","For those who love baking a tin can be turned into a mini-loaf pan perfect for individual servings","tin can","tin can"
"cmpl-4zrcYjzKqIIyHAfl5D4gYpEMjoKxu","Have trouble opening jars?","Have trouble opening jars?","tin can","tin can"
"cmpl-4zrcbWi4mPn1Lgww0fOj0x3K3J11l","be used as a makeshift candle","be used as a makeshift candle","tin can","tin can"
"cmpl-4zrcbWi4mPn1Lgww0fOj0x3K3J11l","be used to store small items like paper clips or jewelry","be used to store small items like paper clips or jewelry","tin can","tin can"
"cmpl-4zrcbWi4mPn1Lgww0fOj0x3K3J11l","be used as a vase for flowers","be used as a vase for flowers","tin can","tin can"
"cmpl-4zrcbWi4mPn1Lgww0fOj0x3K3J11l","be used as a pen holder","be used as a pen holder","tin can","tin can"
"cmpl-4zrcbWi4mPn1Lgww0fOj0x3K3J11l","be used as a coin bank","be used as a coin bank","tin can","tin can"
"cmpl-4zrcbWi4mPn1Lgww0fOj0x3K3J11l","be turned into a wind chime","be turned into a wind chime","tin can","tin can"
"cmpl-4zrche9QeGMpmfsGYV3xuiIbbFgVW","small planter for herbs or succulents","small planter for herbs or succulents","tin can","tin can"
"cmpl-4zrche9QeGMpmfsGYV3xuiIbbFgVW","Use a tin can to create a DIY candle holder or tea light holder","Use a tin can to create a DIY candle holder or tea light holder","tin can","tin can"
"cmpl-4zrche9QeGMpmfsGYV3xuiIbbFgVW","Make a mini piñata out of a tin can – perfect for parties or decoration!","Make a mini piñata out of a tin can – perfect for parties or decoration!","tin can","tin can"
"cmpl-4zrche9QeGMpmfsGYV3xuiIbbFgVW","Decorate a tin can and use it as cute storage for pens pencils","Decorate a tin can and use it as cute storage for pens pencils","tin can","tin can"
"cmpl-4zrckGN0dM4lds8vCNfKvayt3Ir4z","Create a fun wind chime by painting and decorating tin cans of different sizes then punching holes in the top and bottom of each can. Suspend them from string or wire at different lengths to create unique tones","Create a fun wind chime by painting and decorating tin cans of different sizes then punching holes in the top and bottom of each can. Suspend them from string or wire at different lengths to create unique tones","tin can","tin can"
"cmpl-4zrckGN0dM4lds8vCNfKvayt3Ir4z","Make a mini piñata by filling a small tin can with candy then covering the opening with paper and securing it with tape or glue","Make a mini piñata by filling a small tin can with candy then covering the opening with paper and securing it with tape or glue","tin can","tin can"
"cmpl-4zrcoCBzGvxqYvlwl4T1Z9oAXzjjz","Make a wind chime out of a tin can and some string","Make a wind chime out of a tin can and some string","tin can","tin can"
"cmpl-4zrcoCBzGvxqYvlwl4T1Z9oAXzjjz","plant holder by painting it and adding drainage holes","plant holder by painting it and adding drainage holes","tin can","tin can"
"cmpl-4zrcoCBzGvxqYvlwl4T1Z9oAXzjjz","Use a tin can as a pencil holder on your desk","Use a tin can as a pencil holder on your desk","tin can","tin can"
"cmpl-4zrcoCBzGvxqYvlwl4T1Z9oAXzjjz","Make a mini trash can out of a tin can by decorating it and adding a lid","Make a mini trash can out of a tin can by decorating it and adding a lid","tin can","tin can"
"cmpl-4zrcoCBzGvxqYvlwl4T1Z9oAXzjjz","Create art by","Create art by","tin can","tin can"
"cmpl-4zrctu5fEjcEnja4LuWNvzRUHWU31","could be used as a vase for flowers","could be used as a vase for flowers","tin can","tin can"
"cmpl-4zrctu5fEjcEnja4LuWNvzRUHWU31","a container for paintbrushes","a container for paintbrushes","tin can","tin can"
"cmpl-4zrctu5fEjcEnja4LuWNvzRUHWU31","could be used to hold pencils or pens on a desk","could be used to hold pencils or pens on a desk","tin can","tin can"
"cmpl-4zrctu5fEjcEnja4LuWNvzRUHWU31","a planter for small plants or herbs","a planter for small plants or herbs","tin can","tin can"
"cmpl-4zrctu5fEjcEnja4LuWNvzRUHWU31","could be used to store coins","could be used to store coins","tin can","tin can"
"cmpl-4zrcxpMw6Qkz2QWcvYNNxrTQAiJ5G","could be used as a vase","could be used as a vase","tin can","tin can"
"cmpl-4zrcxpMw6Qkz2QWcvYNNxrTQAiJ5G","could be used as a container for pens and pencils","could be used as a container for pens and pencils","tin can","tin can"
"cmpl-4zrcxpMw6Qkz2QWcvYNNxrTQAiJ5G","could be used as a coin bank","could be used as a coin bank","tin can","tin can"
"cmpl-4zrcxpMw6Qkz2QWcvYNNxrTQAiJ5G","could be used to hold keys","could be used to hold keys","tin can","tin can"
"cmpl-4zrcxpMw6Qkz2QWcvYNNxrTQAiJ5G","could be used as a paperweight","could be used as a paperweight","tin can","tin can"
"cmpl-4zrcxpMw6Qkz2QWcvYNNxrTQAiJ5G","tin can","tin can","tin can","tin can"
"cmpl-4zrd1faKHBOm8Cxvlj8fYVq0YYNN0","Make a wind chime out of a tin can and some string","Make a wind chime out of a tin can and some string","tin can","tin can"
"cmpl-4zrd1faKHBOm8Cxvlj8fYVq0YYNN0","Use a tin can as a plant pot","Use a tin can as a plant pot","tin can","tin can"
"cmpl-4zrd1faKHBOm8Cxvlj8fYVq0YYNN0","pencil holder","pencil holder","tin can","tin can"
"cmpl-4zrd1faKHBOm8Cxvlj8fYVq0YYNN0","Upcycle a tin can into a vase or candle holder","Upcycle a tin can into a vase or candle holder","tin can","tin can"
"cmpl-4zrd1faKHBOm8Cxvlj8fYVq0YYNN0","Make your own mini trash can out of an old tin can","Make your own mini trash can out of an old tin can","tin can","tin can"
"cmpl-4zrd1faKHBOm8Cxvlj8fYVq0YYNN0","Create illuminated lantern","Create illuminated lantern","tin can","tin can"
"cmpl-4zrd524B8q1ksMWn7vFZYBuuX8IPn","can opener","can opener","tin can","tin can"
"cmpl-4zrd524B8q1ksMWn7vFZYBuuX8IPn","colander","colander","tin can","tin can"
"cmpl-4zrd524B8q1ksMWn7vFZYBuuX8IPn","candle holder","candle holder","tin can","tin can"
"cmpl-4zrd524B8q1ksMWn7vFZYBuuX8IPn","vase","vase","tin can","tin can"
"cmpl-4zrd524B8q1ksMWn7vFZYBuuX8IPn","pen holder","pen holder","tin can","tin can"
"cmpl-4zrd524B8q1ksMWn7vFZYBuuX8IPn","An ashtray","An ashtray","tin can","tin can"
"cmpl-4zrd524B8q1ksMWn7vFZYBuuX8IPn","bird feeder","bird feeder","tin can","tin can"
"cmpl-4zrd524B8q1ksMWn7vFZYBuuX8IPn","wind chime","wind chime","tin can","tin can"
"cmpl-4zrd524B8q1ksMWn7vFZYBuuX8IPn","planter","planter","tin can","tin can"
"cmpl-4zrdAUqGiLghD5AjfihSegqsCWnLT","planter for small plants or herbs","planter for small plants or herbs","tin can","tin can"
"cmpl-4zrdAUqGiLghD5AjfihSegqsCWnLT","Cut the top off of a tin can and use it as a pencil holder on your desk","Cut the top off of a tin can and use it as a pencil holder on your desk","tin can","tin can"
"cmpl-4zrdAUqGiLghD5AjfihSegqsCWnLT","Use a tin can as a vase for fresh flowers","Use a tin can as a vase for fresh flowers","tin can","tin can"
"cmpl-4zrdAUqGiLghD5AjfihSegqsCWnLT","Make a wind chime out of old tin cans and some string or wire","Make a wind chime out of old tin cans and some string or wire","tin can","tin can"
"cmpl-4zrdAUqGiLghD5AjfihSegqsCWnLT","Turn","Turn","tin can","tin can"
"cmpl-4zrdDeq7FkGc7hNoiW5nBllPOvLaB","vase","vase","tin can","tin can"
"cmpl-4zrdDeq7FkGc7hNoiW5nBllPOvLaB","make a wind chime","make a wind chime","tin can","tin can"
"cmpl-4zrdDeq7FkGc7hNoiW5nBllPOvLaB","planter","planter","tin can","tin can"
"cmpl-4zrdDeq7FkGc7hNoiW5nBllPOvLaB","bird feeder","bird feeder","tin can","tin can"
"cmpl-4zrdDeq7FkGc7hNoiW5nBllPOvLaB","hold pencils or pens on a desk","hold pencils or pens on a desk","tin can","tin can"
