"","research_id","respondent_id","response_id","temperature","object","response_EN","originality_rating","utility_rating","surprise_rating"
"1","GPT3202204",1,2022040001,0.67,"book","doorstop",NA,NA,NA
"2","GPT3202204",1,2022040002,0.67,"book","start a fire",NA,NA,NA
"3","GPT3202204",1,2022040003,0.67,"book","prop up a table or chair leg",NA,NA,NA
"4","GPT3202204",1,2022040004,0.67,"book","paperweight",NA,NA,NA
"5","GPT3202204",1,2022040005,0.67,"book","make art such as by decoupaging it onto a canvas or",NA,NA,NA
"6","GPT3202204",2,2022040006,0.67,"book","door stop",NA,NA,NA
"7","GPT3202204",2,2022040007,0.67,"book","start a fire",NA,NA,NA
"8","GPT3202204",2,2022040008,0.67,"book","prop up a table or chair leg",NA,NA,NA
"9","GPT3202204",2,2022040009,0.67,"book","paperweight",NA,NA,NA
"10","GPT3202204",2,2022040010,0.67,"book","make a collage or sculpture",NA,NA,NA
"11","GPT3202204",2,2022040011,0.67,"book","can be",NA,NA,NA
"12","GPT3202204",3,2022040012,0.67,"book","door stop",NA,NA,NA
"13","GPT3202204",3,2022040013,0.67,"book","prop up a table or chair leg",NA,NA,NA
"14","GPT3202204",3,2022040014,0.67,"book","paperweight",NA,NA,NA
"15","GPT3202204",3,2022040015,0.67,"book","make a collage or scrapbook",NA,NA,NA
"16","GPT3202204",3,2022040016,0.67,"book","cut up and used as confetti or streamers",NA,NA,NA
"17","GPT3202204",4,2022040017,0.68,"book","doorstop",NA,NA,NA
"18","GPT3202204",4,2022040018,0.68,"book","start a fire",NA,NA,NA
"19","GPT3202204",4,2022040019,0.68,"book","paperweight",NA,NA,NA
"20","GPT3202204",4,2022040020,0.68,"book","prop up a wobbly table leg",NA,NA,NA
"21","GPT3202204",4,2022040021,0.68,"book","coaster for drinks (to prevent water rings on furniture)",NA,NA,NA
"22","GPT3202204",5,2022040022,0.68,"book","doorstop",NA,NA,NA
"23","GPT3202204",5,2022040023,0.68,"book","hold open a window",NA,NA,NA
"24","GPT3202204",5,2022040024,0.68,"book","coaster for a hot beverage",NA,NA,NA
"25","GPT3202204",5,2022040025,0.68,"book","level a table or shelf",NA,NA,NA
"26","GPT3202204",5,2022040026,0.68,"book","used as an improvised weapon in self-defense or attack",NA,NA,NA
"27","GPT3202204",6,2022040027,0.68,"book","Make a book into a lampshade",NA,NA,NA
"28","GPT3202204",6,2022040028,0.68,"book","Turn an old book into a secret compartment",NA,NA,NA
"29","GPT3202204",6,2022040029,0.68,"book","Use books as coasters for your drinks",NA,NA,NA
"30","GPT3202204",6,2022040030,0.68,"book","Build a fort out of old books",NA,NA,NA
"31","GPT3202204",6,2022040031,0.68,"book","Donate books to your local library or hospital waiting room",NA,NA,NA
"32","GPT3202204",6,2022040032,0.68,"book","Give a new twist to an old favorite by reading it in character voices",NA,NA,NA
"33","GPT3202204",7,2022040033,0.69,"book","doorstop",NA,NA,NA
"34","GPT3202204",7,2022040034,0.69,"book","start a fire",NA,NA,NA
"35","GPT3202204",7,2022040035,0.69,"book","paperweight",NA,NA,NA
"36","GPT3202204",7,2022040036,0.69,"book","prop up a wobbly table or chair",NA,NA,NA
"37","GPT3202204",7,2022040037,0.69,"book","weapon (for self-defense or attack)",NA,NA,NA
"38","GPT3202204",8,2022040038,0.69,"book","doorstop",NA,NA,NA
"39","GPT3202204",8,2022040039,0.69,"book","paperweight",NA,NA,NA
"40","GPT3202204",8,2022040040,0.69,"book","prop up a wobbly table leg",NA,NA,NA
"41","GPT3202204",8,2022040041,0.69,"book","make a small shelf or ledge",NA,NA,NA
"42","GPT3202204",8,2022040042,0.69,"book","hold open a window or door",NA,NA,NA
"43","GPT3202204",9,2022040043,0.69,"book","doorstop",NA,NA,NA
"44","GPT3202204",9,2022040044,0.69,"book","level a table or shelf",NA,NA,NA
"45","GPT3202204",9,2022040045,0.69,"book","paperweight",NA,NA,NA
"46","GPT3202204",9,2022040046,0.69,"book","make a impromptu stool or chair",NA,NA,NA
"47","GPT3202204",9,2022040047,0.69,"book","used in place of a cutting board when slicing vegetables or meat",NA,NA,NA
"48","GPT3202204",10,2022040048,0.7,"book","doorstop",NA,NA,NA
"49","GPT3202204",10,2022040049,0.7,"book","keep a table level",NA,NA,NA
"50","GPT3202204",10,2022040050,0.7,"book","make a paperweight",NA,NA,NA
"51","GPT3202204",10,2022040051,0.7,"book","coaster for hot drinks",NA,NA,NA
"52","GPT3202204",10,2022040052,0.7,"book","hold open a window or door",NA,NA,NA
"53","GPT3202204",10,2022040053,0.7,"book","can be",NA,NA,NA
"54","GPT3202204",11,2022040054,0.7,"book","doorstop",NA,NA,NA
"55","GPT3202204",11,2022040055,0.7,"book","start a fire in an emergency situation",NA,NA,NA
"56","GPT3202204",11,2022040056,0.7,"book","coaster for your beverage",NA,NA,NA
"57","GPT3202204",11,2022040057,0.7,"book","level a table or surface",NA,NA,NA
"58","GPT3202204",11,2022040058,0.7,"book","used as decoration on a shelf or mantelpiece",NA,NA,NA
"59","GPT3202204",12,2022040059,0.7,"book","doorstop",NA,NA,NA
"60","GPT3202204",12,2022040060,0.7,"book","start a fire",NA,NA,NA
"61","GPT3202204",12,2022040061,0.7,"book","prop up a table",NA,NA,NA
"62","GPT3202204",12,2022040062,0.7,"book","paperweight",NA,NA,NA
"63","GPT3202204",12,2022040063,0.7,"book","hold open a window",NA,NA,NA
"64","GPT3202204",12,2022040064,0.7,"book","make a paper",NA,NA,NA
"65","GPT3202204",13,2022040065,0.71,"book","doorstop",NA,NA,NA
"66","GPT3202204",13,2022040066,0.71,"book","level a table or shelf",NA,NA,NA
"67","GPT3202204",13,2022040067,0.71,"book","paperweight",NA,NA,NA
"68","GPT3202204",13,2022040068,0.71,"book","make a collage or scrapbook",NA,NA,NA
"69","GPT3202204",13,2022040069,0.71,"book","used as kindling for a fire",NA,NA,NA
"70","GPT3202204",13,2022040070,0.71,"book","can",NA,NA,NA
"71","GPT3202204",14,2022040071,0.71,"book","doorstop",NA,NA,NA
"72","GPT3202204",14,2022040072,0.71,"book","level a table or other surface",NA,NA,NA
"73","GPT3202204",14,2022040073,0.71,"book","prop up a wobbly chair or couch",NA,NA,NA
"74","GPT3202204",14,2022040074,0.71,"book","paperweight",NA,NA,NA
"75","GPT3202204",14,2022040075,0.71,"book","door stop in an open doorway to help",NA,NA,NA
"76","GPT3202204",15,2022040076,0.71,"book","doorstop",NA,NA,NA
"77","GPT3202204",15,2022040077,0.71,"book","level a table or shelf",NA,NA,NA
"78","GPT3202204",15,2022040078,0.71,"book","paperweight",NA,NA,NA
"79","GPT3202204",15,2022040079,0.71,"book","keep papers from blowing away in the wind",NA,NA,NA
"80","GPT3202204",15,2022040080,0.71,"book","make a small step stool",NA,NA,NA
"81","GPT3202204",15,2022040081,0.71,"book","book",NA,NA,NA
"82","GPT3202204",16,2022040082,0.72,"book","doorstop",NA,NA,NA
"83","GPT3202204",16,2022040083,0.72,"book","prop up a wobbly table",NA,NA,NA
"84","GPT3202204",16,2022040084,0.72,"book","make a paper airplane",NA,NA,NA
"85","GPT3202204",16,2022040085,0.72,"book","used as kindling for a fire",NA,NA,NA
"86","GPT3202204",16,2022040086,0.72,"book","absorb spilled liquid",NA,NA,NA
"87","GPT3202204",16,2022040087,0.72,"book","collection of books",NA,NA,NA
"88","GPT3202204",17,2022040088,0.72,"book","door stop",NA,NA,NA
"89","GPT3202204",17,2022040089,0.72,"book","level a table",NA,NA,NA
"90","GPT3202204",17,2022040090,0.72,"book","prop up a wobbly chair",NA,NA,NA
"91","GPT3202204",17,2022040091,0.72,"book","paperweight",NA,NA,NA
"92","GPT3202204",17,2022040092,0.72,"book","make a small stool or side table",NA,NA,NA
"93","GPT3202204",17,2022040093,0.72,"book","cut in half and the",NA,NA,NA
"94","GPT3202204",18,2022040094,0.72,"book","doorstop",NA,NA,NA
"95","GPT3202204",18,2022040095,0.72,"book","level a table or chair",NA,NA,NA
"96","GPT3202204",18,2022040096,0.72,"book","paperweight",NA,NA,NA
"97","GPT3202204",18,2022040097,0.72,"book","prop open a window",NA,NA,NA
"98","GPT3202204",18,2022040098,0.72,"book","coaster for a hot beverage",NA,NA,NA
"99","GPT3202204",18,2022040099,0.72,"book","used",NA,NA,NA
"100","GPT3202204",19,2022040100,0.73,"book","doorstop",NA,NA,NA
"101","GPT3202204",19,2022040101,0.73,"book","level a table or chair",NA,NA,NA
"102","GPT3202204",19,2022040102,0.73,"book","paperweight",NA,NA,NA
"103","GPT3202204",19,2022040103,0.73,"book","prop up a wobbly leg on a piece of furniture",NA,NA,NA
"104","GPT3202204",19,2022040104,0.73,"book","used as fuel for a fire",NA,NA,NA
"105","GPT3202204",20,2022040105,0.73,"book","door stop",NA,NA,NA
"106","GPT3202204",20,2022040106,0.73,"book","level a table or shelf",NA,NA,NA
"107","GPT3202204",20,2022040107,0.73,"book","prop up a wobbly chair or table leg",NA,NA,NA
"108","GPT3202204",20,2022040108,0.73,"book","paperweight",NA,NA,NA
"109","GPT3202204",20,2022040109,0.73,"book","smash spiders or other bugs",NA,NA,NA
"110","GPT3202204",21,2022040110,0.73,"book","doorstop",NA,NA,NA
"111","GPT3202204",21,2022040111,0.73,"book","level a table or chair",NA,NA,NA
"112","GPT3202204",21,2022040112,0.73,"book","paperweight",NA,NA,NA
"113","GPT3202204",21,2022040113,0.73,"book","prop up a wobbly table leg",NA,NA,NA
"114","GPT3202204",21,2022040114,0.73,"book","used as kindling for a fire",NA,NA,NA
"115","GPT3202204",21,2022040115,0.73,"book","book",NA,NA,NA
"116","GPT3202204",22,2022040116,0.74,"book","Make a book into a lampshade",NA,NA,NA
"117","GPT3202204",22,2022040117,0.74,"book","clock by gluing numbers to the cover and attaching hands",NA,NA,NA
"118","GPT3202204",22,2022040118,0.74,"book","Create a sculpture or collage by decoupaging old book pages onto an object",NA,NA,NA
"119","GPT3202204",22,2022040119,0.74,"book","Make coasters out ofbook pages sealed with mod podge.",NA,NA,NA
"120","GPT3202204",22,2022040120,0.74,"book","Fold the pages of an old book",NA,NA,NA
"121","GPT3202204",23,2022040121,0.74,"book","doorstop",NA,NA,NA
"122","GPT3202204",23,2022040122,0.74,"book","level a table or shelf",NA,NA,NA
"123","GPT3202204",23,2022040123,0.74,"book","paperweight",NA,NA,NA
"124","GPT3202204",23,2022040124,0.74,"book","make a collage or sculpture",NA,NA,NA
"125","GPT3202204",23,2022040125,0.74,"book","used as fuel for a fire",NA,NA,NA
"126","GPT3202204",23,2022040126,0.74,"book","used",NA,NA,NA
"127","GPT3202204",24,2022040127,0.74,"book","door stop",NA,NA,NA
"128","GPT3202204",24,2022040128,0.74,"book","balance a wobbly table",NA,NA,NA
"129","GPT3202204",24,2022040129,0.74,"book","paperweight",NA,NA,NA
"130","GPT3202204",24,2022040130,0.74,"book","prop up a wonky picture frame",NA,NA,NA
"131","GPT3202204",24,2022040131,0.74,"book","make a small stool more comfortable",NA,NA,NA
"132","GPT3202204",24,2022040132,0.74,"book","A",NA,NA,NA
"133","GPT3202204",25,2022040133,0.75,"book","doorstop",NA,NA,NA
"134","GPT3202204",25,2022040134,0.75,"book","prop up a wobbly table",NA,NA,NA
"135","GPT3202204",25,2022040135,0.75,"book","coaster for your cold beverage",NA,NA,NA
"136","GPT3202204",25,2022040136,0.75,"book","hold open a window",NA,NA,NA
"137","GPT3202204",25,2022040137,0.75,"book","can serve as a paperweight on your desk",NA,NA,NA
"138","GPT3202204",25,2022040138,0.75,"book","You",NA,NA,NA
"139","GPT3202204",26,2022040139,0.75,"book","Make a book into a clock by attaching clock hands to the cover",NA,NA,NA
"140","GPT3202204",26,2022040140,0.75,"book","secret hiding place by cutting out a square hole in the center of the pages",NA,NA,NA
"141","GPT3202204",26,2022040141,0.75,"book","Use an old book as decoration by stacking it on top of other books or placing it in an empty frame",NA,NA,NA
"142","GPT3202204",26,2022040142,0.75,"book","Repurpose a hardcover book into a photo",NA,NA,NA
"143","GPT3202204",27,2022040143,0.75,"book","doorstop",NA,NA,NA
"144","GPT3202204",27,2022040144,0.75,"book","level a table",NA,NA,NA
"145","GPT3202204",27,2022040145,0.75,"book","prop up a wobbly chair",NA,NA,NA
"146","GPT3202204",27,2022040146,0.75,"book","paperweight",NA,NA,NA
"147","GPT3202204",27,2022040147,0.75,"book","make a papier-mâché mask or sculpture",NA,NA,NA
"148","GPT3202204",28,2022040148,0.76,"book","doorstop",NA,NA,NA
"149","GPT3202204",28,2022040149,0.76,"book","start a fire",NA,NA,NA
"150","GPT3202204",28,2022040150,0.76,"book","coaster for your drink",NA,NA,NA
"151","GPT3202204",28,2022040151,0.76,"book","prop up a table or shelf",NA,NA,NA
"152","GPT3202204",28,2022040152,0.76,"book","cut up and made into paper airplanes or origami shapes",NA,NA,NA
"153","GPT3202204",29,2022040153,0.76,"book","doorstop",NA,NA,NA
"154","GPT3202204",29,2022040154,0.76,"book","level a table or piece of furniture",NA,NA,NA
"155","GPT3202204",29,2022040155,0.76,"book","paperweight",NA,NA,NA
"156","GPT3202204",29,2022040156,0.76,"book","decorate a room or shelf",NA,NA,NA
"157","GPT3202204",29,2022040157,0.76,"book","used as part of a centerpieces for a party or event",NA,NA,NA
"158","GPT3202204",30,2022040158,0.76,"book","doorstop",NA,NA,NA
"159","GPT3202204",30,2022040159,0.76,"book","level a table or other surface",NA,NA,NA
"160","GPT3202204",30,2022040160,0.76,"book","prop open a window",NA,NA,NA
"161","GPT3202204",30,2022040161,0.76,"book","coaster for a hot beverage",NA,NA,NA
"162","GPT3202204",30,2022040162,0.76,"book","weight to hold down papers or other materials",NA,NA,NA
"163","GPT3202204",31,2022040163,0.67,"fork","Use it as a back scratcher",NA,NA,NA
"164","GPT3202204",31,2022040164,0.67,"fork","Use it to pick up small items like coins or beads",NA,NA,NA
"165","GPT3202204",31,2022040165,0.67,"fork","Use it as a hairpin or hair tie",NA,NA,NA
"166","GPT3202204",31,2022040166,0.67,"fork","Turn it into a miniature shovel for potted plants",NA,NA,NA
"167","GPT3202204",31,2022040167,0.67,"fork","Stick it in the ground to mark your spot in a park",NA,NA,NA
"168","GPT3202204",32,2022040168,0.67,"fork","back scratcher",NA,NA,NA
"169","GPT3202204",32,2022040169,0.67,"fork","pick up small items like rice or beans",NA,NA,NA
"170","GPT3202204",32,2022040170,0.67,"fork","apply makeup such as lip gloss or mascara",NA,NA,NA
"171","GPT3202204",32,2022040171,0.67,"fork","clean dirt and grime out of small crevices and corners",NA,NA,NA
"172","GPT3202204",32,2022040172,0.67,"fork","fork",NA,NA,NA
"173","GPT3202204",33,2022040173,0.67,"fork","eat food",NA,NA,NA
"174","GPT3202204",33,2022040174,0.67,"fork","hold food while cutting it with a knife",NA,NA,NA
"175","GPT3202204",33,2022040175,0.67,"fork","spear food",NA,NA,NA
"176","GPT3202204",33,2022040176,0.67,"fork","pick up food that has fallen on the floor",NA,NA,NA
"177","GPT3202204",33,2022040177,0.67,"fork","back scratcher",NA,NA,NA
"178","GPT3202204",33,2022040178,0.67,"fork","A",NA,NA,NA
"179","GPT3202204",34,2022040179,0.68,"fork","back scratcher",NA,NA,NA
"180","GPT3202204",34,2022040180,0.68,"fork","comb your hair",NA,NA,NA
"181","GPT3202204",34,2022040181,0.68,"fork","toothpick",NA,NA,NA
"182","GPT3202204",34,2022040182,0.68,"fork","scrape dirt off your shoes",NA,NA,NA
"183","GPT3202204",34,2022040183,0.68,"fork","pick up small objects like paperclips or beads",NA,NA,NA
"184","GPT3202204",34,2022040184,0.68,"fork","fork",NA,NA,NA
"185","GPT3202204",35,2022040185,0.68,"fork","toothpick",NA,NA,NA
"186","GPT3202204",35,2022040186,0.68,"fork","make small holes in fabric so that you can thread ribbon or string through it to create decorations",NA,NA,NA
"187","GPT3202204",35,2022040187,0.68,"fork","makeshift chopsticks when eating rice or noodles",NA,NA,NA
"188","GPT3202204",35,2022040188,0.68,"fork","play the steel pan drums",NA,NA,NA
"189","GPT3202204",35,2022040189,0.68,"fork","A",NA,NA,NA
"190","GPT3202204",36,2022040190,0.68,"fork","hairpin",NA,NA,NA
"191","GPT3202204",36,2022040191,0.68,"fork","toothpick",NA,NA,NA
"192","GPT3202204",36,2022040192,0.68,"fork","remove splinters",NA,NA,NA
"193","GPT3202204",36,2022040193,0.68,"fork","clean under your fingernails",NA,NA,NA
"194","GPT3202204",36,2022040194,0.68,"fork","can double as a chopstick holder.",NA,NA,NA
"195","GPT3202204",36,2022040195,0.68,"fork","Use the tines of a fork",NA,NA,NA
"196","GPT3202204",37,2022040196,0.69,"fork","Use a fork to eat soup without making a mess",NA,NA,NA
"197","GPT3202204",37,2022040197,0.69,"fork","Use a fork to eat spaghetti without making a mess",NA,NA,NA
"198","GPT3202204",37,2022040198,0.69,"fork","Use a fork to eat salad without making a mess",NA,NA,NA
"199","GPT3202204",37,2022040199,0.69,"fork","Use a fork as a makeshift spoon if you don't have one handy",NA,NA,NA
"200","GPT3202204",37,2022040200,0.69,"fork","use two forks stuck together tine-side out to make impromptu chopsticks",NA,NA,NA
"201","GPT3202204",38,2022040201,0.69,"fork","Eat like a king or queen with your very own fork!",NA,NA,NA
"202","GPT3202204",38,2022040202,0.69,"fork","Use it as a bookmark!",NA,NA,NA
"203","GPT3202204",38,2022040203,0.69,"fork","Give your pet cat or dog a bath with the help of your trusty fork",NA,NA,NA
"204","GPT3202204",38,2022040204,0.69,"fork","Get rid of pesky bugs in your home by shooing them away with a fork",NA,NA,NA
"205","GPT3202204",38,2022040205,0.69,"fork","Cook up a storm in the kitchen with some assistance from",NA,NA,NA
"206","GPT3202204",39,2022040206,0.69,"fork","Using a fork to eat spaghetti instead of a spoon",NA,NA,NA
"207","GPT3202204",39,2022040207,0.69,"fork","Using a fork to apply makeup instead of a brush",NA,NA,NA
"208","GPT3202204",39,2022040208,0.69,"fork","Using a fork as a backscratcher",NA,NA,NA
"209","GPT3202204",39,2022040209,0.69,"fork","Using a fork to play the violin",NA,NA,NA
"210","GPT3202204",39,2022040210,0.69,"fork","Using a fork to open bottles or cans",NA,NA,NA
"211","GPT3202204",39,2022040211,0.69,"fork","Using forks as chopsticks",NA,NA,NA
"212","GPT3202204",39,2022040212,0.69,"fork","Creating art with",NA,NA,NA
"213","GPT3202204",40,2022040213,0.7,"fork","back scratcher",NA,NA,NA
"214","GPT3202204",40,2022040214,0.7,"fork","play the xylophone",NA,NA,NA
"215","GPT3202204",40,2022040215,0.7,"fork","toothpick",NA,NA,NA
"216","GPT3202204",40,2022040216,0.7,"fork","If you put a rubber band around the tines of a fork it becomes a mini-trampoline for ants or other small insects",NA,NA,NA
"217","GPT3202204",40,2022040217,0.7,"fork","plastic",NA,NA,NA
"218","GPT3202204",41,2022040218,0.7,"fork","back scratcher",NA,NA,NA
"219","GPT3202204",41,2022040219,0.7,"fork","pick up food that is out of reach",NA,NA,NA
"220","GPT3202204",41,2022040220,0.7,"fork","comb your hair",NA,NA,NA
"221","GPT3202204",41,2022040221,0.7,"fork","apply makeup",NA,NA,NA
"222","GPT3202204",41,2022040222,0.7,"fork","toothpick",NA,NA,NA
"223","GPT3202204",41,2022040223,0.7,"fork","used to",NA,NA,NA
"224","GPT3202204",42,2022040224,0.7,"fork","Use a fork to eat food off of a plate",NA,NA,NA
"225","GPT3202204",42,2022040225,0.7,"fork","Stick a fork in a electrical outlet to see if it is still working",NA,NA,NA
"226","GPT3202204",42,2022040226,0.7,"fork","Use a fork as a back scratcher",NA,NA,NA
"227","GPT3202204",42,2022040227,0.7,"fork","Hold a fork up to the light to see if it is bent",NA,NA,NA
"228","GPT3202204",42,2022040228,0.7,"fork","Try to balance a fork on its end",NA,NA,NA
"229","GPT3202204",42,2022040229,0.7,"fork","See how far you can",NA,NA,NA
"230","GPT3202204",43,2022040230,0.71,"fork","Use a fork to play the xylophone",NA,NA,NA
"231","GPT3202204",43,2022040231,0.71,"fork","Use a fork as a back scratcher",NA,NA,NA
"232","GPT3202204",43,2022040232,0.71,"fork","Use a fork to measure ingredients when cooking",NA,NA,NA
"233","GPT3202204",43,2022040233,0.71,"fork","Use a fork as a toothpick",NA,NA,NA
"234","GPT3202204",43,2022040234,0.71,"fork","Curl your hair with a fork",NA,NA,NA
"235","GPT3202204",43,2022040235,0.71,"fork","Make music with forks and spoons by banging them together or on surfaces like tables and",NA,NA,NA
"236","GPT3202204",44,2022040236,0.71,"fork","Use a fork to curl your hair",NA,NA,NA
"237","GPT3202204",44,2022040237,0.71,"fork","Use a fork to apply makeup",NA,NA,NA
"238","GPT3202204",44,2022040238,0.71,"fork","Use a fork to eat ice cream",NA,NA,NA
"239","GPT3202204",44,2022040239,0.71,"fork","Use a fork to clean your teeth",NA,NA,NA
"240","GPT3202204",44,2022040240,0.71,"fork","Use a fork to brush your hair",NA,NA,NA
"241","GPT3202204",44,2022040241,0.71,"fork","Use a fork to pick up food that's fallen on the floor",NA,NA,NA
"242","GPT3202204",44,2022040242,0.71,"fork","Use a fork to open",NA,NA,NA
"243","GPT3202204",45,2022040243,0.71,"fork","Use a fork to eat a cupcake without getting your hands messy",NA,NA,NA
"244","GPT3202204",45,2022040244,0.71,"fork","Stick a fork in an electrical outlet to see if it's still working",NA,NA,NA
"245","GPT3202204",45,2022040245,0.71,"fork","Use a fork to comb your hair",NA,NA,NA
"246","GPT3202204",45,2022040246,0.71,"fork","Use a fork as a toothpick",NA,NA,NA
"247","GPT3202204",45,2022040247,0.71,"fork","Stick a fork in the ground to mark your spot in line",NA,NA,NA
"248","GPT3202204",45,2022040248,0.71,"fork","Use a fork",NA,NA,NA
"249","GPT3202204",46,2022040249,0.72,"fork","Fork art: Create fun designs and shapes using a fork as your paintbrush!",NA,NA,NA
"250","GPT3202204",46,2022040250,0.72,"fork","Use a fork to curl your hair – no curlers necessary!",NA,NA,NA
"251","GPT3202204",46,2022040251,0.72,"fork","Make music with your fork: tap it against different surfaces to create unique sounds",NA,NA,NA
"252","GPT3202204",46,2022040252,0.72,"fork","Keep your drink cold by freezing a few forks and adding them to your glass",NA,NA,NA
"253","GPT3202204",46,2022040253,0.72,"fork","Get rid of",NA,NA,NA
"254","GPT3202204",47,2022040254,0.72,"fork","Use a fork to eat soup instead of a spoon",NA,NA,NA
"255","GPT3202204",47,2022040255,0.72,"fork","Use a fork to apply makeup instead of a brush",NA,NA,NA
"256","GPT3202204",47,2022040256,0.72,"fork","Use a fork as a toothpick",NA,NA,NA
"257","GPT3202204",47,2022040257,0.72,"fork","Use a fork to scratch an itch you can't reach",NA,NA,NA
"258","GPT3202204",47,2022040258,0.72,"fork","Use a fork to play the piano (if the keys are big enough!)",NA,NA,NA
"259","GPT3202204",47,2022040259,0.72,"fork","Use a fork in",NA,NA,NA
"260","GPT3202204",48,2022040260,0.72,"fork","Eat cereal with a fork instead of a spoon",NA,NA,NA
"261","GPT3202204",48,2022040261,0.72,"fork","Use a fork to play fetch with your dog",NA,NA,NA
"262","GPT3202204",48,2022040262,0.72,"fork","Use a fork as a bookmark in your favorite book",NA,NA,NA
"263","GPT3202204",48,2022040263,0.72,"fork","Keep track of your keys by hanging them on a fork",NA,NA,NA
"264","GPT3202204",48,2022040264,0.72,"fork","Use a fork to open up tightly sealed jars",NA,NA,NA
"265","GPT3202204",48,2022040265,0.72,"fork","Sift flour by using a fork instead",NA,NA,NA
"266","GPT3202204",49,2022040266,0.73,"fork","Use a fork to eat soup instead of a spoon",NA,NA,NA
"267","GPT3202204",49,2022040267,0.73,"fork","Use a fork to play the piano",NA,NA,NA
"268","GPT3202204",49,2022040268,0.73,"fork","Use a fork to brush your teeth",NA,NA,NA
"269","GPT3202204",49,2022040269,0.73,"fork","Use a fork to comb your hair",NA,NA,NA
"270","GPT3202204",49,2022040270,0.73,"fork","Use a fork as a bookmark in your book",NA,NA,NA
"271","GPT3202204",49,2022040271,0.73,"fork","Stick forks in the ground to make a garden fence or trellis for climbing",NA,NA,NA
"272","GPT3202204",50,2022040272,0.73,"fork","Use a fork to curl your hair",NA,NA,NA
"273","GPT3202204",50,2022040273,0.73,"fork","Use a fork to eat soup without getting your hands dirty.",NA,NA,NA
"274","GPT3202204",50,2022040274,0.73,"fork","Stick a fork in an electrical outlet to see if it’s still working.",NA,NA,NA
"275","GPT3202204",50,2022040275,0.73,"fork","Hold a fork by the tines and use the handle to hammer in nails",NA,NA,NA
"276","GPT3202204",50,2022040276,0.73,"fork","Place a fork in between the door and door",NA,NA,NA
"277","GPT3202204",51,2022040277,0.73,"fork","eat food",NA,NA,NA
"278","GPT3202204",51,2022040278,0.73,"fork","utensil to cook food",NA,NA,NA
"279","GPT3202204",51,2022040279,0.73,"fork","serve food",NA,NA,NA
"280","GPT3202204",51,2022040280,0.73,"fork","tool to eat difficult foods such as lobster or steak",NA,NA,NA
"281","GPT3202204",51,2022040281,0.73,"fork","play musical instruments such as the violin or",NA,NA,NA
"282","GPT3202204",52,2022040282,0.74,"fork","Eating soup",NA,NA,NA
"283","GPT3202204",52,2022040283,0.74,"fork","Holding up a table",NA,NA,NA
"284","GPT3202204",52,2022040284,0.74,"fork","Using as a hairbrush",NA,NA,NA
"285","GPT3202204",52,2022040285,0.74,"fork","Wearing as a necklace",NA,NA,NA
"286","GPT3202204",52,2022040286,0.74,"fork","Building a fort",NA,NA,NA
"287","GPT3202204",52,2022040287,0.74,"fork","Pretending to be a telephone",NA,NA,NA
"288","GPT3202204",52,2022040288,0.74,"fork","Using as chopsticks",NA,NA,NA
"289","GPT3202204",52,2022040289,0.74,"fork","Making music with it",NA,NA,NA
"290","GPT3202204",52,2022040290,0.74,"fork","Digging in the sand",NA,NA,NA
"291","GPT3202204",53,2022040291,0.74,"fork","hairpin",NA,NA,NA
"292","GPT3202204",53,2022040292,0.74,"fork","eat soup",NA,NA,NA
"293","GPT3202204",53,2022040293,0.74,"fork","back scratcher",NA,NA,NA
"294","GPT3202204",53,2022040294,0.74,"fork","pick up food that has fallen on the floor",NA,NA,NA
"295","GPT3202204",53,2022040295,0.74,"fork","play the piano",NA,NA,NA
"296","GPT3202204",53,2022040296,0.74,"fork","used",NA,NA,NA
"297","GPT3202204",54,2022040297,0.74,"fork","Use a fork to eat soup",NA,NA,NA
"298","GPT3202204",54,2022040298,0.74,"fork","Stick a fork in a piece of fruit to eat it",NA,NA,NA
"299","GPT3202204",54,2022040299,0.74,"fork","Use a fork as a spoon when eating cereal or yogurt",NA,NA,NA
"300","GPT3202204",54,2022040300,0.74,"fork","Hold a fork like chopsticks to eat rice or noodles",NA,NA,NA
"301","GPT3202204",54,2022040301,0.74,"fork","Stick a fork in your hair to hold it back while you're cooking",NA,NA,NA
"302","GPT3202204",54,2022040302,0.74,"fork","Use a fork",NA,NA,NA
"303","GPT3202204",55,2022040303,0.75,"fork","Use a fork to comb your hair",NA,NA,NA
"304","GPT3202204",55,2022040304,0.75,"fork","Use a fork to apply makeup",NA,NA,NA
"305","GPT3202204",55,2022040305,0.75,"fork","Use a fork as a toothpick",NA,NA,NA
"306","GPT3202204",55,2022040306,0.75,"fork","Stick a fork in an electrical outlet to see if it's still working",NA,NA,NA
"307","GPT3202204",55,2022040307,0.75,"fork","Hold a fork by the tines and use the handle as a drumstick",NA,NA,NA
"308","GPT3202204",55,2022040308,0.75,"fork","Place a fork in front of a",NA,NA,NA
"309","GPT3202204",56,2022040309,0.75,"fork","Use a fork to fluff up your hair for a quick and easy hairstyle",NA,NA,NA
"310","GPT3202204",56,2022040310,0.75,"fork","Stick a fork in an electrical outlet to see if it's still working",NA,NA,NA
"311","GPT3202204",56,2022040311,0.75,"fork","Use a fork as a bookmark in your favorite book",NA,NA,NA
"312","GPT3202204",56,2022040312,0.75,"fork","Straighten out a bent fork with another fork",NA,NA,NA
"313","GPT3202204",56,2022040313,0.75,"fork","Curl your lashes with a cleanfork tine for",NA,NA,NA
"314","GPT3202204",57,2022040314,0.75,"fork","back scratcher",NA,NA,NA
"315","GPT3202204",57,2022040315,0.75,"fork","toothpick",NA,NA,NA
"316","GPT3202204",57,2022040316,0.75,"fork","remove splinters",NA,NA,NA
"317","GPT3202204",57,2022040317,0.75,"fork","apply makeup",NA,NA,NA
"318","GPT3202204",57,2022040318,0.75,"fork","comb your hair",NA,NA,NA
"319","GPT3202204",57,2022040319,0.75,"fork","open bottles and cans",NA,NA,NA
"320","GPT3202204",58,2022040320,0.76,"fork","Drive nails into wood",NA,NA,NA
"321","GPT3202204",58,2022040321,0.76,"fork","Pick up food from a plate",NA,NA,NA
"322","GPT3202204",58,2022040322,0.76,"fork","Hold hair in place while braiding",NA,NA,NA
"323","GPT3202204",58,2022040323,0.76,"fork","Eat soup without making a mess",NA,NA,NA
"324","GPT3202204",58,2022040324,0.76,"fork","Dig in the dirt",NA,NA,NA
"325","GPT3202204",58,2022040325,0.76,"fork","Measure ingredients",NA,NA,NA
"326","GPT3202204",58,2022040326,0.76,"fork","Play the piano",NA,NA,NA
"327","GPT3202204",58,2022040327,0.76,"fork","Make a snow angel",NA,NA,NA
"328","GPT3202204",58,2022040328,0.76,"fork","Comb your hair",NA,NA,NA
"329","GPT3202204",59,2022040329,0.76,"fork","used as impromptu toothpicks. Simply insert the tines of the fork into your teeth and give them a good cleaning",NA,NA,NA
"330","GPT3202204",59,2022040330,0.76,"fork","If you're ever in a pinch and need to open a bottle of wine use a fork! Stick the fork into the cork and twist it until the cork pops out",NA,NA,NA
"331","GPT3202204",59,2022040331,0.76,"fork","Use a fork",NA,NA,NA
"332","GPT3202204",60,2022040332,0.76,"fork","eat food",NA,NA,NA
"333","GPT3202204",60,2022040333,0.76,"fork","pick up food that has fallen on the ground",NA,NA,NA
"334","GPT3202204",60,2022040334,0.76,"fork","help cut food into smaller pieces",NA,NA,NA
"335","GPT3202204",60,2022040335,0.76,"fork","shovel to scoop up food onto your plate",NA,NA,NA
"336","GPT3202204",60,2022040336,0.76,"fork","projectile in a",NA,NA,NA
"337","GPT3202204",61,2022040337,0.67,"tin can","Tin Can Telephone: This is a classic use for a tin can and one that has been around for generations. All you need are two tin cans some string and something to punch holes in the bottom of the cans (a nail or a sharp object). Once you have your materials simply tie the string between the two cans making sure that the string is tight",NA,NA,NA
"338","GPT3202204",62,2022040338,0.67,"tin can","could be used as a vase for flowers",NA,NA,NA
"339","GPT3202204",62,2022040339,0.67,"tin can","a pen holder on a desk",NA,NA,NA
"340","GPT3202204",62,2022040340,0.67,"tin can","could be used to store loose change",NA,NA,NA
"341","GPT3202204",62,2022040341,0.67,"tin can","hold toothpicks on a countertop",NA,NA,NA
"342","GPT3202204",62,2022040342,0.67,"tin can","might be used as a planter for small plants or",NA,NA,NA
"343","GPT3202204",63,2022040343,0.67,"tin can","telephone",NA,NA,NA
"344","GPT3202204",63,2022040344,0.67,"tin can","candle holder",NA,NA,NA
"345","GPT3202204",63,2022040345,0.67,"tin can","pen/pencil holder",NA,NA,NA
"346","GPT3202204",63,2022040346,0.67,"tin can","vase",NA,NA,NA
"347","GPT3202204",63,2022040347,0.67,"tin can","bird feeder",NA,NA,NA
"348","GPT3202204",63,2022040348,0.67,"tin can","planter",NA,NA,NA
"349","GPT3202204",63,2022040349,0.67,"tin can","wind chime",NA,NA,NA
"350","GPT3202204",63,2022040350,0.67,"tin can","homemade musical instrument",NA,NA,NA
"351","GPT3202204",63,2022040351,0.67,"tin can","storage container",NA,NA,NA
"352","GPT3202204",64,2022040352,0.68,"tin can","vase",NA,NA,NA
"353","GPT3202204",64,2022040353,0.68,"tin can","planter",NA,NA,NA
"354","GPT3202204",64,2022040354,0.68,"tin can","hold pens and pencils",NA,NA,NA
"355","GPT3202204",64,2022040355,0.68,"tin can","coin bank",NA,NA,NA
"356","GPT3202204",64,2022040356,0.68,"tin can","candle holder",NA,NA,NA
"357","GPT3202204",64,2022040357,0.68,"tin can","tin cancan",NA,NA,NA
"358","GPT3202204",65,2022040358,0.68,"tin can","vase for flowers",NA,NA,NA
"359","GPT3202204",65,2022040359,0.68,"tin can","It can be used as a candle holder",NA,NA,NA
"360","GPT3202204",65,2022040360,0.68,"tin can","store small items such as buttons beads and other craft supplies",NA,NA,NA
"361","GPT3202204",65,2022040361,0.68,"tin can","It makes a great piggy bank!",NA,NA,NA
"362","GPT3202204",65,2022040362,0.68,"tin can","planter for small plants",NA,NA,NA
"363","GPT3202204",66,2022040363,0.68,"tin can","be used as a small planter for succulents or cacti",NA,NA,NA
"364","GPT3202204",66,2022040364,0.68,"tin can","be used as a pencil holder on a desk",NA,NA,NA
"365","GPT3202204",66,2022040365,0.68,"tin can","cut in half and used as salt and pepper shakers",NA,NA,NA
"366","GPT3202204",66,2022040366,0.68,"tin can","be used to hold paperclips or other small office supplies",NA,NA,NA
"367","GPT3202204",66,2022040367,0.68,"tin can","be painted",NA,NA,NA
"368","GPT3202204",67,2022040368,0.69,"tin can","telephone",NA,NA,NA
"369","GPT3202204",67,2022040369,0.69,"tin can","lantern",NA,NA,NA
"370","GPT3202204",67,2022040370,0.69,"tin can","plant pot",NA,NA,NA
"371","GPT3202204",67,2022040371,0.69,"tin can","vase",NA,NA,NA
"372","GPT3202204",67,2022040372,0.69,"tin can","bird feeder",NA,NA,NA
"373","GPT3202204",67,2022040373,0.69,"tin can","An ashtray",NA,NA,NA
"374","GPT3202204",67,2022040374,0.69,"tin can","pencil holder",NA,NA,NA
"375","GPT3202204",67,2022040375,0.69,"tin can","paintbrush holder",NA,NA,NA
"376","GPT3202204",67,2022040376,0.69,"tin can","coin bank",NA,NA,NA
"377","GPT3202204",68,2022040377,0.69,"tin can","small planter for succulents or cacti",NA,NA,NA
"378","GPT3202204",68,2022040378,0.69,"tin can","pencil holder by painting it and adding some fun embellishments",NA,NA,NA
"379","GPT3202204",68,2022040379,0.69,"tin can","Use a tin can to make your own mini piñata filled with candy or other treats",NA,NA,NA
"380","GPT3202204",68,2022040380,0.69,"tin can","Cut out stars from paper and glue them onto",NA,NA,NA
"381","GPT3202204",69,2022040381,0.69,"tin can","could be used as a vase for flowers",NA,NA,NA
"382","GPT3202204",69,2022040382,0.69,"tin can","a candle holder",NA,NA,NA
"383","GPT3202204",69,2022040383,0.69,"tin can","hold pencils or pens on a desk",NA,NA,NA
"384","GPT3202204",69,2022040384,0.69,"tin can","hold makeup brushes on a vanity",NA,NA,NA
"385","GPT3202204",69,2022040385,0.69,"tin can","store coins or other small items",NA,NA,NA
"386","GPT3202204",69,2022040386,0.69,"tin can","It",NA,NA,NA
"387","GPT3202204",70,2022040387,0.7,"tin can","be used as a coin bank",NA,NA,NA
"388","GPT3202204",70,2022040388,0.7,"tin can","be used to store pencils and pens",NA,NA,NA
"389","GPT3202204",70,2022040389,0.7,"tin can","be used as a vase for flowers",NA,NA,NA
"390","GPT3202204",70,2022040390,0.7,"tin can","be used as a container for homemade candles",NA,NA,NA
"391","GPT3202204",70,2022040391,0.7,"tin can","be used as a planter for small plants or herbs",NA,NA,NA
"392","GPT3202204",70,2022040392,0.7,"tin can","be used to",NA,NA,NA
"393","GPT3202204",71,2022040393,0.7,"tin can","Make a tin can telephone",NA,NA,NA
"394","GPT3202204",71,2022040394,0.7,"tin can","Use it as a coin bank",NA,NA,NA
"395","GPT3202204",71,2022040395,0.7,"tin can","Turn it into a vase or planter",NA,NA,NA
"396","GPT3202204",71,2022040396,0.7,"tin can","Make a lantern out of it",NA,NA,NA
"397","GPT3202204",71,2022040397,0.7,"tin can","Use it as part of a homemade wind chime or mobile",NA,NA,NA
"398","GPT3202204",71,2022040398,0.7,"tin can","Decorate it and use it as a gift box or jewelry holder",NA,NA,NA
"399","GPT3202204",71,2022040399,0.7,"tin can","Fill",NA,NA,NA
"400","GPT3202204",72,2022040400,0.7,"tin can","vase for flowers",NA,NA,NA
"401","GPT3202204",72,2022040401,0.7,"tin can","hold pens and pencils",NA,NA,NA
"402","GPT3202204",72,2022040402,0.7,"tin can","coin bank",NA,NA,NA
"403","GPT3202204",72,2022040403,0.7,"tin can","make a wind chime",NA,NA,NA
"404","GPT3202204",72,2022040404,0.7,"tin can","make a candle holder",NA,NA,NA
"405","GPT3202204",72,2022040405,0.7,"tin can","tin cancan be",NA,NA,NA
"406","GPT3202204",73,2022040406,0.71,"tin can","telephone",NA,NA,NA
"407","GPT3202204",73,2022040407,0.71,"tin can","candle holder",NA,NA,NA
"408","GPT3202204",73,2022040408,0.71,"tin can","plant pot",NA,NA,NA
"409","GPT3202204",73,2022040409,0.71,"tin can","pencil holder",NA,NA,NA
"410","GPT3202204",73,2022040410,0.71,"tin can","coin bank",NA,NA,NA
"411","GPT3202204",73,2022040411,0.71,"tin can","picture frame",NA,NA,NA
"412","GPT3202204",73,2022040412,0.71,"tin can","vase",NA,NA,NA
"413","GPT3202204",73,2022040413,0.71,"tin can","Travel mug",NA,NA,NA
"414","GPT3202204",73,2022040414,0.71,"tin can","dog bowl",NA,NA,NA
"415","GPT3202204",74,2022040415,0.71,"tin can","Make a candle holder by punching holes in the top and bottom of the can",NA,NA,NA
"416","GPT3202204",74,2022040416,0.71,"tin can","Turn it into a vase or planter",NA,NA,NA
"417","GPT3202204",74,2022040417,0.71,"tin can","Use it as a pencil holder on your desk",NA,NA,NA
"418","GPT3202204",74,2022040418,0.71,"tin can","Fill it with candy or other small treats and give it as a gift",NA,NA,NA
"419","GPT3202204",74,2022040419,0.71,"tin can","Decorate it and use it as part of a centerpiece or table",NA,NA,NA
"420","GPT3202204",75,2022040420,0.71,"tin can","telephone",NA,NA,NA
"421","GPT3202204",75,2022040421,0.71,"tin can","lantern",NA,NA,NA
"422","GPT3202204",75,2022040422,0.71,"tin can","stove",NA,NA,NA
"423","GPT3202204",75,2022040423,0.71,"tin can","wind chime",NA,NA,NA
"424","GPT3202204",75,2022040424,0.71,"tin can","piñata",NA,NA,NA
"425","GPT3202204",75,2022040425,0.71,"tin can","planter",NA,NA,NA
"426","GPT3202204",75,2022040426,0.71,"tin can","bird feeder",NA,NA,NA
"427","GPT3202204",75,2022040427,0.71,"tin can","candle holder",NA,NA,NA
"428","GPT3202204",75,2022040428,0.71,"tin can","robot",NA,NA,NA
"429","GPT3202204",76,2022040429,0.72,"tin can","Make a wind chime out of tin cans and metal spoons",NA,NA,NA
"430","GPT3202204",76,2022040430,0.72,"tin can","Cut the top off a tin can and use it as a planter for small succulents or cacti",NA,NA,NA
"431","GPT3202204",76,2022040431,0.72,"tin can","cute piggy bank by painting it pink and adding eyes nostrils and a coin slot in the top",NA,NA,NA
"432","GPT3202204",77,2022040432,0.72,"tin can","Plant a herb garden in tin cans",NA,NA,NA
"433","GPT3202204",77,2022040433,0.72,"tin can","Make a wind chime out of tin cans and beads",NA,NA,NA
"434","GPT3202204",77,2022040434,0.72,"tin can","Use tin cans as candle holders for an outdoor party",NA,NA,NA
"435","GPT3202204",77,2022040435,0.72,"tin can","Create a mini Zen garden in a tin can",NA,NA,NA
"436","GPT3202204",77,2022040436,0.72,"tin can","Make a robot out of recycled materials including tin cans",NA,NA,NA
"437","GPT3202204",77,2022040437,0.72,"tin can","night light",NA,NA,NA
"438","GPT3202204",78,2022040438,0.72,"tin can","be used as a vase for flowers",NA,NA,NA
"439","GPT3202204",78,2022040439,0.72,"tin can","be used to hold pens and pencils",NA,NA,NA
"440","GPT3202204",78,2022040440,0.72,"tin can","be used as a container for plants",NA,NA,NA
"441","GPT3202204",78,2022040441,0.72,"tin can","be used to store spices in the kitchen",NA,NA,NA
"442","GPT3202204",78,2022040442,0.72,"tin can","be used to organize makeup brushes on a vanity table.",NA,NA,NA
"443","GPT3202204",79,2022040443,0.73,"tin can","could be used as a vase for flowers",NA,NA,NA
"444","GPT3202204",79,2022040444,0.73,"tin can","a pencil holder on a desk",NA,NA,NA
"445","GPT3202204",79,2022040445,0.73,"tin can","could be used to hold makeup brushes on a dressing table",NA,NA,NA
"446","GPT3202204",79,2022040446,0.73,"tin can","hold pens and markers in an art studio",NA,NA,NA
"447","GPT3202204",79,2022040447,0.73,"tin can","could be used as a cookie jar",NA,NA,NA
"448","GPT3202204",80,2022040448,0.73,"tin can","could be used as a planter for small plants or herbs",NA,NA,NA
"449","GPT3202204",80,2022040449,0.73,"tin can","It could also be used as a candle holder; simply place a votive candle inside and enjoy the flickering light",NA,NA,NA
"450","GPT3202204",80,2022040450,0.73,"tin can","For those who love baking a tin can be turned into a mini-loaf pan perfect for individual servings",NA,NA,NA
"451","GPT3202204",80,2022040451,0.73,"tin can","Have trouble opening jars?",NA,NA,NA
"452","GPT3202204",81,2022040452,0.73,"tin can","be used as a makeshift candle",NA,NA,NA
"453","GPT3202204",81,2022040453,0.73,"tin can","be used to store small items like paper clips or jewelry",NA,NA,NA
"454","GPT3202204",81,2022040454,0.73,"tin can","be used as a vase for flowers",NA,NA,NA
"455","GPT3202204",81,2022040455,0.73,"tin can","be used as a pen holder",NA,NA,NA
"456","GPT3202204",81,2022040456,0.73,"tin can","be used as a coin bank",NA,NA,NA
"457","GPT3202204",81,2022040457,0.73,"tin can","be turned into a wind chime",NA,NA,NA
"458","GPT3202204",82,2022040458,0.74,"tin can","small planter for herbs or succulents",NA,NA,NA
"459","GPT3202204",82,2022040459,0.74,"tin can","Use a tin can to create a DIY candle holder or tea light holder",NA,NA,NA
"460","GPT3202204",82,2022040460,0.74,"tin can","Make a mini piñata out of a tin can – perfect for parties or decoration!",NA,NA,NA
"461","GPT3202204",82,2022040461,0.74,"tin can","Decorate a tin can and use it as cute storage for pens pencils",NA,NA,NA
"462","GPT3202204",83,2022040462,0.74,"tin can","Create a fun wind chime by painting and decorating tin cans of different sizes then punching holes in the top and bottom of each can. Suspend them from string or wire at different lengths to create unique tones",NA,NA,NA
"463","GPT3202204",83,2022040463,0.74,"tin can","Make a mini piñata by filling a small tin can with candy then covering the opening with paper and securing it with tape or glue",NA,NA,NA
"464","GPT3202204",84,2022040464,0.74,"tin can","Make a wind chime out of a tin can and some string",NA,NA,NA
"465","GPT3202204",84,2022040465,0.74,"tin can","plant holder by painting it and adding drainage holes",NA,NA,NA
"466","GPT3202204",84,2022040466,0.74,"tin can","Use a tin can as a pencil holder on your desk",NA,NA,NA
"467","GPT3202204",84,2022040467,0.74,"tin can","Make a mini trash can out of a tin can by decorating it and adding a lid",NA,NA,NA
"468","GPT3202204",84,2022040468,0.74,"tin can","Create art by",NA,NA,NA
"469","GPT3202204",85,2022040469,0.75,"tin can","could be used as a vase for flowers",NA,NA,NA
"470","GPT3202204",85,2022040470,0.75,"tin can","a container for paintbrushes",NA,NA,NA
"471","GPT3202204",85,2022040471,0.75,"tin can","could be used to hold pencils or pens on a desk",NA,NA,NA
"472","GPT3202204",85,2022040472,0.75,"tin can","a planter for small plants or herbs",NA,NA,NA
"473","GPT3202204",85,2022040473,0.75,"tin can","could be used to store coins",NA,NA,NA
"474","GPT3202204",86,2022040474,0.75,"tin can","could be used as a vase",NA,NA,NA
"475","GPT3202204",86,2022040475,0.75,"tin can","could be used as a container for pens and pencils",NA,NA,NA
"476","GPT3202204",86,2022040476,0.75,"tin can","could be used as a coin bank",NA,NA,NA
"477","GPT3202204",86,2022040477,0.75,"tin can","could be used to hold keys",NA,NA,NA
"478","GPT3202204",86,2022040478,0.75,"tin can","could be used as a paperweight",NA,NA,NA
"479","GPT3202204",86,2022040479,0.75,"tin can","tin can",NA,NA,NA
"480","GPT3202204",87,2022040480,0.75,"tin can","Make a wind chime out of a tin can and some string",NA,NA,NA
"481","GPT3202204",87,2022040481,0.75,"tin can","Use a tin can as a plant pot",NA,NA,NA
"482","GPT3202204",87,2022040482,0.75,"tin can","pencil holder",NA,NA,NA
"483","GPT3202204",87,2022040483,0.75,"tin can","Upcycle a tin can into a vase or candle holder",NA,NA,NA
"484","GPT3202204",87,2022040484,0.75,"tin can","Make your own mini trash can out of an old tin can",NA,NA,NA
"485","GPT3202204",87,2022040485,0.75,"tin can","Create illuminated lantern",NA,NA,NA
"486","GPT3202204",88,2022040486,0.76,"tin can","can opener",NA,NA,NA
"487","GPT3202204",88,2022040487,0.76,"tin can","colander",NA,NA,NA
"488","GPT3202204",88,2022040488,0.76,"tin can","candle holder",NA,NA,NA
"489","GPT3202204",88,2022040489,0.76,"tin can","vase",NA,NA,NA
"490","GPT3202204",88,2022040490,0.76,"tin can","pen holder",NA,NA,NA
"491","GPT3202204",88,2022040491,0.76,"tin can","An ashtray",NA,NA,NA
"492","GPT3202204",88,2022040492,0.76,"tin can","bird feeder",NA,NA,NA
"493","GPT3202204",88,2022040493,0.76,"tin can","wind chime",NA,NA,NA
"494","GPT3202204",88,2022040494,0.76,"tin can","planter",NA,NA,NA
"495","GPT3202204",89,2022040495,0.76,"tin can","planter for small plants or herbs",NA,NA,NA
"496","GPT3202204",89,2022040496,0.76,"tin can","Cut the top off of a tin can and use it as a pencil holder on your desk",NA,NA,NA
"497","GPT3202204",89,2022040497,0.76,"tin can","Use a tin can as a vase for fresh flowers",NA,NA,NA
"498","GPT3202204",89,2022040498,0.76,"tin can","Make a wind chime out of old tin cans and some string or wire",NA,NA,NA
"499","GPT3202204",89,2022040499,0.76,"tin can","Turn",NA,NA,NA
"500","GPT3202204",90,2022040500,0.76,"tin can","vase",NA,NA,NA
"501","GPT3202204",90,2022040501,0.76,"tin can","make a wind chime",NA,NA,NA
"502","GPT3202204",90,2022040502,0.76,"tin can","planter",NA,NA,NA
"503","GPT3202204",90,2022040503,0.76,"tin can","bird feeder",NA,NA,NA
"504","GPT3202204",90,2022040504,0.76,"tin can","hold pencils or pens on a desk",NA,NA,NA
"505","GPT3202205",1,2022050001,0.65,"book","door stop",NA,NA,NA
"506","GPT3202205",1,2022050002,0.65,"book","start a fire in an emergency situation",NA,NA,NA
"507","GPT3202205",1,2022050003,0.65,"book","paperweight",NA,NA,NA
"508","GPT3202205",1,2022050004,0.65,"book","prop up a table or chair leg that is wobbling",NA,NA,NA
"509","GPT3202205",1,2022050005,0.65,"book","coaster for drinks to protect",NA,NA,NA
"510","GPT3202205",2,2022050006,0.65,"book","doorstop",NA,NA,NA
"511","GPT3202205",2,2022050007,0.65,"book","prop up a wobbly table",NA,NA,NA
"512","GPT3202205",2,2022050008,0.65,"book","paperweight",NA,NA,NA
"513","GPT3202205",2,2022050009,0.65,"book","make a papier-mâché mask",NA,NA,NA
"514","GPT3202205",2,2022050010,0.65,"book","cut up and made into a collage",NA,NA,NA
"515","GPT3202205",3,2022050011,0.65,"book","door stop",NA,NA,NA
"516","GPT3202205",3,2022050012,0.65,"book","hold up a table leg",NA,NA,NA
"517","GPT3202205",3,2022050013,0.65,"book","coaster for your beverage",NA,NA,NA
"518","GPT3202205",3,2022050014,0.65,"book","fan yourself on a hot day",NA,NA,NA
"519","GPT3202205",3,2022050015,0.65,"book","weight to keep paper from flying away in the wind",NA,NA,NA
"520","GPT3202205",4,2022050016,0.66,"book","Bookend",NA,NA,NA
"521","GPT3202205",4,2022050017,0.66,"book","Doorstop",NA,NA,NA
"522","GPT3202205",4,2022050018,0.66,"book","Paperweight",NA,NA,NA
"523","GPT3202205",4,2022050019,0.66,"book","Decoration",NA,NA,NA
"524","GPT3202205",4,2022050020,0.66,"book","Cat bed/house",NA,NA,NA
"525","GPT3202205",4,2022050021,0.66,"book","Dog house/kennel",NA,NA,NA
"526","GPT3202205",4,2022050022,0.66,"book","Bird house",NA,NA,NA
"527","GPT3202205",4,2022050023,0.66,"book","Planter",NA,NA,NA
"528","GPT3202205",4,2022050024,0.66,"book","Halloween decoration",NA,NA,NA
"529","GPT3202205",5,2022050025,0.66,"book","doorstop",NA,NA,NA
"530","GPT3202205",5,2022050026,0.66,"book","prop up a wobbly table",NA,NA,NA
"531","GPT3202205",5,2022050027,0.66,"book","paperweight",NA,NA,NA
"532","GPT3202205",5,2022050028,0.66,"book","make a papier-mâché sculpture",NA,NA,NA
"533","GPT3202205",5,2022050029,0.66,"book","used as fuel for a bonfire",NA,NA,NA
"534","GPT3202205",6,2022050030,0.66,"book","paperweight",NA,NA,NA
"535","GPT3202205",6,2022050031,0.66,"book","prop up a table leg",NA,NA,NA
"536","GPT3202205",6,2022050032,0.66,"book","use as a doorstop",NA,NA,NA
"537","GPT3202205",6,2022050033,0.66,"book","birdhouse",NA,NA,NA
"538","GPT3202205",6,2022050034,0.66,"book","carve into a sculpture",NA,NA,NA
"539","GPT3202205",6,2022050035,0.66,"book","As part of a piñata",NA,NA,NA
"540","GPT3202205",6,2022050036,0.66,"book","As fuel for a fire",NA,NA,NA
"541","GPT3202205",6,2022050037,0.66,"book","line the bottom of a birdcage",NA,NA,NA
"542","GPT3202205",6,2022050038,0.66,"book","co",NA,NA,NA
"543","GPT3202205",7,2022050039,0.77,"book","doorstop",NA,NA,NA
"544","GPT3202205",7,2022050040,0.77,"book","keep a table level",NA,NA,NA
"545","GPT3202205",7,2022050041,0.77,"book","help with balance when doing Yoga or Pilates",NA,NA,NA
"546","GPT3202205",7,2022050042,0.77,"book","stacked and used as a makeshift stool or end table",NA,NA,NA
"547","GPT3202205",7,2022050043,0.77,"book","If you're ever feeling losta book can act as a",NA,NA,NA
"548","GPT3202205",8,2022050044,0.77,"book","door stop",NA,NA,NA
"549","GPT3202205",8,2022050045,0.77,"book","paperweight",NA,NA,NA
"550","GPT3202205",8,2022050046,0.77,"book","prop up a wobbly table or chair",NA,NA,NA
"551","GPT3202205",8,2022050047,0.77,"book","make a makeshift stool or step stool",NA,NA,NA
"552","GPT3202205",8,2022050048,0.77,"book","can",NA,NA,NA
"553","GPT3202205",9,2022050049,0.77,"book","doorstop",NA,NA,NA
"554","GPT3202205",9,2022050050,0.77,"book","prop up a wobbly table",NA,NA,NA
"555","GPT3202205",9,2022050051,0.77,"book","keep your computer screen from getting scratched",NA,NA,NA
"556","GPT3202205",9,2022050052,0.77,"book","makes a great paperweight",NA,NA,NA
"557","GPT3202205",9,2022050053,0.77,"book","fan yourself on a hot day",NA,NA,NA
"558","GPT3202205",9,2022050054,0.77,"book","If you",NA,NA,NA
"559","GPT3202205",10,2022050055,0.78,"book","can make a great doorstop",NA,NA,NA
"560","GPT3202205",10,2022050056,0.78,"book","If you're craftyyou can turn an old book into a unique journal.",NA,NA,NA
"561","GPT3202205",10,2022050057,0.78,"book","Don't have a coaster? No problem! Use a book instead",NA,NA,NA
"562","GPT3202205",10,2022050058,0.78,"book","can also be used as a paperweight to keep your papers from blowing away",NA,NA,NA
"563","GPT3202205",10,2022050059,0.78,"book","Tired of traditional placecards",NA,NA,NA
"564","GPT3202205",11,2022050060,0.78,"book","doorstop",NA,NA,NA
"565","GPT3202205",11,2022050061,0.78,"book","prop up a wobbly table",NA,NA,NA
"566","GPT3202205",11,2022050062,0.78,"book","kill a spider",NA,NA,NA
"567","GPT3202205",11,2022050063,0.78,"book","paperweight",NA,NA,NA
"568","GPT3202205",11,2022050064,0.78,"book","start a fire in an emergency situation",NA,NA,NA
"569","GPT3202205",11,2022050065,0.78,"book","can",NA,NA,NA
"570","GPT3202205",12,2022050066,0.78,"book","Make a book into a lampshade",NA,NA,NA
"571","GPT3202205",12,2022050067,0.78,"book","Use old books as wall decor in your home",NA,NA,NA
"572","GPT3202205",12,2022050068,0.78,"book","jewelry box",NA,NA,NA
"573","GPT3202205",12,2022050069,0.78,"book","Make a purse out of an old book",NA,NA,NA
"574","GPT3202205",12,2022050070,0.78,"book","Create a memory box by decoupaging an old book with photos and mementos",NA,NA,NA
"575","GPT3202205",12,2022050071,0.78,"book","Cover the top of a coffee table",NA,NA,NA
"576","GPT3202205",13,2022050072,0.79,"book","Using a book as a doorstop",NA,NA,NA
"577","GPT3202205",13,2022050073,0.79,"book","Tearing out pages of a book to use as confetti",NA,NA,NA
"578","GPT3202205",13,2022050074,0.79,"book","Making a paper airplanes out of the pages of a book",NA,NA,NA
"579","GPT3202205",13,2022050075,0.79,"book","Creating a sculpture by stacking books in an interesting way",NA,NA,NA
"580","GPT3202205",13,2022050076,0.79,"book","Building a fort by surrounding yourself with stacked books",NA,NA,NA
"581","GPT3202205",13,2022050077,0.79,"book","Drawing on the pages of a book",NA,NA,NA
"582","GPT3202205",14,2022050078,0.79,"book","doorstop",NA,NA,NA
"583","GPT3202205",14,2022050079,0.79,"book","prop up a table or other surface",NA,NA,NA
"584","GPT3202205",14,2022050080,0.79,"book","paperweight",NA,NA,NA
"585","GPT3202205",14,2022050081,0.79,"book","stacked and arranged to create interesting sculptures or shapes",NA,NA,NA
"586","GPT3202205",14,2022050082,0.79,"book","cut open and its pages used as wrapping paper or for other crafts",NA,NA,NA
"587","GPT3202205",15,2022050083,0.79,"book","doorstop",NA,NA,NA
"588","GPT3202205",15,2022050084,0.79,"book","level a table or shelf",NA,NA,NA
"589","GPT3202205",15,2022050085,0.79,"book","paperweight",NA,NA,NA
"590","GPT3202205",15,2022050086,0.79,"book","prop up a window or door",NA,NA,NA
"591","GPT3202205",15,2022050087,0.79,"book","make artsuch as by decoupaging it onto another surface",NA,NA,NA
"592","GPT3202205",16,2022050088,0.8,"book","Turn it into a piece of art by painting or drawing on the cover",NA,NA,NA
"593","GPT3202205",16,2022050089,0.8,"book","Use it as a doorstop",NA,NA,NA
"594","GPT3202205",16,2022050090,0.8,"book","Decorate with it by wrapping it in pretty paper and ribbon",NA,NA,NA
"595","GPT3202205",16,2022050091,0.8,"book","Cut out images from the pages to make a collage",NA,NA,NA
"596","GPT3202205",16,2022050092,0.8,"book","Make a mobile out of old books by hanging them from the ceiling with string or wire",NA,NA,NA
"597","GPT3202205",17,2022050093,0.8,"book","Make a lamp shade out of an old book",NA,NA,NA
"598","GPT3202205",17,2022050094,0.8,"book","Cut out the pages of an old book and use them as coasters",NA,NA,NA
"599","GPT3202205",17,2022050095,0.8,"book","Use an old book as a door stop",NA,NA,NA
"600","GPT3202205",17,2022050096,0.8,"book","Stack a few books together to use as a makeshift stool or table",NA,NA,NA
"601","GPT3202205",17,2022050097,0.8,"book","Tear out the pages of an old book and use them as wall art or",NA,NA,NA
"602","GPT3202205",18,2022050098,0.8,"book","door stop",NA,NA,NA
"603","GPT3202205",18,2022050099,0.8,"book","start a fire",NA,NA,NA
"604","GPT3202205",18,2022050100,0.8,"book","make paper airplanes",NA,NA,NA
"605","GPT3202205",18,2022050101,0.8,"book","coaster for your beverage",NA,NA,NA
"606","GPT3202205",18,2022050102,0.8,"book","given as a gifteven if you haven't read it yet!",NA,NA,NA
"607","GPT3202205",18,2022050103,0.8,"book","A",NA,NA,NA
"608","GPT3202205",19,2022050104,0.65,"fork","back scratcher",NA,NA,NA
"609","GPT3202205",19,2022050105,0.65,"fork","remove lint from clothing",NA,NA,NA
"610","GPT3202205",19,2022050106,0.65,"fork","toothpick",NA,NA,NA
"611","GPT3202205",19,2022050107,0.65,"fork","apply makeupsuch as mascara or lipstick.",NA,NA,NA
"612","GPT3202205",19,2022050108,0.65,"fork","style hairsuch as in braids or upd",NA,NA,NA
"613","GPT3202205",20,2022050109,0.65,"fork","Use a fork to eat cake without getting your hands dirty",NA,NA,NA
"614","GPT3202205",20,2022050110,0.65,"fork","Stick a fork in an electrical outlet to see if it's still working",NA,NA,NA
"615","GPT3202205",20,2022050111,0.65,"fork","Use a fork to test the doneness of meat",NA,NA,NA
"616","GPT3202205",20,2022050112,0.65,"fork","Hold a fork like a microphone and give impromptu speeches",NA,NA,NA
"617","GPT3202205",20,2022050113,0.65,"fork","Juggle forks with friends for entertainment",NA,NA,NA
"618","GPT3202205",20,2022050114,0.65,"fork","Make music with",NA,NA,NA
"619","GPT3202205",21,2022050115,0.65,"fork","Fork as a bookmark",NA,NA,NA
"620","GPT3202205",21,2022050116,0.65,"fork","Use fork to apply makeup",NA,NA,NA
"621","GPT3202205",21,2022050117,0.65,"fork","Paint with a fork",NA,NA,NA
"622","GPT3202205",21,2022050118,0.65,"fork","Draw with a fork",NA,NA,NA
"623","GPT3202205",21,2022050119,0.65,"fork","Eat an entire meal with a fork",NA,NA,NA
"624","GPT3202205",21,2022050120,0.65,"fork","Cook with a fork",NA,NA,NA
"625","GPT3202205",21,2022050121,0.65,"fork","Clean with a fork",NA,NA,NA
"626","GPT3202205",21,2022050122,0.65,"fork","Decorate with a fork",NA,NA,NA
"627","GPT3202205",21,2022050123,0.65,"fork","Play music with a fork",NA,NA,NA
"628","GPT3202205",21,2022050124,0.65,"fork","Use as a utensil",NA,NA,NA
"629","GPT3202205",22,2022050125,0.66,"fork","Use a fork to eat soup without making a mess",NA,NA,NA
"630","GPT3202205",22,2022050126,0.66,"fork","Stick a fork in your hair to hold it back while you cook",NA,NA,NA
"631","GPT3202205",22,2022050127,0.66,"fork","Use a fork to play the drums",NA,NA,NA
"632","GPT3202205",22,2022050128,0.66,"fork","Use a fork to open a bottle of beer",NA,NA,NA
"633","GPT3202205",22,2022050129,0.66,"fork","Use a fork as a bookmark in your favorite book",NA,NA,NA
"634","GPT3202205",22,2022050130,0.66,"fork","Stick a few forks in the ground",NA,NA,NA
"635","GPT3202205",23,2022050131,0.66,"fork","Pick up leaves with a fork",NA,NA,NA
"636","GPT3202205",23,2022050132,0.66,"fork","Make a mini garden rake",NA,NA,NA
"637","GPT3202205",23,2022050133,0.66,"fork","Scrape the bottom of your shoes with a fork",NA,NA,NA
"638","GPT3202205",23,2022050134,0.66,"fork","Get lint out of your clothes with a fork",NA,NA,NA
"639","GPT3202205",23,2022050135,0.66,"fork","Curl your hair with a fork (tines facing in)",NA,NA,NA
"640","GPT3202205",23,2022050136,0.66,"fork","Use as chopsticks!",NA,NA,NA
"641","GPT3202205",23,2022050137,0.66,"fork","Eat spaghetti like Lady",NA,NA,NA
"642","GPT3202205",24,2022050138,0.66,"fork","Use a fork to eat your cereal instead of a spoon",NA,NA,NA
"643","GPT3202205",24,2022050139,0.66,"fork","Stick a fork in an electrical outlet to see if it's still working",NA,NA,NA
"644","GPT3202205",24,2022050140,0.66,"fork","Use a fork as a comb for your hair",NA,NA,NA
"645","GPT3202205",24,2022050141,0.66,"fork","Use a fork to play the piano",NA,NA,NA
"646","GPT3202205",24,2022050142,0.66,"fork","Stick forks into the ground to make garden markers",NA,NA,NA
"647","GPT3202205",24,2022050143,0.66,"fork","Make wind chimes out of",NA,NA,NA
"648","GPT3202205",25,2022050144,0.77,"fork","Use a fork to eat soup without making a mess",NA,NA,NA
"649","GPT3202205",25,2022050145,0.77,"fork","Use a fork to stir your coffee or tea",NA,NA,NA
"650","GPT3202205",25,2022050146,0.77,"fork","Use a fork to eat yogurt without getting your hands messy",NA,NA,NA
"651","GPT3202205",25,2022050147,0.77,"fork","Use a fork to get the last bit of ketchup out of the bottle",NA,NA,NA
"652","GPT3202205",25,2022050148,0.77,"fork","Use a fork to eat ice cream without dripping it all over yourself",NA,NA,NA
"653","GPT3202205",26,2022050149,0.77,"fork","eat foodof course!",NA,NA,NA
"654","GPT3202205",26,2022050150,0.77,"fork","play the forks - a musical instrument made by rubbing two metal forks together",NA,NA,NA
"655","GPT3202205",26,2022050151,0.77,"fork","hold back your hair while you're washing your face",NA,NA,NA
"656","GPT3202205",26,2022050152,0.77,"fork","dig in the dirt - great for small planting jobs",NA,NA,NA
"657","GPT3202205",26,2022050153,0.77,"fork","miniature sundae - perfect for when you're craving something sweet but don't want to",NA,NA,NA
"658","GPT3202205",27,2022050154,0.77,"fork","bookmark",NA,NA,NA
"659","GPT3202205",27,2022050155,0.77,"fork","hold down a stack of papers",NA,NA,NA
"660","GPT3202205",27,2022050156,0.77,"fork","scrape dirt off your shoes",NA,NA,NA
"661","GPT3202205",27,2022050157,0.77,"fork","pick up small objects like coins or beads",NA,NA,NA
"662","GPT3202205",27,2022050158,0.77,"fork","hairpin or bobby pin",NA,NA,NA
"663","GPT3202205",28,2022050159,0.78,"fork","Use a fork to comb your hair",NA,NA,NA
"664","GPT3202205",28,2022050160,0.78,"fork","Use a fork as a toothpick",NA,NA,NA
"665","GPT3202205",28,2022050161,0.78,"fork","Stick a fork in an electrical outlet to see if it's still working",NA,NA,NA
"666","GPT3202205",28,2022050162,0.78,"fork","Use a fork to pick up small items like paperclips or coins off the floor",NA,NA,NA
"667","GPT3202205",28,2022050163,0.78,"fork","Put a rubber band around the end of a fork and use it as a sl",NA,NA,NA
"668","GPT3202205",29,2022050164,0.78,"fork","back scratcher",NA,NA,NA
"669","GPT3202205",29,2022050165,0.78,"fork","pick up small items like coins or beads",NA,NA,NA
"670","GPT3202205",29,2022050166,0.78,"fork","fluff up a pillow",NA,NA,NA
"671","GPT3202205",29,2022050167,0.78,"fork","mix paints together",NA,NA,NA
"672","GPT3202205",29,2022050168,0.78,"fork","hairpin or hair tie",NA,NA,NA
"673","GPT3202205",30,2022050169,0.78,"fork","stir a drink",NA,NA,NA
"674","GPT3202205",30,2022050170,0.78,"fork","eat food with one hand",NA,NA,NA
"675","GPT3202205",30,2022050171,0.78,"fork","hold food while cutting it with a knife",NA,NA,NA
"676","GPT3202205",30,2022050172,0.78,"fork","makeshift toothpick",NA,NA,NA
"677","GPT3202205",30,2022050173,0.78,"fork","play the piano (by pressing on the tines",NA,NA,NA
"678","GPT3202205",31,2022050174,0.79,"fork","play the xylophone",NA,NA,NA
"679","GPT3202205",31,2022050175,0.79,"fork","toothpick.",NA,NA,NA
"680","GPT3202205",31,2022050176,0.79,"fork","If you bend a forkyou can use it as a curling iron for your hair.",NA,NA,NA
"681","GPT3202205",31,2022050177,0.79,"fork","eat soup without making a mess",NA,NA,NA
"682","GPT3202205",31,2022050178,0.79,"fork","comb your hair",NA,NA,NA
"683","GPT3202205",32,2022050179,0.79,"fork","Use a fork to make patterns in sand or dirt",NA,NA,NA
"684","GPT3202205",32,2022050180,0.79,"fork","Stick a fork in a potted plant to help support it",NA,NA,NA
"685","GPT3202205",32,2022050181,0.79,"fork","Use a fork as a bookmark",NA,NA,NA
"686","GPT3202205",32,2022050182,0.79,"fork","Hang forks on a string to make wind chimes or mobile art",NA,NA,NA
"687","GPT3202205",32,2022050183,0.79,"fork","Make music with forks by tapping them on different surfaces – experiment with different sounds!",NA,NA,NA
"688","GPT3202205",33,2022050184,0.79,"fork","bookmark",NA,NA,NA
"689","GPT3202205",33,2022050185,0.79,"fork","make music by hitting it against different surfaces",NA,NA,NA
"690","GPT3202205",33,2022050186,0.79,"fork","toothpick",NA,NA,NA
"691","GPT3202205",33,2022050187,0.79,"fork","eat food without getting your hands dirty",NA,NA,NA
"692","GPT3202205",33,2022050188,0.79,"fork","play with your food before you eat it",NA,NA,NA
"693","GPT3202205",34,2022050189,0.8,"fork","Eating food with a fork",NA,NA,NA
"694","GPT3202205",34,2022050190,0.8,"fork","Picking up food that has fallen on the floor",NA,NA,NA
"695","GPT3202205",34,2022050191,0.8,"fork","Using a fork to hold a piece of food while cutting it with a knife",NA,NA,NA
"696","GPT3202205",34,2022050192,0.8,"fork","Spear vegetables or fruit for juicing or smoothies",NA,NA,NA
"697","GPT3202205",34,2022050193,0.8,"fork","Twirling pasta around a fork before eating it",NA,NA,NA
"698","GPT3202205",34,2022050194,0.8,"fork","Making patterns in soft foods like mashed potatoes",NA,NA,NA
"699","GPT3202205",34,2022050195,0.8,"fork","Mix",NA,NA,NA
"700","GPT3202205",35,2022050196,0.8,"fork","Pick up small things like beads or glitter",NA,NA,NA
"701","GPT3202205",35,2022050197,0.8,"fork","Stir a drink",NA,NA,NA
"702","GPT3202205",35,2022050198,0.8,"fork","Eat spaghetti",NA,NA,NA
"703","GPT3202205",35,2022050199,0.8,"fork","Hold onto foods like chicken wings so you don't make a mess",NA,NA,NA
"704","GPT3202205",35,2022050200,0.8,"fork","Help cut soft foods",NA,NA,NA
"705","GPT3202205",35,2022050201,0.8,"fork","Use as a back scratcher",NA,NA,NA
"706","GPT3202205",35,2022050202,0.8,"fork","Make music- use as drumsticks on pots and pans",NA,NA,NA
"707","GPT3202205",35,2022050203,0.8,"fork","Garden tool- help loosen",NA,NA,NA
"708","GPT3202205",36,2022050204,0.8,"fork","Use a fork to add extra flavor to your cooking by marinating meat or poultry in a flavorful sauce before grilling or baking",NA,NA,NA
"709","GPT3202205",36,2022050205,0.8,"fork","Get creative with breakfast and make eggs benedict on a waffle for a delicious and unique twist",NA,NA,NA
"710","GPT3202205",36,2022050206,0.8,"fork","Create elegant hors d'oeuvres by spearing fruitcheeseand other bite-sized foods on toothp",NA,NA,NA
"711","GPT3202205",37,2022050207,0.65,"tin can","telephone",NA,NA,NA
"712","GPT3202205",37,2022050208,0.65,"tin can","candle holder",NA,NA,NA
"713","GPT3202205",37,2022050209,0.65,"tin can","vase",NA,NA,NA
"714","GPT3202205",37,2022050210,0.65,"tin can","pencil holder",NA,NA,NA
"715","GPT3202205",37,2022050211,0.65,"tin can","An ashtray",NA,NA,NA
"716","GPT3202205",37,2022050212,0.65,"tin can","coin bank",NA,NA,NA
"717","GPT3202205",37,2022050213,0.65,"tin can","doorstop",NA,NA,NA
"718","GPT3202205",37,2022050214,0.65,"tin can","paperweight",NA,NA,NA
"719","GPT3202205",37,2022050215,0.65,"tin can","bird feeder",NA,NA,NA
"720","GPT3202205",37,2022050216,0.65,"tin can","planter",NA,NA,NA
"721","GPT3202205",38,2022050217,0.65,"tin can","vase for flowers",NA,NA,NA
"722","GPT3202205",38,2022050218,0.65,"tin can","pencil holder",NA,NA,NA
"723","GPT3202205",38,2022050219,0.65,"tin can","hold paintbrushes",NA,NA,NA
"724","GPT3202205",38,2022050220,0.65,"tin can","store small items such as paperclips or buttons",NA,NA,NA
"725","GPT3202205",38,2022050221,0.65,"tin can","coin bank",NA,NA,NA
"726","GPT3202205",39,2022050222,0.65,"tin can","vase",NA,NA,NA
"727","GPT3202205",39,2022050223,0.65,"tin can","Cut the top off of a tin can and use it as a pencil holder",NA,NA,NA
"728","GPT3202205",39,2022050224,0.65,"tin can","Use a tin can as a planter for small plants or succulents",NA,NA,NA
"729","GPT3202205",39,2022050225,0.65,"tin can","Make a wind chime out of a few tin cans and some string or fishing line",NA,NA,NA
"730","GPT3202205",39,2022050226,0.65,"tin can","Turn a tin",NA,NA,NA
"731","GPT3202205",40,2022050227,0.66,"tin can","could be used as a vase for flowers",NA,NA,NA
"732","GPT3202205",40,2022050228,0.66,"tin can","a pencil holder on a desk",NA,NA,NA
"733","GPT3202205",40,2022050229,0.66,"tin can","could be used to hold paintbrushes in an artist's studio",NA,NA,NA
"734","GPT3202205",40,2022050230,0.66,"tin can","a coin bank",NA,NA,NA
"735","GPT3202205",40,2022050231,0.66,"tin can","telephone could be made by punching holes in two cans",NA,NA,NA
"736","GPT3202205",41,2022050232,0.66,"tin can","could be used as a planter for small plants or herbs",NA,NA,NA
"737","GPT3202205",41,2022050233,0.66,"tin can","could be used as a pencil holder on a desk",NA,NA,NA
"738","GPT3202205",41,2022050234,0.66,"tin can","could be used to hold paintbrushes in an artist's studio",NA,NA,NA
"739","GPT3202205",41,2022050235,0.66,"tin can","could be used as a vase for fresh flowers or artificial flowers",NA,NA,NA
"740","GPT3202205",42,2022050236,0.66,"tin can","telephone",NA,NA,NA
"741","GPT3202205",42,2022050237,0.66,"tin can","candle holder",NA,NA,NA
"742","GPT3202205",42,2022050238,0.66,"tin can","plant pot",NA,NA,NA
"743","GPT3202205",42,2022050239,0.66,"tin can","piñata",NA,NA,NA
"744","GPT3202205",42,2022050240,0.66,"tin can","wind chime",NA,NA,NA
"745","GPT3202205",42,2022050241,0.66,"tin can","bird feeder",NA,NA,NA
"746","GPT3202205",42,2022050242,0.66,"tin can","lampshade",NA,NA,NA
"747","GPT3202205",42,2022050243,0.66,"tin can","pen holder",NA,NA,NA
"748","GPT3202205",42,2022050244,0.66,"tin can","set of stacking nesting tins cans",NA,NA,NA
"749","GPT3202205",43,2022050245,0.77,"tin can","vase",NA,NA,NA
"750","GPT3202205",43,2022050246,0.77,"tin can","piggy bank",NA,NA,NA
"751","GPT3202205",43,2022050247,0.77,"tin can","candle holder",NA,NA,NA
"752","GPT3202205",43,2022050248,0.77,"tin can","An ice cream container",NA,NA,NA
"753","GPT3202205",43,2022050249,0.77,"tin can","lunch box",NA,NA,NA
"754","GPT3202205",43,2022050250,0.77,"tin can","storage container for small items",NA,NA,NA
"755","GPT3202205",43,2022050251,0.77,"tin can","planter",NA,NA,NA
"756","GPT3202205",43,2022050252,0.77,"tin can","bird feeder",NA,NA,NA
"757","GPT3202205",43,2022050253,0.77,"tin can","wind chime",NA,NA,NA
"758","GPT3202205",44,2022050254,0.77,"tin can","could be used as a vase for small flowers",NA,NA,NA
"759","GPT3202205",44,2022050255,0.77,"tin can","could be used to hold pencils or other small stationary items.",NA,NA,NA
"760","GPT3202205",44,2022050256,0.77,"tin can","could be used as a candle holder",NA,NA,NA
"761","GPT3202205",44,2022050257,0.77,"tin can","could be used to store loose change",NA,NA,NA
"762","GPT3202205",44,2022050258,0.77,"tin can","telephone: two people each have a string",NA,NA,NA
"763","GPT3202205",45,2022050259,0.77,"tin can","could be used as a vase",NA,NA,NA
"764","GPT3202205",45,2022050260,0.77,"tin can","could be used as a pencil holder",NA,NA,NA
"765","GPT3202205",45,2022050261,0.77,"tin can","could be used to hold paintbrushes",NA,NA,NA
"766","GPT3202205",45,2022050262,0.77,"tin can","could be used as a pot for a plant",NA,NA,NA
"767","GPT3202205",45,2022050263,0.77,"tin can","could be used as a doorstop",NA,NA,NA
"768","GPT3202205",45,2022050264,0.77,"tin can","tin can",NA,NA,NA
"769","GPT3202205",46,2022050265,0.78,"tin can","could be used as a plant pot",NA,NA,NA
"770","GPT3202205",46,2022050266,0.78,"tin can","a storage container for small objects such as buttonsjewelryor coins.",NA,NA,NA
"771","GPT3202205",46,2022050267,0.78,"tin can","could be used as a candle holder",NA,NA,NA
"772","GPT3202205",46,2022050268,0.78,"tin can","make a wind chime by attaching it to other objects such as shells or beads",NA,NA,NA
"773","GPT3202205",47,2022050269,0.78,"tin can","coin bank",NA,NA,NA
"774","GPT3202205",47,2022050270,0.78,"tin can","candle holder",NA,NA,NA
"775","GPT3202205",47,2022050271,0.78,"tin can","hold small plants or flowers",NA,NA,NA
"776","GPT3202205",47,2022050272,0.78,"tin can","storage container for pens and pencilspaper clipsetc.",NA,NA,NA
"777","GPT3202205",47,2022050273,0.78,"tin can","make",NA,NA,NA
"778","GPT3202205",48,2022050274,0.78,"tin can","Make a pencil holder by painting and decorating a tin can",NA,NA,NA
"779","GPT3202205",48,2022050275,0.78,"tin can","Use a tin can as a planter for small succulents or cacti",NA,NA,NA
"780","GPT3202205",48,2022050276,0.78,"tin can","vase or candle holder by wrapping it in twine or ribbon",NA,NA,NA
"781","GPT3202205",48,2022050277,0.78,"tin can","Create fun patterns on",NA,NA,NA
"782","GPT3202205",49,2022050278,0.79,"tin can","could be used as a planter for small plants or succulents",NA,NA,NA
"783","GPT3202205",49,2022050279,0.79,"tin can","cute and easy vase by wrapping twine or yarn around the middle",NA,NA,NA
"784","GPT3202205",49,2022050280,0.79,"tin can","Make a set of coasters by decoupaging old magazine pages onto tin cans and sealing with clear Mod Podge",NA,NA,NA
"785","GPT3202205",49,2022050281,0.79,"tin can","Use an empty tin",NA,NA,NA
"786","GPT3202205",50,2022050282,0.79,"tin can","could be used as a vase",NA,NA,NA
"787","GPT3202205",50,2022050283,0.79,"tin can","could be used as a pencil holder",NA,NA,NA
"788","GPT3202205",50,2022050284,0.79,"tin can","could be used to hold small office supplies like paperclips or pushpins",NA,NA,NA
"789","GPT3202205",50,2022050285,0.79,"tin can","with both ends cut off could be used as a planter for small plants or succulents",NA,NA,NA
"790","GPT3202205",50,2022050286,0.79,"tin can","A",NA,NA,NA
"791","GPT3202205",51,2022050287,0.79,"tin can","container for a homemade candle",NA,NA,NA
"792","GPT3202205",51,2022050288,0.79,"tin can","vase for flowers",NA,NA,NA
"793","GPT3202205",51,2022050289,0.79,"tin can","pencil holder",NA,NA,NA
"794","GPT3202205",51,2022050290,0.79,"tin can","storage container for small items such as hair clips or jewelry",NA,NA,NA
"795","GPT3202205",51,2022050291,0.79,"tin can","plant pot",NA,NA,NA
"796","GPT3202205",51,2022050292,0.79,"tin can","money box",NA,NA,NA
"797","GPT3202205",51,2022050293,0.79,"tin can","piggy bank",NA,NA,NA
"798","GPT3202205",51,2022050294,0.79,"tin can","candle holder",NA,NA,NA
"799","GPT3202205",51,2022050295,0.79,"tin can","lampshade",NA,NA,NA
"800","GPT3202205",51,2022050296,0.79,"tin can","tissue box cover",NA,NA,NA
"801","GPT3202205",52,2022050297,0.8,"tin can","Create a vase or flower pot",NA,NA,NA
"802","GPT3202205",52,2022050298,0.8,"tin can","Make a wind chime",NA,NA,NA
"803","GPT3202205",52,2022050299,0.8,"tin can","Use as a pencil holder",NA,NA,NA
"804","GPT3202205",52,2022050300,0.8,"tin can","Decorate and use as a jewelry box",NA,NA,NA
"805","GPT3202205",52,2022050301,0.8,"tin can","Fill with treats and use as a dog toy",NA,NA,NA
"806","GPT3202205",52,2022050302,0.8,"tin can","Use as party favor cups or fill with candles for wedding table decorations",NA,NA,NA
"807","GPT3202205",53,2022050303,0.8,"tin can","telephone",NA,NA,NA
"808","GPT3202205",53,2022050304,0.8,"tin can","lantern",NA,NA,NA
"809","GPT3202205",53,2022050305,0.8,"tin can","stove",NA,NA,NA
"810","GPT3202205",53,2022050306,0.8,"tin can","solar oven",NA,NA,NA
"811","GPT3202205",53,2022050307,0.8,"tin can","pinhole camera",NA,NA,NA
"812","GPT3202205",53,2022050308,0.8,"tin can","wind chime",NA,NA,NA
"813","GPT3202205",53,2022050309,0.8,"tin can","bird feeder",NA,NA,NA
"814","GPT3202205",53,2022050310,0.8,"tin can","plant pot",NA,NA,NA
"815","GPT3202205",53,2022050311,0.8,"tin can","soap dish",NA,NA,NA
"816","GPT3202205",53,2022050312,0.8,"tin can","pig",NA,NA,NA
"817","GPT3202205",54,2022050313,0.8,"tin can","could be used as a vase for flowers",NA,NA,NA
"818","GPT3202205",54,2022050314,0.8,"tin can","could be used to hold paintbrushes and other painting supplies",NA,NA,NA
"819","GPT3202205",54,2022050315,0.8,"tin can","could be used as a desk tidy to hold penspencilspaperclipsetc",NA,NA,NA
"820","GPT3202205",54,2022050316,0.8,"tin can","could be used to store coins or other small items",NA,NA,NA
