rowid,id,gpt3_created,gpt3_model,engine,timestamp,temperature,presence_penalty,frequency_penalty,instr_text,aut_object
1,cmpl-4zrXKRorn55iQY1NXc3Vq3WKCLtyf,1650649150,text-davinci:002,text-davinci-002,2022-04-22 19:39:12.749178,0.67,1,1,"What are some creative uses for a book? The goal is to come up with creative ideas, which are ideas that strike people as clever, unusual, interesting, uncommon, humorous, innovative, or different. List 9 creative uses for a book.",book
2,cmpl-4zrXMnec5vnPs9Rno0qAGOwJ1vslr,1650649152,text-davinci:002,text-davinci-002,2022-04-22 19:39:16.329810,0.67,1,1,"What are some creative uses for a book? The goal is to come up with creative ideas, which are ideas that strike people as clever, unusual, interesting, uncommon, humorous, innovative, or different. List 9 creative uses for a book.",book
3,cmpl-4zrXQbOmAJISuhk3fFIZO2SLmBq6x,1650649156,text-davinci:002,text-davinci-002,2022-04-22 19:39:19.297886,0.67,1,1,"What are some creative uses for a book? The goal is to come up with creative ideas, which are ideas that strike people as clever, unusual, interesting, uncommon, humorous, innovative, or different. List 9 creative uses for a book.",book
4,cmpl-4zrXTQbtU9GwZ4dGDpd5xEyBovRHV,1650649159,text-davinci:002,text-davinci-002,2022-04-22 19:39:22.982884,0.68,1,1,"What are some creative uses for a book? The goal is to come up with creative ideas, which are ideas that strike people as clever, unusual, interesting, uncommon, humorous, innovative, or different. List 9 creative uses for a book.",book
5,cmpl-4zrXXun99WGqMfqFcnvX9fpzWmy05,1650649163,text-davinci:002,text-davinci-002,2022-04-22 19:39:26.464734,0.68,1,1,"What are some creative uses for a book? The goal is to come up with creative ideas, which are ideas that strike people as clever, unusual, interesting, uncommon, humorous, innovative, or different. List 9 creative uses for a book.",book
6,cmpl-4zrXajQqVizh2rVJ8hn6PxNaA8Q24,1650649166,text-davinci:002,text-davinci-002,2022-04-22 19:39:31.786603,0.68,1,1,"What are some creative uses for a book? The goal is to come up with creative ideas, which are ideas that strike people as clever, unusual, interesting, uncommon, humorous, innovative, or different. List 9 creative uses for a book.",book
7,cmpl-4zrXf5f89HctStj42UI8NCmMxujME,1650649171,text-davinci:002,text-davinci-002,2022-04-22 19:39:36.700414,0.69,1,1,"What are some creative uses for a book? The goal is to come up with creative ideas, which are ideas that strike people as clever, unusual, interesting, uncommon, humorous, innovative, or different. List 9 creative uses for a book.",book
8,cmpl-4zrXkWn3QroeYera2G3vBEECCSUZR,1650649176,text-davinci:002,text-davinci-002,2022-04-22 19:39:39.465660,0.69,1,1,"What are some creative uses for a book? The goal is to come up with creative ideas, which are ideas that strike people as clever, unusual, interesting, uncommon, humorous, innovative, or different. List 9 creative uses for a book.",book
9,cmpl-4zrXnYW4L6EpsvEUL9J88oKsjzqy7,1650649179,text-davinci:002,text-davinci-002,2022-04-22 19:39:43.865692,0.69,1,1,"What are some creative uses for a book? The goal is to come up with creative ideas, which are ideas that strike people as clever, unusual, interesting, uncommon, humorous, innovative, or different. List 9 creative uses for a book.",book
10,cmpl-4zrXsIbRn4NTwafnBiFtZpy7tUdHA,1650649184,text-davinci:002,text-davinci-002,2022-04-22 19:39:47.960895,0.7,1,1,"What are some creative uses for a book? The goal is to come up with creative ideas, which are ideas that strike people as clever, unusual, interesting, uncommon, humorous, innovative, or different. List 9 creative uses for a book.",book
11,cmpl-4zrXwohDOcU3F1Hq56ynSVY02H2j0,1650649188,text-davinci:002,text-davinci-002,2022-04-22 19:39:52.669306,0.7,1,1,"What are some creative uses for a book? The goal is to come up with creative ideas, which are ideas that strike people as clever, unusual, interesting, uncommon, humorous, innovative, or different. List 9 creative uses for a book.",book
12,cmpl-4zrY03WpMeCA0AmJeADkzuTSPggZW,1650649192,text-davinci:002,text-davinci-002,2022-04-22 19:39:56.048163,0.7,1,1,"What are some creative uses for a book? The goal is to come up with creative ideas, which are ideas that strike people as clever, unusual, interesting, uncommon, humorous, innovative, or different. List 9 creative uses for a book.",book
13,cmpl-4zrY43R3rQ3No2WeD92L3z2neSrOb,1650649196,text-davinci:002,text-davinci-002,2022-04-22 19:39:59.527918,0.71,1,1,"What are some creative uses for a book? The goal is to come up with creative ideas, which are ideas that strike people as clever, unusual, interesting, uncommon, humorous, innovative, or different. List 9 creative uses for a book.",book
14,cmpl-4zrY7biIuR673z5KZea1gP4gUMbXw,1650649199,text-davinci:002,text-davinci-002,2022-04-22 19:40:04.750192,0.71,1,1,"What are some creative uses for a book? The goal is to come up with creative ideas, which are ideas that strike people as clever, unusual, interesting, uncommon, humorous, innovative, or different. List 9 creative uses for a book.",book
15,cmpl-4zrYCltQ18NBmTUndQEolfNeRJhmu,1650649204,text-davinci:002,text-davinci-002,2022-04-22 19:40:08.843573,0.71,1,1,"What are some creative uses for a book? The goal is to come up with creative ideas, which are ideas that strike people as clever, unusual, interesting, uncommon, humorous, innovative, or different. List 9 creative uses for a book.",book
16,cmpl-4zrYH49qGBQRZzNi4eQHpNxlQUABG,1650649209,text-davinci:002,text-davinci-002,2022-04-22 19:40:14.781194,0.72,1,1,"What are some creative uses for a book? The goal is to come up with creative ideas, which are ideas that strike people as clever, unusual, interesting, uncommon, humorous, innovative, or different. List 9 creative uses for a book.",book
17,cmpl-4zrYM3srgr0AI600HuaSfbe20ECSu,1650649214,text-davinci:002,text-davinci-002,2022-04-22 19:40:20.819746,0.72,1,1,"What are some creative uses for a book? The goal is to come up with creative ideas, which are ideas that strike people as clever, unusual, interesting, uncommon, humorous, innovative, or different. List 9 creative uses for a book.",book
18,cmpl-4zrYSw9ZuzkGoOZpvQWkzfHkJCPVP,1650649220,text-davinci:002,text-davinci-002,2022-04-22 19:40:26.041505,0.72,1,1,"What are some creative uses for a book? The goal is to come up with creative ideas, which are ideas that strike people as clever, unusual, interesting, uncommon, humorous, innovative, or different. List 9 creative uses for a book.",book
19,cmpl-4zrYYESZQhEvKOpsl2Y3ne59QvPUs,1650649226,text-davinci:002,text-davinci-002,2022-04-22 19:40:30.135493,0.73,1,1,"What are some creative uses for a book? The goal is to come up with creative ideas, which are ideas that strike people as clever, unusual, interesting, uncommon, humorous, innovative, or different. List 9 creative uses for a book.",book
20,cmpl-4zrYcXgHic5zBGK8skxbt7IwK8Ok2,1650649230,text-davinci:002,text-davinci-002,2022-04-22 19:40:34.844635,0.73,1,1,"What are some creative uses for a book? The goal is to come up with creative ideas, which are ideas that strike people as clever, unusual, interesting, uncommon, humorous, innovative, or different. List 9 creative uses for a book.",book
21,cmpl-4zrYhuBnwno40N3NzfKumie34U6k8,1650649235,text-davinci:002,text-davinci-002,2022-04-22 19:40:38.632803,0.73,1,1,"What are some creative uses for a book? The goal is to come up with creative ideas, which are ideas that strike people as clever, unusual, interesting, uncommon, humorous, innovative, or different. List 9 creative uses for a book.",book
22,cmpl-4zrYkCsqHkasbROCFVWUUjNxTKWA5,1650649238,text-davinci:002,text-davinci-002,2022-04-22 19:40:43.238353,0.74,1,1,"What are some creative uses for a book? The goal is to come up with creative ideas, which are ideas that strike people as clever, unusual, interesting, uncommon, humorous, innovative, or different. List 9 creative uses for a book.",book
23,cmpl-4zrYpCuQ5hsc5BzfI4p1eiCINiTKw,1650649243,text-davinci:002,text-davinci-002,2022-04-22 19:40:46.821306,0.74,1,1,"What are some creative uses for a book? The goal is to come up with creative ideas, which are ideas that strike people as clever, unusual, interesting, uncommon, humorous, innovative, or different. List 9 creative uses for a book.",book
24,cmpl-4zrYsthVkMmBWLB5euet6UOY3DuCE,1650649246,text-davinci:002,text-davinci-002,2022-04-22 19:40:49.380739,0.74,1,1,"What are some creative uses for a book? The goal is to come up with creative ideas, which are ideas that strike people as clever, unusual, interesting, uncommon, humorous, innovative, or different. List 9 creative uses for a book.",book
25,cmpl-4zrYvKNbYe9QLba3L9kPiyeRSNAdt,1650649249,text-davinci:002,text-davinci-002,2022-04-22 19:40:53.270267,0.75,1,1,"What are some creative uses for a book? The goal is to come up with creative ideas, which are ideas that strike people as clever, unusual, interesting, uncommon, humorous, innovative, or different. List 9 creative uses for a book.",book
26,cmpl-4zrYzrBuvP3imgFgz5iKgDWoCMvF2,1650649253,text-davinci:002,text-davinci-002,2022-04-22 19:40:57.980030,0.75,1,1,"What are some creative uses for a book? The goal is to come up with creative ideas, which are ideas that strike people as clever, unusual, interesting, uncommon, humorous, innovative, or different. List 9 creative uses for a book.",book
27,cmpl-4zrZ42wRutcDFNibsKTG97iSLThCM,1650649258,text-davinci:002,text-davinci-002,2022-04-22 19:41:00.743569,0.75,1,1,"What are some creative uses for a book? The goal is to come up with creative ideas, which are ideas that strike people as clever, unusual, interesting, uncommon, humorous, innovative, or different. List 9 creative uses for a book.",book
28,cmpl-4zrZ6iqXWuJnn7X7Ou7Up61L217rn,1650649260,text-davinci:002,text-davinci-002,2022-04-22 19:41:04.326431,0.76,1,1,"What are some creative uses for a book? The goal is to come up with creative ideas, which are ideas that strike people as clever, unusual, interesting, uncommon, humorous, innovative, or different. List 9 creative uses for a book.",book
29,cmpl-4zrZAUmJ0wliAvLrrK2j6rzVmvpKC,1650649264,text-davinci:002,text-davinci-002,2022-04-22 19:41:09.035095,0.76,1,1,"What are some creative uses for a book? The goal is to come up with creative ideas, which are ideas that strike people as clever, unusual, interesting, uncommon, humorous, innovative, or different. List 9 creative uses for a book.",book
30,cmpl-4zrZF2zTP1YbQKy7UTpONmDqWXo46,1650649269,text-davinci:002,text-davinci-002,2022-04-22 19:41:12.925717,0.76,1,1,"What are some creative uses for a book? The goal is to come up with creative ideas, which are ideas that strike people as clever, unusual, interesting, uncommon, humorous, innovative, or different. List 9 creative uses for a book.",book
31,cmpl-4zrZJMEPvTCpbwtqgGBNie7DjeQCO,1650649273,text-davinci:002,text-davinci-002,2022-04-22 19:41:17.663048,0.67,1,1,"What are some creative uses for a fork? The goal is to come up with creative ideas, which are ideas that strike people as clever, unusual, interesting, uncommon, humorous, innovative, or different. List 9 creative uses for a fork.",fork
32,cmpl-4zrZNd7OIfqxjARAb99vs1sxpMxRI,1650649277,text-davinci:002,text-davinci-002,2022-04-22 19:41:22.187491,0.67,1,1,"What are some creative uses for a fork? The goal is to come up with creative ideas, which are ideas that strike people as clever, unusual, interesting, uncommon, humorous, innovative, or different. List 9 creative uses for a fork.",fork
33,cmpl-4zrZSDPDs3Az2uXgUA9QLBOn42eMw,1650649282,text-davinci:002,text-davinci-002,2022-04-22 19:41:25.887900,0.67,1,1,"What are some creative uses for a fork? The goal is to come up with creative ideas, which are ideas that strike people as clever, unusual, interesting, uncommon, humorous, innovative, or different. List 9 creative uses for a fork.",fork
34,cmpl-4zrZWebxU7t3KID75VgorICiQ98tS,1650649286,text-davinci:002,text-davinci-002,2022-04-22 19:41:28.387817,0.68,1,1,"What are some creative uses for a fork? The goal is to come up with creative ideas, which are ideas that strike people as clever, unusual, interesting, uncommon, humorous, innovative, or different. List 9 creative uses for a fork.",fork
35,cmpl-4zrZY4nYblpqmzHy9W3YWvhChz4N6,1650649288,text-davinci:002,text-davinci-002,2022-04-22 19:41:33.484427,0.68,1,1,"What are some creative uses for a fork? The goal is to come up with creative ideas, which are ideas that strike people as clever, unusual, interesting, uncommon, humorous, innovative, or different. List 9 creative uses for a fork.",fork
36,cmpl-4zrZdUvDG0St0SuFktOwf4gs47zNp,1650649293,text-davinci:002,text-davinci-002,2022-04-22 19:41:36.972226,0.68,1,1,"What are some creative uses for a fork? The goal is to come up with creative ideas, which are ideas that strike people as clever, unusual, interesting, uncommon, humorous, innovative, or different. List 9 creative uses for a fork.",fork
37,cmpl-4zrZhgIyBhnNWABiT0OfdrsodCcvI,1650649297,text-davinci:002,text-davinci-002,2022-04-22 19:41:39.433902,0.69,1,1,"What are some creative uses for a fork? The goal is to come up with creative ideas, which are ideas that strike people as clever, unusual, interesting, uncommon, humorous, innovative, or different. List 9 creative uses for a fork.",fork
38,cmpl-4zrZjikiz5Bp8OUolwkQmV6EoHVfC,1650649299,text-davinci:002,text-davinci-002,2022-04-22 19:41:43.536321,0.69,1,1,"What are some creative uses for a fork? The goal is to come up with creative ideas, which are ideas that strike people as clever, unusual, interesting, uncommon, humorous, innovative, or different. List 9 creative uses for a fork.",fork
39,cmpl-4zrZn3pRQCA9tRNajvLHknkm5sC1K,1650649303,text-davinci:002,text-davinci-002,2022-04-22 19:41:46.405779,0.69,1,1,"What are some creative uses for a fork? The goal is to come up with creative ideas, which are ideas that strike people as clever, unusual, interesting, uncommon, humorous, innovative, or different. List 9 creative uses for a fork.",fork
40,cmpl-4zrZqhtBWfKrFwRr3cP7sCW8d8PYm,1650649306,text-davinci:002,text-davinci-002,2022-04-22 19:41:51.026220,0.7,1,1,"What are some creative uses for a fork? The goal is to come up with creative ideas, which are ideas that strike people as clever, unusual, interesting, uncommon, humorous, innovative, or different. List 9 creative uses for a fork.",fork
41,cmpl-4zrZvmychPlDCIbEldT5F8zqS2hVa,1650649311,text-davinci:002,text-davinci-002,2022-04-22 19:41:55.938195,0.7,1,1,"What are some creative uses for a fork? The goal is to come up with creative ideas, which are ideas that strike people as clever, unusual, interesting, uncommon, humorous, innovative, or different. List 9 creative uses for a fork.",fork
42,cmpl-4zra0z5F57t7Ygw0bm05szm3Hl5yd,1650649316,text-davinci:002,text-davinci-002,2022-04-22 19:42:00.449179,0.7,1,1,"What are some creative uses for a fork? The goal is to come up with creative ideas, which are ideas that strike people as clever, unusual, interesting, uncommon, humorous, innovative, or different. List 9 creative uses for a fork.",fork
43,cmpl-4zra4atJ3XarPjkJspnVq87V10M79,1650649320,text-davinci:002,text-davinci-002,2022-04-22 19:42:03.520753,0.71,1,1,"What are some creative uses for a fork? The goal is to come up with creative ideas, which are ideas that strike people as clever, unusual, interesting, uncommon, humorous, innovative, or different. List 9 creative uses for a fork.",fork
44,cmpl-4zra7PJ3V7WlDovz4p2SWxDhYNZL4,1650649323,text-davinci:002,text-davinci-002,2022-04-22 19:42:08.338022,0.71,1,1,"What are some creative uses for a fork? The goal is to come up with creative ideas, which are ideas that strike people as clever, unusual, interesting, uncommon, humorous, innovative, or different. List 9 creative uses for a fork.",fork
45,cmpl-4zraCg6Ph8xSbK0yjXAdPnidD11ay,1650649328,text-davinci:002,text-davinci-002,2022-04-22 19:42:12.844817,0.71,1,1,"What are some creative uses for a fork? The goal is to come up with creative ideas, which are ideas that strike people as clever, unusual, interesting, uncommon, humorous, innovative, or different. List 9 creative uses for a fork.",fork
46,cmpl-4zraGctlemkCLq7TdhINVy0S5X0JP,1650649332,text-davinci:002,text-davinci-002,2022-04-22 19:42:18.275193,0.72,1,1,"What are some creative uses for a fork? The goal is to come up with creative ideas, which are ideas that strike people as clever, unusual, interesting, uncommon, humorous, innovative, or different. List 9 creative uses for a fork.",fork
47,cmpl-4zraM64Ja1WKyyzHnRS2C1x6wvtM1,1650649338,text-davinci:002,text-davinci-002,2022-04-22 19:42:22.783520,0.72,1,1,"What are some creative uses for a fork? The goal is to come up with creative ideas, which are ideas that strike people as clever, unusual, interesting, uncommon, humorous, innovative, or different. List 9 creative uses for a fork.",fork
48,cmpl-4zraQmDGIEyFg7seTG2WjAuWnieHS,1650649342,text-davinci:002,text-davinci-002,2022-04-22 19:42:26.470957,0.72,1,1,"What are some creative uses for a fork? The goal is to come up with creative ideas, which are ideas that strike people as clever, unusual, interesting, uncommon, humorous, innovative, or different. List 9 creative uses for a fork.",fork
49,cmpl-4zraUifPUfrYanvkLcAzlKBfY459v,1650649346,text-davinci:002,text-davinci-002,2022-04-22 19:42:31.799636,0.73,1,1,"What are some creative uses for a fork? The goal is to come up with creative ideas, which are ideas that strike people as clever, unusual, interesting, uncommon, humorous, innovative, or different. List 9 creative uses for a fork.",fork
50,cmpl-4zraZpLyhHci56f4QhgT4B7SmCvrt,1650649351,text-davinci:002,text-davinci-002,2022-04-22 19:42:35.386065,0.73,1,1,"What are some creative uses for a fork? The goal is to come up with creative ideas, which are ideas that strike people as clever, unusual, interesting, uncommon, humorous, innovative, or different. List 9 creative uses for a fork.",fork
51,cmpl-4zrad3UgMywrIHWm2sISmtf8VYQgP,1650649355,text-davinci:002,text-davinci-002,2022-04-22 19:42:39.789525,0.73,1,1,"What are some creative uses for a fork? The goal is to come up with creative ideas, which are ideas that strike people as clever, unusual, interesting, uncommon, humorous, innovative, or different. List 9 creative uses for a fork.",fork
52,cmpl-4zrahdwzmeu6wqCXH9mwDInKMIiDX,1650649359,text-davinci:002,text-davinci-002,2022-04-22 19:42:42.862446,0.74,1,1,"What are some creative uses for a fork? The goal is to come up with creative ideas, which are ideas that strike people as clever, unusual, interesting, uncommon, humorous, innovative, or different. List 9 creative uses for a fork.",fork
53,cmpl-4zrakJLlAzMdyKNNYUGLwDUYw1gGV,1650649362,text-davinci:002,text-davinci-002,2022-04-22 19:42:47.985084,0.74,1,1,"What are some creative uses for a fork? The goal is to come up with creative ideas, which are ideas that strike people as clever, unusual, interesting, uncommon, humorous, innovative, or different. List 9 creative uses for a fork.",fork
54,cmpl-4zraqw62ODEyAK2awfLKbL89Lp8B3,1650649368,text-davinci:002,text-davinci-002,2022-04-22 19:42:50.955849,0.74,1,1,"What are some creative uses for a fork? The goal is to come up with creative ideas, which are ideas that strike people as clever, unusual, interesting, uncommon, humorous, innovative, or different. List 9 creative uses for a fork.",fork
55,cmpl-4zratgs7BTfghucjtwvLdg3h5Ktcj,1650649371,text-davinci:002,text-davinci-002,2022-04-22 19:42:54.745922,0.75,1,1,"What are some creative uses for a fork? The goal is to come up with creative ideas, which are ideas that strike people as clever, unusual, interesting, uncommon, humorous, innovative, or different. List 9 creative uses for a fork.",fork
56,cmpl-4zrawJ9oDldEBthK2vgZupbmFMm4H,1650649374,text-davinci:002,text-davinci-002,2022-04-22 19:42:58.128165,0.75,1,1,"What are some creative uses for a fork? The goal is to come up with creative ideas, which are ideas that strike people as clever, unusual, interesting, uncommon, humorous, innovative, or different. List 9 creative uses for a fork.",fork
57,cmpl-4zrb0QXXrFMPbzffB0TG92HVogg3y,1650649378,text-davinci:002,text-davinci-002,2022-04-22 19:43:02.121715,0.75,1,1,"What are some creative uses for a fork? The goal is to come up with creative ideas, which are ideas that strike people as clever, unusual, interesting, uncommon, humorous, innovative, or different. List 9 creative uses for a fork.",fork
58,cmpl-4zrb4pbZjJzgQf6xbhicfC27UEn7l,1650649382,text-davinci:002,text-davinci-002,2022-04-22 19:43:05.809386,0.76,1,1,"What are some creative uses for a fork? The goal is to come up with creative ideas, which are ideas that strike people as clever, unusual, interesting, uncommon, humorous, innovative, or different. List 9 creative uses for a fork.",fork
59,cmpl-4zrb7jeIL1TFrfKlWLLLftejtTyZb,1650649385,text-davinci:002,text-davinci-002,2022-04-22 19:43:11.752438,0.76,1,1,"What are some creative uses for a fork? The goal is to come up with creative ideas, which are ideas that strike people as clever, unusual, interesting, uncommon, humorous, innovative, or different. List 9 creative uses for a fork.",fork
60,cmpl-4zrbDITGHAQhN1jsdlVUwpqxbMxvL,1650649391,text-davinci:002,text-davinci-002,2022-04-22 19:43:16.977105,0.76,1,1,"What are some creative uses for a fork? The goal is to come up with creative ideas, which are ideas that strike people as clever, unusual, interesting, uncommon, humorous, innovative, or different. List 9 creative uses for a fork.",fork
61,cmpl-4zrbJ1ywGvexOFDxf6gmBhbuPPecR,1650649397,text-davinci:002,text-davinci-002,2022-04-22 19:43:21.074138,0.67,1,1,"What are some creative uses for a tin can? The goal is to come up with creative ideas, which are ideas that strike people as clever, unusual, interesting, uncommon, humorous, innovative, or different. List 9 creative uses for a tin can.",tin can
62,cmpl-4zrbN3psnyAw89kktoFkUMgimFZjc,1650649401,text-davinci:002,text-davinci-002,2022-04-22 19:43:25.479464,0.67,1,1,"What are some creative uses for a tin can? The goal is to come up with creative ideas, which are ideas that strike people as clever, unusual, interesting, uncommon, humorous, innovative, or different. List 9 creative uses for a tin can.",tin can
63,cmpl-4zrbRsbIaGxBqfOccYpoUD0CMO0xl,1650649405,text-davinci:002,text-davinci-002,2022-04-22 19:43:27.938402,0.67,1,1,"What are some creative uses for a tin can? The goal is to come up with creative ideas, which are ideas that strike people as clever, unusual, interesting, uncommon, humorous, innovative, or different. List 9 creative uses for a tin can.",tin can
64,cmpl-4zrbTqtxt7KQ7CDXrryUu5jgWJ69a,1650649407,text-davinci:002,text-davinci-002,2022-04-22 19:43:32.240209,0.68,1,1,"What are some creative uses for a tin can? The goal is to come up with creative ideas, which are ideas that strike people as clever, unusual, interesting, uncommon, humorous, innovative, or different. List 9 creative uses for a tin can.",tin can
65,cmpl-4zrbYEeeRyYskiBlOLBZdW7zFQkf8,1650649412,text-davinci:002,text-davinci-002,2022-04-22 19:43:36.234899,0.68,1,1,"What are some creative uses for a tin can? The goal is to come up with creative ideas, which are ideas that strike people as clever, unusual, interesting, uncommon, humorous, innovative, or different. List 9 creative uses for a tin can.",tin can
66,cmpl-4zrbcJSjnrQGQryl58b1WsAPwo0An,1650649416,text-davinci:002,text-davinci-002,2022-04-22 19:43:40.230558,0.68,1,1,"What are some creative uses for a tin can? The goal is to come up with creative ideas, which are ideas that strike people as clever, unusual, interesting, uncommon, humorous, innovative, or different. List 9 creative uses for a tin can.",tin can
67,cmpl-4zrbgvVmZ78Tof0ZmGZSQtMyJiKFW,1650649420,text-davinci:002,text-davinci-002,2022-04-22 19:43:43.098944,0.69,1,1,"What are some creative uses for a tin can? The goal is to come up with creative ideas, which are ideas that strike people as clever, unusual, interesting, uncommon, humorous, innovative, or different. List 9 creative uses for a tin can.",tin can
68,cmpl-4zrbjCwsB0SqWvKxicy8LGk53flyr,1650649423,text-davinci:002,text-davinci-002,2022-04-22 19:43:48.118380,0.69,1,1,"What are some creative uses for a tin can? The goal is to come up with creative ideas, which are ideas that strike people as clever, unusual, interesting, uncommon, humorous, innovative, or different. List 9 creative uses for a tin can.",tin can
69,cmpl-4zrboUMyMByxhbrNsfLQZLnzSQJGu,1650649428,text-davinci:002,text-davinci-002,2022-04-22 19:43:53.445594,0.69,1,1,"What are some creative uses for a tin can? The goal is to come up with creative ideas, which are ideas that strike people as clever, unusual, interesting, uncommon, humorous, innovative, or different. List 9 creative uses for a tin can.",tin can
70,cmpl-4zrbtwe2uJcyLmGuEpGSsyDFGMDBA,1650649433,text-davinci:002,text-davinci-002,2022-04-22 19:43:56.928621,0.7,1,1,"What are some creative uses for a tin can? The goal is to come up with creative ideas, which are ideas that strike people as clever, unusual, interesting, uncommon, humorous, innovative, or different. List 9 creative uses for a tin can.",tin can
71,cmpl-4zrbwSX9olf2MYhbNdZkBNcAZCQil,1650649436,text-davinci:002,text-davinci-002,2022-04-22 19:44:01.847229,0.7,1,1,"What are some creative uses for a tin can? The goal is to come up with creative ideas, which are ideas that strike people as clever, unusual, interesting, uncommon, humorous, innovative, or different. List 9 creative uses for a tin can.",tin can
72,cmpl-4zrc1U1RBUdlbhTUgAPDFfMfYh1z4,1650649441,text-davinci:002,text-davinci-002,2022-04-22 19:44:04.714965,0.7,1,1,"What are some creative uses for a tin can? The goal is to come up with creative ideas, which are ideas that strike people as clever, unusual, interesting, uncommon, humorous, innovative, or different. List 9 creative uses for a tin can.",tin can
73,cmpl-4zrc4u2VBu91FTQrKNvnOCHBqYgxm,1650649444,text-davinci:002,text-davinci-002,2022-04-22 19:44:09.425708,0.71,1,1,"What are some creative uses for a tin can? The goal is to come up with creative ideas, which are ideas that strike people as clever, unusual, interesting, uncommon, humorous, innovative, or different. List 9 creative uses for a tin can.",tin can
74,cmpl-4zrc9anerQX6gOQWAFSdOcaJv26D0,1650649449,text-davinci:002,text-davinci-002,2022-04-22 19:44:14.482957,0.71,1,1,"What are some creative uses for a tin can? The goal is to come up with creative ideas, which are ideas that strike people as clever, unusual, interesting, uncommon, humorous, innovative, or different. List 9 creative uses for a tin can.",tin can
75,cmpl-4zrcEwWIXCAMPu5UuJbCdaDxuIBFC,1650649454,text-davinci:002,text-davinci-002,2022-04-22 19:44:18.443443,0.71,1,1,"What are some creative uses for a tin can? The goal is to come up with creative ideas, which are ideas that strike people as clever, unusual, interesting, uncommon, humorous, innovative, or different. List 9 creative uses for a tin can.",tin can
76,cmpl-4zrcIVXoehFFYCRYyynvdd5IJPIST,1650649458,text-davinci:002,text-davinci-002,2022-04-22 19:44:22.847288,0.72,1,1,"What are some creative uses for a tin can? The goal is to come up with creative ideas, which are ideas that strike people as clever, unusual, interesting, uncommon, humorous, innovative, or different. List 9 creative uses for a tin can.",tin can
77,cmpl-4zrcMiOsRGzG85ajlnECUTr1dhMtt,1650649462,text-davinci:002,text-davinci-002,2022-04-22 19:44:28.072371,0.72,1,1,"What are some creative uses for a tin can? The goal is to come up with creative ideas, which are ideas that strike people as clever, unusual, interesting, uncommon, humorous, innovative, or different. List 9 creative uses for a tin can.",tin can
78,cmpl-4zrcS09GhsrrIIplF2CvuIXFdP89x,1650649468,text-davinci:002,text-davinci-002,2022-04-22 19:44:31.148701,0.72,1,1,"What are some creative uses for a tin can? The goal is to come up with creative ideas, which are ideas that strike people as clever, unusual, interesting, uncommon, humorous, innovative, or different. List 9 creative uses for a tin can.",tin can
79,cmpl-4zrcVORSuELIlbtqYbPvYTtqlY04J,1650649471,text-davinci:002,text-davinci-002,2022-04-22 19:44:34.834061,0.73,1,1,"What are some creative uses for a tin can? The goal is to come up with creative ideas, which are ideas that strike people as clever, unusual, interesting, uncommon, humorous, innovative, or different. List 9 creative uses for a tin can.",tin can
80,cmpl-4zrcYjzKqIIyHAfl5D4gYpEMjoKxu,1650649474,text-davinci:002,text-davinci-002,2022-04-22 19:44:37.907721,0.73,1,1,"What are some creative uses for a tin can? The goal is to come up with creative ideas, which are ideas that strike people as clever, unusual, interesting, uncommon, humorous, innovative, or different. List 9 creative uses for a tin can.",tin can
81,cmpl-4zrcbWi4mPn1Lgww0fOj0x3K3J11l,1650649477,text-davinci:002,text-davinci-002,2022-04-22 19:44:43.746194,0.73,1,1,"What are some creative uses for a tin can? The goal is to come up with creative ideas, which are ideas that strike people as clever, unusual, interesting, uncommon, humorous, innovative, or different. List 9 creative uses for a tin can.",tin can
82,cmpl-4zrche9QeGMpmfsGYV3xuiIbbFgVW,1650649483,text-davinci:002,text-davinci-002,2022-04-22 19:44:46.921224,0.74,1,1,"What are some creative uses for a tin can? The goal is to come up with creative ideas, which are ideas that strike people as clever, unusual, interesting, uncommon, humorous, innovative, or different. List 9 creative uses for a tin can.",tin can
83,cmpl-4zrckGN0dM4lds8vCNfKvayt3Ir4z,1650649486,text-davinci:002,text-davinci-002,2022-04-22 19:44:50.815263,0.74,1,1,"What are some creative uses for a tin can? The goal is to come up with creative ideas, which are ideas that strike people as clever, unusual, interesting, uncommon, humorous, innovative, or different. List 9 creative uses for a tin can.",tin can
84,cmpl-4zrcoCBzGvxqYvlwl4T1Z9oAXzjjz,1650649490,text-davinci:002,text-davinci-002,2022-04-22 19:44:55.423755,0.74,1,1,"What are some creative uses for a tin can? The goal is to come up with creative ideas, which are ideas that strike people as clever, unusual, interesting, uncommon, humorous, innovative, or different. List 9 creative uses for a tin can.",tin can
85,cmpl-4zrctu5fEjcEnja4LuWNvzRUHWU31,1650649495,text-davinci:002,text-davinci-002,2022-04-22 19:44:59.829389,0.75,1,1,"What are some creative uses for a tin can? The goal is to come up with creative ideas, which are ideas that strike people as clever, unusual, interesting, uncommon, humorous, innovative, or different. List 9 creative uses for a tin can.",tin can
86,cmpl-4zrcxpMw6Qkz2QWcvYNNxrTQAiJ5G,1650649499,text-davinci:002,text-davinci-002,2022-04-22 19:45:03.927060,0.75,1,1,"What are some creative uses for a tin can? The goal is to come up with creative ideas, which are ideas that strike people as clever, unusual, interesting, uncommon, humorous, innovative, or different. List 9 creative uses for a tin can.",tin can
87,cmpl-4zrd1faKHBOm8Cxvlj8fYVq0YYNN0,1650649503,text-davinci:002,text-davinci-002,2022-04-22 19:45:07.922238,0.75,1,1,"What are some creative uses for a tin can? The goal is to come up with creative ideas, which are ideas that strike people as clever, unusual, interesting, uncommon, humorous, innovative, or different. List 9 creative uses for a tin can.",tin can
88,cmpl-4zrd524B8q1ksMWn7vFZYBuuX8IPn,1650649507,text-davinci:002,text-davinci-002,2022-04-22 19:45:12.429766,0.76,1,1,"What are some creative uses for a tin can? The goal is to come up with creative ideas, which are ideas that strike people as clever, unusual, interesting, uncommon, humorous, innovative, or different. List 9 creative uses for a tin can.",tin can
89,cmpl-4zrdAUqGiLghD5AjfihSegqsCWnLT,1650649512,text-davinci:002,text-davinci-002,2022-04-22 19:45:15.912896,0.76,1,1,"What are some creative uses for a tin can? The goal is to come up with creative ideas, which are ideas that strike people as clever, unusual, interesting, uncommon, humorous, innovative, or different. List 9 creative uses for a tin can.",tin can
90,cmpl-4zrdDeq7FkGc7hNoiW5nBllPOvLaB,1650649515,text-davinci:002,text-davinci-002,2022-04-22 19:45:19.292443,0.76,1,1,"What are some creative uses for a tin can? The goal is to come up with creative ideas, which are ideas that strike people as clever, unusual, interesting, uncommon, humorous, innovative, or different. List 9 creative uses for a tin can.",tin can
