id,research_id,response_id,respondent_id,object,original_response,cleaned_response,originality_rater01,utility_rater01,response,response_nofill,item,item_nofill,SemDis_cbowukwacsubtitle_nf_m,SemDis_cbowsubtitle_nf_m,SemDis_cbowBNCwikiukwac_nf_m,SemDis_TASA_nf_m,SemDis_glove_nf_m,SemDis_MEAN,SemDis_factor,check_response,category01_rater01,category02_rater01,category03_rater01,category04_rater01
cmpl-4zrYSw9ZuzkGoOZpvQWkzfHkJCPVP,,cmpl-4zrYSw9ZuzkGoOZpvQWkzfHkJCPVP,GPT3,book,6 A book can be used,book can used,,,,,,,0.55656,0.87766,0.76229,1.06823,0.66407,0.78576,-0.90471,,998,,,
cmpl-4zrYpCuQ5hsc5BzfI4p1eiCINiTKw,,cmpl-4zrYpCuQ5hsc5BzfI4p1eiCINiTKw,GPT3,book,6 A book can be used,book can used,,,,,,,0.55656,0.87766,0.76229,1.06823,0.66407,0.78576,-0.90471,,998,,,
cmpl-4zrYH49qGBQRZzNi4eQHpNxlQUABG,,cmpl-4zrYH49qGBQRZzNi4eQHpNxlQUABG,GPT3,book,5 A book can be used to absorb spilled liquid,book can used absorb spilled liquid,,,,,,,0.80049,1.02321,1.0961,0.84482,1.29935,1.01279,-0.5437,,405,113,,
cmpl-4zrY03WpMeCA0AmJeADkzuTSPggZW,,cmpl-4zrY03WpMeCA0AmJeADkzuTSPggZW,GPT3,book,6 A book can be used to make a paper,book can used make paper,,,,,,,0.74461,1.0005,0.96834,1.01164,0.68586,0.88219,-0.5301,,998,,,
cmpl-4zrXMnec5vnPs9Rno0qAGOwJ1vslr,,cmpl-4zrXMnec5vnPs9Rno0qAGOwJ1vslr,GPT3,book,1 A book can be used as a door stop,book can used door stop,,,,,,,0.74824,0.96666,0.99463,0.93461,0.73507,0.87584,-0.528,,113,123,,
cmpl-4zrXQbOmAJISuhk3fFIZO2SLmBq6x,,cmpl-4zrXQbOmAJISuhk3fFIZO2SLmBq6x,GPT3,book,1 A book can be used as a door stop,book can used door stop,,,,,,,0.74824,0.96666,0.99463,0.93461,0.73507,0.87584,-0.528,,113,123,,
cmpl-4zrYM3srgr0AI600HuaSfbe20ECSu,,cmpl-4zrYM3srgr0AI600HuaSfbe20ECSu,GPT3,book,A book can be used as A door stop,book can used door stop,,,,,,,0.74824,0.96666,0.99463,0.93461,0.73507,0.87584,-0.528,,113,123,,
cmpl-4zrYcXgHic5zBGK8skxbt7IwK8Ok2,,cmpl-4zrYcXgHic5zBGK8skxbt7IwK8Ok2,GPT3,book,1 A book can be used as a door stop,book can used door stop,,,,,,,0.74824,0.96666,0.99463,0.93461,0.73507,0.87584,-0.528,,113,123,,
cmpl-4zrYsthVkMmBWLB5euet6UOY3DuCE,,cmpl-4zrYsthVkMmBWLB5euet6UOY3DuCE,GPT3,book,1 A book can be used as a door stop,book can used door stop,,,,,,,0.74824,0.96666,0.99463,0.93461,0.73507,0.87584,-0.528,,113,123,,
cmpl-4zrXajQqVizh2rVJ8hn6PxNaA8Q24,,cmpl-4zrXajQqVizh2rVJ8hn6PxNaA8Q24,GPT3,book,2 Turn an old book into a secret compartment,turn old book secret compartment,,,,,,,0.72146,0.92479,0.92442,1.10924,0.72728,0.88144,-0.52771,,402,,,
cmpl-4zrXkWn3QroeYera2G3vBEECCSUZR,,cmpl-4zrXkWn3QroeYera2G3vBEECCSUZR,GPT3,book,5 A book can be used to hold open a window or door,book can used hold open window door,,,,,,,0.77907,1.07311,0.99694,0.92555,0.74425,0.90378,-0.49464,,113,123,121,201
cmpl-4zrXsIbRn4NTwafnBiFtZpy7tUdHA,,cmpl-4zrXsIbRn4NTwafnBiFtZpy7tUdHA,GPT3,book,5 A book can be used to hold open a window or door,book can used hold open window door,,,,,,,0.77907,1.07311,0.99694,0.92555,0.74425,0.90378,-0.49464,,113,123,121,201
cmpl-4zrXsIbRn4NTwafnBiFtZpy7tUdHA,,cmpl-4zrXsIbRn4NTwafnBiFtZpy7tUdHA,GPT3,book,3 A book can be used to make a paperweight,book can used make paperweight,,,,,,,0.81017,1.14777,0.91405,1.10976,1.25601,1.04755,-0.43141,,103,,,
341,CES201606,341,14,book,eruit lezen,eruit lezen,1,5,read from,read,book,book,0.38698,0.48061,0.69954,0.72765,0.42418,0.54379,-0.39768,1,400,408,412,
566,CES201606,566,17,book,niet lezen,niet lezen,1,5,do not read,read,book,book,0.38698,0.48061,0.69954,0.72765,0.42418,0.54379,-0.39768,0,998,,,
651,CES201606,651,18,book,om te lezen,lezen,1,5,to read,read,book,book,0.38698,0.48061,0.69954,0.72765,0.42418,0.54379,-0.39768,0,400,408,412,
737,CES201606,737,19,book,om te lezen,lezen,1,5,to read,read,book,book,0.38698,0.48061,0.69954,0.72765,0.42418,0.54379,-0.39768,1,400,408,412,
845,CES201606,845,20,book,lezen,lezen,1,5,read,read,book,book,0.38698,0.48061,0.69954,0.72765,0.42418,0.54379,-0.39768,1,400,408,412,
1239,CES201606,1239,28,book,uit te lezen,lezen,1,5,read out,read,book,book,0.38698,0.48061,0.69954,0.72765,0.42418,0.54379,-0.39768,0,400,408,412,
1399,CES201606,1399,35,book,lezen,lezen,1,5,read,read,book,book,0.38698,0.48061,0.69954,0.72765,0.42418,0.54379,-0.39768,0,400,408,412,
1559,CES201606,1559,39,book,lezen,lezen,1,5,read,read,book,book,0.38698,0.48061,0.69954,0.72765,0.42418,0.54379,-0.39768,1,400,408,412,
1993,CES201606,1993,48,book,lezen,lezen,1,5,read,read,book,book,0.38698,0.48061,0.69954,0.72765,0.42418,0.54379,-0.39768,0,400,408,412,
cmpl-4zrYsthVkMmBWLB5euet6UOY3DuCE,,cmpl-4zrYsthVkMmBWLB5euet6UOY3DuCE,GPT3,book,5 A book can be used to make a small stool more comfortable,book can used make small stool comfortable,,,,,,,0.83295,1.17142,0.93628,0.98087,0.79581,0.94347,-0.33716,,101,106,,
cmpl-4zrYzrBuvP3imgFgz5iKgDWoCMvF2,,cmpl-4zrYzrBuvP3imgFgz5iKgDWoCMvF2,GPT3,book,4 Repurpose a hardcover book into a photo,repurpose hardcover book photo,,,,,,,0.85598,1.14289,1.01728,1.01051,0.96093,0.99752,-0.32586,,110,,,
cmpl-4zrXXun99WGqMfqFcnvX9fpzWmy05,,cmpl-4zrXXun99WGqMfqFcnvX9fpzWmy05,GPT3,book,2 A book can be used to hold open a window,book can used hold open window,,,,,,,0.84787,0.97816,1.02143,0.99686,1.271,1.02306,-0.29745,,113,123,121,201
cmpl-4zrY03WpMeCA0AmJeADkzuTSPggZW,,cmpl-4zrY03WpMeCA0AmJeADkzuTSPggZW,GPT3,book,5 A book can be used to hold open a window,book can used hold open window,,,,,,,0.84787,0.97816,1.02143,0.99686,1.271,1.02306,-0.29745,,113,123,121,201
cmpl-4zrYvKNbYe9QLba3L9kPiyeRSNAdt,,cmpl-4zrYvKNbYe9QLba3L9kPiyeRSNAdt,GPT3,book,4 A book can be used to hold open a window,book can used hold open window,,,,,,,0.84787,0.97816,1.02143,0.99686,1.271,1.02306,-0.29745,,113,123,121,201
cmpl-4zrYYESZQhEvKOpsl2Y3ne59QvPUs,,cmpl-4zrYYESZQhEvKOpsl2Y3ne59QvPUs,GPT3,book,5 A book can be used as fuel for a fire,book can used fuel fire,,,,,,,0.83702,0.97973,1.04672,0.84773,0.7073,0.8837,-0.289,,406,,,
cmpl-4zrYpCuQ5hsc5BzfI4p1eiCINiTKw,,cmpl-4zrYpCuQ5hsc5BzfI4p1eiCINiTKw,GPT3,book,5 A book can be used as fuel for a fire,book can used fuel fire,,,,,,,0.83702,0.97973,1.04672,0.84773,0.7073,0.8837,-0.289,,406,,,
cmpl-4zrXkWn3QroeYera2G3vBEECCSUZR,,cmpl-4zrXkWn3QroeYera2G3vBEECCSUZR,GPT3,book,4 A book can be used to make a small shelf or ledge,book can used make small shelf ledge,,,,,,,0.85716,1.10891,0.92225,0.97357,1.30886,1.03415,-0.27626,,121,127,,
cmpl-4zrZAUmJ0wliAvLrrK2j6rzVmvpKC,,cmpl-4zrZAUmJ0wliAvLrrK2j6rzVmvpKC,GPT3,book,5 A book can be used as part of a centerpieces for a party or event,book can used part centerpieces party event,,,,,,,0.84698,0.98473,0.94612,1.00083,1.30894,1.01752,-0.2524,,110,,,
569,CES201606,569,17,book,er in schrijven,schrijven,1,5,write in it,write,book,book,0.55644,0.60769,0.80566,0.95959,0.47552,0.68098,-0.24824,0,407,412,,
848,CES201606,848,20,book,schrijven,schrijven,1,5,write,write,book,book,0.55644,0.60769,0.80566,0.95959,0.47552,0.68098,-0.24824,1,407,412,,
cmpl-4zrXTQbtU9GwZ4dGDpd5xEyBovRHV,,cmpl-4zrXTQbtU9GwZ4dGDpd5xEyBovRHV,GPT3,book,4 A book can be used to prop up a wobbly table leg,book can used prop wobbly table leg,,,,,,,0.82925,1.03787,0.9316,1.10373,0.69351,0.91919,-0.24804,,113,121,106,
cmpl-4zrXkWn3QroeYera2G3vBEECCSUZR,,cmpl-4zrXkWn3QroeYera2G3vBEECCSUZR,GPT3,book,3 A book can be used to prop up a wobbly table leg,book can used prop wobbly table leg,,,,,,,0.82925,1.03787,0.9316,1.10373,0.69351,0.91919,-0.24804,,113,121,106,
cmpl-4zrYhuBnwno40N3NzfKumie34U6k8,,cmpl-4zrYhuBnwno40N3NzfKumie34U6k8,GPT3,book,4 A book can be used to prop up a wobbly table leg,book can used prop wobbly table leg,,,,,,,0.82925,1.03787,0.9316,1.10373,0.69351,0.91919,-0.24804,,113,121,106,
1866,CES201606,1866,46,book,boekenlegger,boekenlegger,3,3,bookmark,bookmark,book,book,0.74264,0.50341,0.8371,0.73661,0.9852,0.76099,-0.24038,1,604,,,
1100,CES201606,1100,25,book,schrift,schrift,1,5,notebook,notebook,book,book,0.61679,0.59822,0.72842,1.08474,0.76122,0.75788,-0.23076,0,407,412,,
1734,CES201606,1734,44,book,Schrift,schrift,1,5,Scripture,scripture,book,book,0.70181,0.61006,0.80015,0.80612,0.67532,0.71869,-0.22872,0,407,412,,
cmpl-4zrXnYW4L6EpsvEUL9J88oKsjzqy7,,cmpl-4zrXnYW4L6EpsvEUL9J88oKsjzqy7,GPT3,book,4 A book can be used to make a impromptu stool or chair,book can used make impromptu stool chair,,,,,,,0.87378,1.06283,1.05573,1.04876,0.77493,0.96321,-0.22484,,101,,,
cmpl-4zrXf5f89HctStj42UI8NCmMxujME,,cmpl-4zrXf5f89HctStj42UI8NCmMxujME,GPT3,book,4 A book can be used to prop up a wobbly table or chair,book can used prop wobbly table chair,,,,,,,0.86057,0.90051,1.12246,1.10297,0.70849,0.939,-0.21069,,113,121,106,
cmpl-4zrY43R3rQ3No2WeD92L3z2neSrOb,,cmpl-4zrY43R3rQ3No2WeD92L3z2neSrOb,GPT3,book,5 A book can be used as kindling for a fire,book can used kindling fire,,,,,,,0.85703,0.99368,0.94755,1.11621,1.20967,1.02483,-0.20829,,406,,,
cmpl-4zrYH49qGBQRZzNi4eQHpNxlQUABG,,cmpl-4zrYH49qGBQRZzNi4eQHpNxlQUABG,GPT3,book,4 A book can be used as kindling for a fire,book can used kindling fire,,,,,,,0.85703,0.99368,0.94755,1.11621,1.20967,1.02483,-0.20829,,406,,,
cmpl-4zrYhuBnwno40N3NzfKumie34U6k8,,cmpl-4zrYhuBnwno40N3NzfKumie34U6k8,GPT3,book,5 A book can be used as kindling for a fire,book can used kindling fire,,,,,,,0.85703,0.99368,0.94755,1.11621,1.20967,1.02483,-0.20829,,406,,,
500,CES201606,500,16,book,kladboek,kladboek,1,5,scrapbook,scrapbook,book,book,0.75486,0.6799,0.713,0.95457,0.81401,0.78327,-0.19235,0,407,412,,
cmpl-4zrXXun99WGqMfqFcnvX9fpzWmy05,,cmpl-4zrXXun99WGqMfqFcnvX9fpzWmy05,GPT3,book,3 A book can be used as a coaster for a hot beverage,book can used coaster hot beverage,,,,,,,0.87936,1.10466,0.92854,1.0535,1.2221,1.03763,-0.19208,,118,,,
cmpl-4zrYSw9ZuzkGoOZpvQWkzfHkJCPVP,,cmpl-4zrYSw9ZuzkGoOZpvQWkzfHkJCPVP,GPT3,book,5 A book can be used as a coaster for a hot beverage,book can used coaster hot beverage,,,,,,,0.87936,1.10466,0.92854,1.0535,1.2221,1.03763,-0.19208,,118,,,
cmpl-4zrZF2zTP1YbQKy7UTpONmDqWXo46,,cmpl-4zrZF2zTP1YbQKy7UTpONmDqWXo46,GPT3,book,4 A book can be used as a coaster for a hot beverage,book can used coaster hot beverage,,,,,,,0.87936,1.10466,0.92854,1.0535,1.2221,1.03763,-0.19208,,118,,,
cmpl-4zrYkCsqHkasbROCFVWUUjNxTKWA5,,cmpl-4zrYkCsqHkasbROCFVWUUjNxTKWA5,GPT3,book,3 Create a sculpture or collage by decoupaging old book pages onto an object,create sculpture collage decoupaging old book pages onto object,,,,,,,0.93315,1.18779,1.16355,1.02446,0.78334,1.01846,-0.1899,,110,,,
cmpl-4zrYCltQ18NBmTUndQEolfNeRJhmu,,cmpl-4zrYCltQ18NBmTUndQEolfNeRJhmu,GPT3,book,5 A book can be used to make a small step stool,book can used make small step stool,,,,,,,0.88347,0.98502,1.10343,0.96487,0.78759,0.94488,-0.18904,,101,,,
cmpl-4zrXKRorn55iQY1NXc3Vq3WKCLtyf,,cmpl-4zrXKRorn55iQY1NXc3Vq3WKCLtyf,GPT3,book,2 A book can be used to start a fire,book can used start fire,,,,,,,0.8374,0.85006,1.02593,1.11801,0.72839,0.91196,-0.18522,,406,,,
cmpl-4zrXMnec5vnPs9Rno0qAGOwJ1vslr,,cmpl-4zrXMnec5vnPs9Rno0qAGOwJ1vslr,GPT3,book,2 A book can be used to start a fire,book can used start fire,,,,,,,0.8374,0.85006,1.02593,1.11801,0.72839,0.91196,-0.18522,,406,,,
cmpl-4zrXTQbtU9GwZ4dGDpd5xEyBovRHV,,cmpl-4zrXTQbtU9GwZ4dGDpd5xEyBovRHV,GPT3,book,2 A book can be used to start a fire,book can used start fire,,,,,,,0.8374,0.85006,1.02593,1.11801,0.72839,0.91196,-0.18522,,406,,,
cmpl-4zrXf5f89HctStj42UI8NCmMxujME,,cmpl-4zrXf5f89HctStj42UI8NCmMxujME,GPT3,book,2 A book can be used to start a fire,book can used start fire,,,,,,,0.8374,0.85006,1.02593,1.11801,0.72839,0.91196,-0.18522,,406,,,
cmpl-4zrY03WpMeCA0AmJeADkzuTSPggZW,,cmpl-4zrY03WpMeCA0AmJeADkzuTSPggZW,GPT3,book,2 A book can be used to start a fire,book can used start fire,,,,,,,0.8374,0.85006,1.02593,1.11801,0.72839,0.91196,-0.18522,,406,,,
cmpl-4zrZ6iqXWuJnn7X7Ou7Up61L217rn,,cmpl-4zrZ6iqXWuJnn7X7Ou7Up61L217rn,GPT3,book,2 A book can be used to start a fire,book can used start fire,,,,,,,0.8374,0.85006,1.02593,1.11801,0.72839,0.91196,-0.18522,,406,,,
cmpl-4zrYvKNbYe9QLba3L9kPiyeRSNAdt,,cmpl-4zrYvKNbYe9QLba3L9kPiyeRSNAdt,GPT3,book,5 A book can serve as a paperweight on your desk,book can serve paperweight desk,,,,,,,0.89122,1.02427,0.99916,1.01744,1.33617,1.05365,-0.17527,,103,,,
860,CES201606,860,20,book,studeren,studeren,1,5,study,study,book,book,0.74725,0.74366,0.79654,0.97726,0.58195,0.76933,-0.1541,0,400,408,,
cmpl-4zrZ6iqXWuJnn7X7Ou7Up61L217rn,,cmpl-4zrZ6iqXWuJnn7X7Ou7Up61L217rn,GPT3,book,3 A book can be used as a coaster for your drink,book can used coaster drink,,,,,,,0.84543,1.02994,0.85608,0.98903,0.78164,0.90042,-0.15127,,118,,,
cmpl-4zrXajQqVizh2rVJ8hn6PxNaA8Q24,,cmpl-4zrXajQqVizh2rVJ8hn6PxNaA8Q24,GPT3,book,1 Make a book into a lampshade,make book lampshade,,,,,,,0.82382,0.75596,0.86717,1.12421,1.42329,0.99889,-0.14143,,127,110,123,
cmpl-4zrYkCsqHkasbROCFVWUUjNxTKWA5,,cmpl-4zrYkCsqHkasbROCFVWUUjNxTKWA5,GPT3,book,1 Make a book into a lampshade,make book lampshade,,,,,,,0.82382,0.75596,0.86717,1.12421,1.42329,0.99889,-0.14143,,127,110,123,
cmpl-4zrXXun99WGqMfqFcnvX9fpzWmy05,,cmpl-4zrXXun99WGqMfqFcnvX9fpzWmy05,GPT3,book,5 A book can be used as an improvised weapon in selfdefense or attack,book can used improvised weapon selfdefense attack,,,,,,,0.90524,0.89791,1.12792,1.06687,1.26074,1.05174,-0.14,,111,,,
cmpl-4zrYkCsqHkasbROCFVWUUjNxTKWA5,,cmpl-4zrYkCsqHkasbROCFVWUUjNxTKWA5,GPT3,book,5 Fold the pages of an old book,fold pages old book,,,,,,,0.91515,1.1198,0.99072,1.12918,1.30397,1.09176,-0.13863,,110,412,,
cmpl-4zrXajQqVizh2rVJ8hn6PxNaA8Q24,,cmpl-4zrXajQqVizh2rVJ8hn6PxNaA8Q24,GPT3,book,6 Give a new twist to an old favorite by reading it in character voices,give new twist old favorite reading character voices,,,,,,,0.86859,0.9286,0.93675,0.94916,1.25226,0.98707,-0.13798,,400,412,,
cmpl-4zrYSw9ZuzkGoOZpvQWkzfHkJCPVP,,cmpl-4zrYSw9ZuzkGoOZpvQWkzfHkJCPVP,GPT3,book,4 A book can be used to prop open a window,book can used prop open window,,,,,,,0.92221,1.08241,1.06596,0.93665,1.1264,1.02673,-0.13723,,113,123,121,201
cmpl-4zrZF2zTP1YbQKy7UTpONmDqWXo46,,cmpl-4zrZF2zTP1YbQKy7UTpONmDqWXo46,GPT3,book,3 A book can be used to prop open a window,book can used prop open window,,,,,,,0.92221,1.08241,1.06596,0.93665,1.1264,1.02673,-0.13723,,113,123,121,201
cmpl-4zrXKRorn55iQY1NXc3Vq3WKCLtyf,,cmpl-4zrXKRorn55iQY1NXc3Vq3WKCLtyf,GPT3,book,5 A book can be used to make art such as by decoupaging it onto a canvas or,book can used make art decoupaging onto canvas,,,,,,,0.85588,0.96213,0.94578,1.09724,0.73693,0.91959,-0.13381,,110,,,
753,CES201606,753,19,book,ter inspiratie,ter inspiratie,1,5,for inspiration,inspiration,book,book,0.78513,0.73094,0.85898,0.95392,0.64132,0.79406,-0.13139,1,110,408,,
cmpl-4zrXsIbRn4NTwafnBiFtZpy7tUdHA,,cmpl-4zrXsIbRn4NTwafnBiFtZpy7tUdHA,GPT3,book,4 A book can be used as a coaster for hot drinks,book can used coaster hot drinks,,,,,,,0.86083,1.08211,0.78299,1.03178,1.21875,0.99529,-0.1303,,118,,,
1199,CES201606,1199,27,book,deurstop,deurstop,2,4,doorstop,doorstop,book,book,0.56134,0.92526,0.75817,1.0346,1.00503,0.85688,-0.12194,0,113,123,,
1525,CES201606,1525,38,book,deurstopper,deurstopper,2,4,doorstop,doorstop,book,book,0.56134,0.92526,0.75817,1.0346,1.00503,0.85688,-0.12194,0,113,123,,
1731,CES201606,1731,44,book,Deurstopper,deurstopper,2,4,Doorstop,doorstop,book,book,0.56134,0.92526,0.75817,1.0346,1.00503,0.85688,-0.12194,0,113,123,,
1869,CES201606,1869,46,book,deurstopper,deurstopper,2,4,doorstop,doorstop,book,book,0.56134,0.92526,0.75817,1.0346,1.00503,0.85688,-0.12194,0,113,123,,
1937,CES201606,1937,47,book,deurstop,deurstopper,2,4,doorstop,doorstop,book,book,0.56134,0.92526,0.75817,1.0346,1.00503,0.85688,-0.12194,1,113,123,,
2033,CES201606,2033,49,book,deurstopper,deurstopper,2,4,doorstop,doorstop,book,book,0.56134,0.92526,0.75817,1.0346,1.00503,0.85688,-0.12194,0,113,123,,
745,CES201606,745,19,book,om doorheen te bladeren,doorheen bladeren,1,5,to browse through,browse,book,book,0.84728,0.73847,0.83457,0.92288,0.84723,0.83809,-0.11747,0,110,408,412,
1349,CES201606,1349,30,book,krijtbord,krijtbord,5,2,chalkboard,chalkboard,book,book,0.72528,0.81335,0.80675,1.01322,0.95526,0.86277,-0.11171,0,407,412,,
cmpl-4zrZF2zTP1YbQKy7UTpONmDqWXo46,,cmpl-4zrZF2zTP1YbQKy7UTpONmDqWXo46,GPT3,book,5 A book can be used as a weight to hold down papers or other materials,book can used weight hold papers materials,,,,,,,0.85102,0.96764,0.8793,1.03152,0.68995,0.88389,-0.10032,,103,,,
1242,CES201606,1242,28,book,in tekenen,tekenen,1,5,in drawing,drawing,book,book,0.7721,0.84553,0.86338,0.93876,0.68273,0.8205,-0.09514,0,407,412,,
cmpl-4zrYM3srgr0AI600HuaSfbe20ECSu,,cmpl-4zrYM3srgr0AI600HuaSfbe20ECSu,GPT3,book,A book can be used to make A small stool or side table,book can used make small stool side table,,,,,,,0.93558,1.07974,1.06067,1.03036,1.2126,1.06379,-0.0948,,101,,,
1240,CES201606,1240,28,book,uit te leren,leren,1,5,learn from,learn,book,book,0.7933,0.82813,0.83578,1.03351,0.70105,0.83835,-0.0901,0,400,408,,
1348,CES201606,1348,30,book,laptop,laptop,0,0,laptop,laptop,book,book,0.84212,0.75169,0.92482,,0.84304,0.84042,-0.08774,0,998,,,
863,CES201606,863,20,book,ernaar verwijzen,ernaar verwijzen,1,5,refer to it,refer,book,book,0.76844,0.8412,0.88836,0.95143,0.7327,0.83643,-0.08591,0,408,,,
2034,CES201606,2034,49,book,waaier,waaier,3,4,fan,fan,book,book,0.76252,0.85582,0.86507,0.97617,0.7398,0.83988,-0.08563,0,115,113,123,
1789,CES201606,1789,45,book,kunst,kunst,3,3,art,art,book,book,0.84561,0.87491,0.81432,0.95201,0.60706,0.81878,-0.08446,0,109,,,
1102,CES201606,1102,25,book,tafel,tafel,3,3,table,table,book,book,0.7972,0.83112,0.90253,0.93477,0.7096,0.83504,-0.08167,0,101,,,
cmpl-4zrYvKNbYe9QLba3L9kPiyeRSNAdt,,cmpl-4zrYvKNbYe9QLba3L9kPiyeRSNAdt,GPT3,book,3 A book can be used as a coaster for your cold beverage,book can used coaster cold beverage,,,,,,,0.92257,1.12726,0.95067,1.08957,1.21991,1.062,-0.08053,,118,,,
cmpl-4zrXf5f89HctStj42UI8NCmMxujME,,cmpl-4zrXf5f89HctStj42UI8NCmMxujME,GPT3,book,5 A book can be used as a weapon for selfdefense or attack,book can used weapon selfdefense attack,,,,,,,0.8847,0.89178,1.05125,1.01889,0.70569,0.91046,-0.07815,,111,,,
854,CES201606,854,20,book,kopen,kopen,1,5,Buy,buy,book,book,0.77422,0.87149,0.85996,1.0091,0.70303,0.84356,-0.07609,0,119,,,
1454,CES201606,1454,36,book,boekensteun,boekensteun,2,4,bookend,bookend,book,book,0.91982,0.82168,0.79457,,1.08966,0.90643,-0.074,0,121,123,201,
1602,CES201606,1602,40,book,boekensteun,boekensteun,2,4,bookend,bookend,book,book,0.91982,0.82168,0.79457,,1.08966,0.90643,-0.074,0,121,123,201,
1685,CES201606,1685,43,book,boekensteun,boekensteun,2,4,bookend,bookend,book,book,0.91982,0.82168,0.79457,,1.08966,0.90643,-0.074,0,121,123,201,
1484,CES201606,1484,37,book,zakdoek,zakdoek,3,4,handkerchief,handkerchief,book,book,0.77449,0.90104,0.83125,0.96089,0.95718,0.88497,-0.07088,0,131,405,,
752,CES201606,752,19,book,om in te schrijven,schrijven,1,5,to register,register,book,book,0.81948,0.86658,0.85826,0.98078,0.82501,0.87002,-0.06656,0,407,412,,
1994,CES201606,1994,48,book,om in te schrijven,schrijven,1,5,to register,register,book,book,0.81948,0.86658,0.85826,0.98078,0.82501,0.87002,-0.06656,0,407,412,,
cmpl-4zrXwohDOcU3F1Hq56ynSVY02H2j0,,cmpl-4zrXwohDOcU3F1Hq56ynSVY02H2j0,GPT3,book,2 A book can be used to start a fire in an emergency situation,book can used start fire emergency situation,,,,,,,0.93744,1.02883,1.15409,1.0451,0.71408,0.97591,-0.06555,,406,,,
205,CES201606,205,12,book,onderzetter,onderzetter,2,4,coaster,coaster,book,book,0.83982,0.81913,0.87867,0.9943,0.97121,0.90063,-0.06334,0,118,,,
261,CES201606,261,13,book,onderzetter,onderzetter,2,4,coaster,coaster,book,book,0.83982,0.81913,0.87867,0.9943,0.97121,0.90063,-0.06334,1,118,,,
426,CES201606,426,15,book,onderzetter,onderzetter,2,4,coaster,coaster,book,book,0.83982,0.81913,0.87867,0.9943,0.97121,0.90063,-0.06334,0,118,,,
496,CES201606,496,16,book,onderzetter,onderzetter,2,4,coaster,coaster,book,book,0.83982,0.81913,0.87867,0.9943,0.97121,0.90063,-0.06334,0,118,,,
963,CES201606,963,23,book,onderzetter,onderzetter,2,4,coaster,coaster,book,book,0.83982,0.81913,0.87867,0.9943,0.97121,0.90063,-0.06334,0,118,,,
1052,CES201606,1052,24,book,onderzetter,onderzetter,2,4,coaster,coaster,book,book,0.83982,0.81913,0.87867,0.9943,0.97121,0.90063,-0.06334,0,118,,,
1103,CES201606,1103,25,book,onderzetter,onderzetter,2,4,coaster,coaster,book,book,0.83982,0.81913,0.87867,0.9943,0.97121,0.90063,-0.06334,0,118,,,
1287,CES201606,1287,29,book,onderzetter,onderzetter,2,4,coaster,coaster,book,book,0.83982,0.81913,0.87867,0.9943,0.97121,0.90063,-0.06334,0,118,,,
1455,CES201606,1455,36,book,onderzetter,onderzetter,2,4,coaster,coaster,book,book,0.83982,0.81913,0.87867,0.9943,0.97121,0.90063,-0.06334,0,118,,,
1485,CES201606,1485,37,book,onderzetter,onderzetter,2,4,coaster,coaster,book,book,0.83982,0.81913,0.87867,0.9943,0.97121,0.90063,-0.06334,0,118,,,
1523,CES201606,1523,38,book,onderzetter,onderzetter,2,4,coaster,coaster,book,book,0.83982,0.81913,0.87867,0.9943,0.97121,0.90063,-0.06334,0,118,,,
1689,CES201606,1689,43,book,onderzetter,onderzetter,2,4,coaster,coaster,book,book,0.83982,0.81913,0.87867,0.9943,0.97121,0.90063,-0.06334,0,118,,,
1938,CES201606,1938,47,book,onderzetter,onderzetter,2,4,coaster,coaster,book,book,0.83982,0.81913,0.87867,0.9943,0.97121,0.90063,-0.06334,1,118,,,
344,CES201606,344,14,book,je kunt er dingen in opschrijven,dingen opschrijven,1,5,you can write things down in it,can write things,book,book,0.63796,0.89987,1.00524,0.99542,0.62842,0.83338,-0.0593,0,407,412,,
1107,CES201606,1107,25,book,verduisteraar,verduisteraar,4,3,embezzler,embezzler,book,book,0.85886,0.81738,0.88231,,1.15631,0.92871,-0.05872,0,401,,,
2112,CES201606,2112,51,book,bladzijden eruithalen kaft,bladzijden eruit halen kaft,2,4,remove pages cover,remove pages cover,book,book,0.83575,0.86706,0.91995,0.94913,0.67049,0.84848,-0.05501,1,110,,,
1793,CES201606,1793,45,book,origami,origami,3,4,origami,origami,book,book,0.8654,0.89813,0.78432,1.03782,0.93647,0.90443,-0.05487,1,110,412,,
cmpl-4zrXQbOmAJISuhk3fFIZO2SLmBq6x,,cmpl-4zrXQbOmAJISuhk3fFIZO2SLmBq6x,GPT3,book,5 A book can be cut up and used as confetti or streamers,book can cut used confetti streamers,,,,,,,0.9566,1.01445,1.14069,1.04706,1.25559,1.08288,-0.05291,,110,127,,
743,CES201606,743,19,book,om mee te spelen,spelen,2,4,to play with,play,book,book,0.87455,0.89789,0.86136,0.95377,0.7003,0.85757,-0.05153,0,412,108,,
966,CES201606,966,23,book,hoed,hoed,4,2,hat,hat,book,book,0.81185,0.8583,0.91229,1.03275,0.81213,0.88546,-0.04783,0,126,,,
1486,CES201606,1486,37,book,hoed,hoed,4,2,hat,hat,book,book,0.81185,0.8583,0.91229,1.03275,0.81213,0.88546,-0.04783,0,126,,,
cmpl-4zrXKRorn55iQY1NXc3Vq3WKCLtyf,,cmpl-4zrXKRorn55iQY1NXc3Vq3WKCLtyf,GPT3,book,3 A book can be used to prop up a table or chair leg,book can used prop table chair leg,,,,,,,0.91423,0.83571,1.16305,1.09636,0.81081,0.96403,-0.04284,,113,121,106,
cmpl-4zrXMnec5vnPs9Rno0qAGOwJ1vslr,,cmpl-4zrXMnec5vnPs9Rno0qAGOwJ1vslr,GPT3,book,3 A book can be used to prop up a table or chair leg,book can used prop table chair leg,,,,,,,0.91423,0.83571,1.16305,1.09636,0.81081,0.96403,-0.04284,,113,121,106,
cmpl-4zrXQbOmAJISuhk3fFIZO2SLmBq6x,,cmpl-4zrXQbOmAJISuhk3fFIZO2SLmBq6x,GPT3,book,2 A book can be used to prop up a table or chair leg,book can used prop table chair leg,,,,,,,0.91423,0.83571,1.16305,1.09636,0.81081,0.96403,-0.04284,,113,121,106,
cmpl-4zrY7biIuR673z5KZea1gP4gUMbXw,,cmpl-4zrY7biIuR673z5KZea1gP4gUMbXw,GPT3,book,3 A book can be used to prop up a wobbly chair or couch,book can used prop wobbly chair couch,,,,,,,0.88745,0.88074,0.97952,0.90507,0.92042,0.91464,-0.04151,,113,121,106,
853,CES201606,853,20,book,verkopen,verkopen,1,5,sell,sell,book,book,0.83559,0.88405,0.93345,0.98797,0.69887,0.86799,-0.03851,0,119,,,
1351,CES201606,1351,30,book,uitbeelden,uitbeelden,3,2,portray,portray,book,book,0.91124,0.86005,0.8922,0.98307,0.87358,0.90403,-0.03471,0,108,109,,
861,CES201606,861,20,book,erin markeren,erin markeren,1,5,Mark in it,mark,book,book,0.83371,0.88847,0.93442,0.99796,0.74331,0.87957,-0.03385,0,407,412,,
208,CES201606,208,12,book,baksteen,baksteen,4,2,brick,brick,book,book,0.88809,0.86989,0.88124,1.0325,0.88787,0.91192,-0.03246,1,100,103,123,
cmpl-4zrXKRorn55iQY1NXc3Vq3WKCLtyf,,cmpl-4zrXKRorn55iQY1NXc3Vq3WKCLtyf,GPT3,book,1 A book can be used as a doorstop,book can used doorstop,,,,,,,0.88092,0.93752,0.91922,0.94685,0.78457,0.89382,-0.03191,,113,123,,
cmpl-4zrXTQbtU9GwZ4dGDpd5xEyBovRHV,,cmpl-4zrXTQbtU9GwZ4dGDpd5xEyBovRHV,GPT3,book,1 A book can be used as a doorstop,book can used doorstop,,,,,,,0.88092,0.93752,0.91922,0.94685,0.78457,0.89382,-0.03191,,113,123,,
cmpl-4zrXXun99WGqMfqFcnvX9fpzWmy05,,cmpl-4zrXXun99WGqMfqFcnvX9fpzWmy05,GPT3,book,1 A book can be used as a doorstop,book can used doorstop,,,,,,,0.88092,0.93752,0.91922,0.94685,0.78457,0.89382,-0.03191,,113,123,,
cmpl-4zrXf5f89HctStj42UI8NCmMxujME,,cmpl-4zrXf5f89HctStj42UI8NCmMxujME,GPT3,book,1 A book can be used as a doorstop,book can used doorstop,,,,,,,0.88092,0.93752,0.91922,0.94685,0.78457,0.89382,-0.03191,,113,123,,
cmpl-4zrXkWn3QroeYera2G3vBEECCSUZR,,cmpl-4zrXkWn3QroeYera2G3vBEECCSUZR,GPT3,book,1 A book can be used as a doorstop,book can used doorstop,,,,,,,0.88092,0.93752,0.91922,0.94685,0.78457,0.89382,-0.03191,,113,123,,
cmpl-4zrXnYW4L6EpsvEUL9J88oKsjzqy7,,cmpl-4zrXnYW4L6EpsvEUL9J88oKsjzqy7,GPT3,book,1 A book can be used as a doorstop,book can used doorstop,,,,,,,0.88092,0.93752,0.91922,0.94685,0.78457,0.89382,-0.03191,,113,123,,
cmpl-4zrXsIbRn4NTwafnBiFtZpy7tUdHA,,cmpl-4zrXsIbRn4NTwafnBiFtZpy7tUdHA,GPT3,book,1 A book can be used as a doorstop,book can used doorstop,,,,,,,0.88092,0.93752,0.91922,0.94685,0.78457,0.89382,-0.03191,,113,123,,
cmpl-4zrXwohDOcU3F1Hq56ynSVY02H2j0,,cmpl-4zrXwohDOcU3F1Hq56ynSVY02H2j0,GPT3,book,1 A book can be used as a doorstop,book can used doorstop,,,,,,,0.88092,0.93752,0.91922,0.94685,0.78457,0.89382,-0.03191,,113,123,,
cmpl-4zrY03WpMeCA0AmJeADkzuTSPggZW,,cmpl-4zrY03WpMeCA0AmJeADkzuTSPggZW,GPT3,book,1 A book can be used as a doorstop,book can used doorstop,,,,,,,0.88092,0.93752,0.91922,0.94685,0.78457,0.89382,-0.03191,,113,123,,
cmpl-4zrY43R3rQ3No2WeD92L3z2neSrOb,,cmpl-4zrY43R3rQ3No2WeD92L3z2neSrOb,GPT3,book,1 A book can be used as a doorstop,book can used doorstop,,,,,,,0.88092,0.93752,0.91922,0.94685,0.78457,0.89382,-0.03191,,113,123,,
cmpl-4zrY7biIuR673z5KZea1gP4gUMbXw,,cmpl-4zrY7biIuR673z5KZea1gP4gUMbXw,GPT3,book,1 A book can be used as a doorstop,book can used doorstop,,,,,,,0.88092,0.93752,0.91922,0.94685,0.78457,0.89382,-0.03191,,113,123,,
cmpl-4zrYCltQ18NBmTUndQEolfNeRJhmu,,cmpl-4zrYCltQ18NBmTUndQEolfNeRJhmu,GPT3,book,1 A book can be used as a doorstop,book can used doorstop,,,,,,,0.88092,0.93752,0.91922,0.94685,0.78457,0.89382,-0.03191,,113,123,,
cmpl-4zrYH49qGBQRZzNi4eQHpNxlQUABG,,cmpl-4zrYH49qGBQRZzNi4eQHpNxlQUABG,GPT3,book,1 A book can be used as a doorstop,book can used doorstop,,,,,,,0.88092,0.93752,0.91922,0.94685,0.78457,0.89382,-0.03191,,113,123,,
cmpl-4zrYSw9ZuzkGoOZpvQWkzfHkJCPVP,,cmpl-4zrYSw9ZuzkGoOZpvQWkzfHkJCPVP,GPT3,book,1 A book can be used as a doorstop,book can used doorstop,,,,,,,0.88092,0.93752,0.91922,0.94685,0.78457,0.89382,-0.03191,,113,123,,
cmpl-4zrYYESZQhEvKOpsl2Y3ne59QvPUs,,cmpl-4zrYYESZQhEvKOpsl2Y3ne59QvPUs,GPT3,book,1 A book can be used as a doorstop,book can used doorstop,,,,,,,0.88092,0.93752,0.91922,0.94685,0.78457,0.89382,-0.03191,,113,123,,
cmpl-4zrYhuBnwno40N3NzfKumie34U6k8,,cmpl-4zrYhuBnwno40N3NzfKumie34U6k8,GPT3,book,1 A book can be used as a doorstop,book can used doorstop,,,,,,,0.88092,0.93752,0.91922,0.94685,0.78457,0.89382,-0.03191,,113,123,,
cmpl-4zrYpCuQ5hsc5BzfI4p1eiCINiTKw,,cmpl-4zrYpCuQ5hsc5BzfI4p1eiCINiTKw,GPT3,book,1 A book can be used as a doorstop,book can used doorstop,,,,,,,0.88092,0.93752,0.91922,0.94685,0.78457,0.89382,-0.03191,,113,123,,
cmpl-4zrYvKNbYe9QLba3L9kPiyeRSNAdt,,cmpl-4zrYvKNbYe9QLba3L9kPiyeRSNAdt,GPT3,book,1 A book can be used as a doorstop,book can used doorstop,,,,,,,0.88092,0.93752,0.91922,0.94685,0.78457,0.89382,-0.03191,,113,123,,
cmpl-4zrZ42wRutcDFNibsKTG97iSLThCM,,cmpl-4zrZ42wRutcDFNibsKTG97iSLThCM,GPT3,book,1 A book can be used as a doorstop,book can used doorstop,,,,,,,0.88092,0.93752,0.91922,0.94685,0.78457,0.89382,-0.03191,,113,123,,
cmpl-4zrZ6iqXWuJnn7X7Ou7Up61L217rn,,cmpl-4zrZ6iqXWuJnn7X7Ou7Up61L217rn,GPT3,book,1 A book can be used as a doorstop,book can used doorstop,,,,,,,0.88092,0.93752,0.91922,0.94685,0.78457,0.89382,-0.03191,,113,123,,
cmpl-4zrZAUmJ0wliAvLrrK2j6rzVmvpKC,,cmpl-4zrZAUmJ0wliAvLrrK2j6rzVmvpKC,GPT3,book,1 A book can be used as a doorstop,book can used doorstop,,,,,,,0.88092,0.93752,0.91922,0.94685,0.78457,0.89382,-0.03191,,113,123,,
cmpl-4zrZF2zTP1YbQKy7UTpONmDqWXo46,,cmpl-4zrZF2zTP1YbQKy7UTpONmDqWXo46,GPT3,book,1 A book can be used as a doorstop,book can used doorstop,,,,,,,0.88092,0.93752,0.91922,0.94685,0.78457,0.89382,-0.03191,,113,123,,
1874,CES201606,1874,46,book,kussen,kussen,3,3,cushion,cushion,book,book,0.90514,0.86002,0.88995,0.99988,1.02875,0.93675,-0.0278,0,121,127,,
1562,CES201606,1562,39,book,als bouwsteen gebruiken,bouwsteen,3,2,use as a building block,use building block,book,book,0.87207,0.86757,0.94675,1.01451,0.71092,0.88236,-0.0272,1,100,,,
1346,CES201606,1346,30,book,tv,tv,0,0,TV,tv,book,book,0.86668,0.87612,0.91506,1.09426,0.74246,0.89892,-0.02248,0,998,,,
571,CES201606,571,17,book,een huis van boeken bouwen,huis boeken bouwen,4,3,build a house of books,build house books,book,book,0.93949,0.88244,0.98179,0.85646,0.68295,0.86863,-0.01968,0,100,,,
1101,CES201606,1101,25,book,stoel,stoel,3,3,chair,chair,book,book,0.89392,0.89312,0.95372,0.93769,0.81236,0.89816,-0.01809,0,101,,,
1875,CES201606,1875,46,book,stoel,stoel,3,3,chair,chair,book,book,0.89392,0.89312,0.95372,0.93769,0.81236,0.89816,-0.01809,0,101,,,
846,CES201606,846,20,book,verbranden,verbranden,2,4,burn,burn,book,book,0.83609,0.93683,0.94379,0.95257,0.84856,0.90357,-0.01625,0,406,112,,
565,CES201606,565,17,book,opeten,opeten,4,1,eat,eat,book,book,0.8752,0.9667,0.88114,0.99992,0.79397,0.90339,-0.01176,0,116,,,
849,CES201606,849,20,book,iemand op het hoofd slaan,hoofd slaan,2,4,hit someone on the head,hit someone head,book,book,0.73378,0.95397,1.02681,1.00482,0.66958,0.87779,-0.00928,0,111,,,
1283,CES201606,1283,29,book,wapen,wapen,2,3,weapon,weapon,book,book,0.8769,0.92537,0.9464,0.95083,0.88106,0.91611,-0.00867,0,111,,,
1796,CES201606,1796,45,book,luier,luier,5,2,diaper,diaper,book,book,0.85556,0.95906,0.86951,1.06267,0.99898,0.94916,-0.00469,0,124,,,
2037,CES201606,2037,49,book,vliegenmepper,vliegenmepper,3,4,flyswatter,flyswatter,book,book,,0.86986,,1.03662,1.18674,1.03107,-0.00371,0,111,123,,
1641,CES201606,1641,42,book,op zitten,zitten,3,3,sit on,sit,book,book,0.84213,0.94809,0.99653,0.89402,0.85625,0.9074,-0.00311,0,101,121,,
1876,CES201606,1876,46,book,aanbeeld,aanbeeld,4,2,image,image,book,book,0.90528,0.92831,0.93843,0.99867,0.75055,0.90425,-0.00225,0,113,,,
351,CES201606,351,14,book,verbranden in de kachel (als hout),verbranden kachel,2,4,burn in the stove as wood,burn stove wood,book,book,0.93494,0.94019,0.89439,1.01175,0.77097,0.91045,-0.00201,1,406,,,
567,CES201606,567,17,book,verscheuren,verscheuren,2,3,tear up,tear,book,book,0.84607,1.00026,0.9361,0.88308,0.92139,0.91738,-0.00186,0,112,,,
1997,CES201606,1997,48,book,kinderhuisje bouwen,kinderhuisje bouwen,4,4,build a children's house,build children house,book,book,0.96112,0.8707,0.97338,0.98077,0.73243,0.90368,-0.00127,0,100,,,
210,CES201606,210,12,book,bloempot,bloempot,5,3,flowerpot,flowerpot,book,book,0.93012,0.88444,0.91554,0.99798,1.14747,0.97511,-0.00125,0,301,402,,
572,CES201606,572,17,book,een hut van boeken bouwen,hut boeken bouwen,4,4,build a hut from books,build hut books,book,book,0.86389,0.98121,0.91788,0.98751,0.82142,0.91438,0.00102,0,100,,,
1347,CES201606,1347,30,book,pc,pc,0,0,pc,pc,book,book,1.00555,0.919,0.89067,0.98339,0.80612,0.92095,0.00363,0,998,,,
427,CES201606,427,15,book,tafeltennisbadje,tafeltennis badje,5,4,table tennis pool,table tennis pool,book,book,0.88978,0.96244,0.95898,0.96704,0.69185,0.89402,0.00478,0,107,108,,
1797,CES201606,1797,45,book,chag draaie,shag draaien,3,4,chagrin,chagrin,book,book,0.94474,0.90257,0.93649,0.96148,1.0988,0.96882,0.00728,0,409,406,123,
1867,CES201606,1867,46,book,boekenstandaard,boekenstandaard,2,4,book stand,book stand,book,book,0.80382,0.85831,1.05496,0.98522,1.29187,0.99884,0.00731,1,121,123,201,
561,CES201606,561,17,book,gooien,gooien,2,4,throw,throw,book,book,0.86731,0.93969,0.97354,0.99947,0.86454,0.92891,0.00837,0,304,,,
748,CES201606,748,19,book,om mee te gooien,gooien,2,4,to throw,throw,book,book,0.86731,0.93969,0.97354,0.99947,0.86454,0.92891,0.00837,0,304,,,
852,CES201606,852,20,book,naar beneden gooien,beneden gooien,3,2,throw down,throw,book,book,0.86731,0.93969,0.97354,0.99947,0.86454,0.92891,0.00837,0,304,,,
851,CES201606,851,20,book,erop staan als opstapje,erop staan opstapje,2,4,standing on it as a stepping stone,standing stepping stone,book,book,0.79026,0.97519,0.96973,1.09698,0.7104,0.90851,0.00852,0,101,106,,
2113,CES201606,2113.2,51,book,in een hoek,hoek,1,3,a cardboard shelf in a corner,cardboard shelf corner,book,book,0.847,0.9465,0.97548,1.00248,0.91743,0.93778,0.00921,1,121,127,,
2113,CES201606,2113.1,51,book,een kartonnen plank,kartonnen plank,4,3,a cardboard shelf in a corner,cardboard shelf corner,book,book,0.847,0.9465,0.97548,1.00248,0.91743,0.93778,0.00921,0,121,127,,
1877,CES201606,1877,46,book,bureau,bureau,4,3,office,office,book,book,0.848,1.00247,0.95391,0.97372,0.76165,0.90795,0.01086,0,101,,,
563,CES201606,563,17,book,begraven,begraven,3,2,buried,buried,book,book,0.86835,0.93107,0.97583,1.02494,0.90643,0.94132,0.01185,1,401,122,,
858,CES201606,858,20,book,verzamelen,verzamelen,1,5,collect,collect,book,book,0.88472,0.94158,0.92967,1.10596,0.8105,0.93449,0.01263,0,119,,,
428,CES201606,428,15,book,je kan er iemand mee slaan,slaan,2,4,you can hit someone with it,can hit someone,book,book,0.83513,0.94924,1.0225,1.0232,0.68741,0.9035,0.01477,0,111,,,
207,CES201606,207,12,book,trappetje,trappetje,2,3,stairs,stairs,book,book,0.86777,0.9365,0.97684,1.03291,0.9466,0.95212,0.01669,0,101,106,,
209,CES201606,209,12,book,decoratie,decoratie,2,4,decoration,decoration,book,book,0.96029,0.95433,0.91218,0.99515,0.92583,0.94956,0.01826,0,109,110,127,
499,CES201606,499,16,book,decoratie,decoratie,2,4,decoration,decoration,book,book,0.96029,0.95433,0.91218,0.99515,0.92583,0.94956,0.01826,0,109,110,127,
562,CES201606,562,17,book,vangen,vangen,2,3,catch,catch,book,book,0.86202,0.98289,0.95676,1.01533,0.86727,0.93685,0.01888,0,122,,,
cmpl-4zrXTQbtU9GwZ4dGDpd5xEyBovRHV,,cmpl-4zrXTQbtU9GwZ4dGDpd5xEyBovRHV,GPT3,book,5 A book can be used as a coaster for drinks to prevent water rings on furniture,book can used coaster drinks prevent water rings furniture,,,,,,,0.92057,1.08889,0.90248,0.94379,0.78163,0.92747,0.01948,,118,,,
1151,CES201606,1151,26,book,papier bij wijze van stressvermindering scheuren,papier wijze stressvermindering scheuren,3,4,tear up paper as a way of stress relief,tear paper way stress relief,book,book,1.09432,0.90408,0.92252,0.95172,0.70153,0.91483,0.01995,0,300,,,
564,CES201606,564,17,book,opgraven,opgraven,4,3,excavate,excavate,book,book,0.94159,0.90758,0.95383,1.02117,1.05403,0.97564,0.0201,0,122,,,
573,CES201606,573,17,book,een stoel van boeken bouwen,stoel boeken bouwen,3,3,build a chair from books,build chair books,book,book,0.99008,0.85468,1.07609,0.92471,0.66763,0.90264,0.02051,0,101,,,
1942,CES201606,1942,47,book,huis te bouwen voor barbies,huis bouwen barbies,5,4,build house for barbies,build house barbies,book,book,0.9548,0.8758,0.96824,0.99728,1.31373,1.02197,0.02459,0,101,,,
1400,CES201606,1400,35,book,opstapelen voor verhoging,opstapelen verhoging,2,4,stack to raise something,stack raise something,book,book,0.89312,0.91498,1.05592,1.00525,0.69476,0.91281,0.02468,0,106,410,,
1152,CES201606,1152,26,book,om in te verven,verven,2,5,to dye in,dye,book,book,0.93136,0.95455,0.92795,1.04024,0.98711,0.96824,0.02545,0,407,412,,
2091,CES201606,2091,50,book,leuke toren mee bouwen,leuke toren bouwen,3,4,nice tower to build,nice tower build,book,book,0.94868,0.87338,1.02791,1.0803,0.68964,0.92398,0.02568,0,410,412,127,
348,CES201606,348,14,book,om iets in te verstoppen (bijv een briefje of een kauwgompje),verstoppen,3,5,to hide something in eg a bill or a gum,hide something eg bill gum,book,book,0.94159,0.98048,0.92187,0.90108,1.29415,1.00783,0.0279,0,402,,,
2118,CES201606,2118.2,51,book,van hoed tot kladpapier,hoed kladpapier,4,2,paper can be used for everything from hat to scrap paper,paper can used everything hat scrap paper,book,book,0.75271,1.00677,1.07587,0.98211,0.75469,0.91443,0.02807,0,126,407,412,
2118,CES201606,2118.1,51,book,papier kun je voor vanalles gebruiken,papier kun,1,3,paper can be used for everything from hat to scrap paper,paper can used everything hat scrap paper,book,book,0.75271,1.00677,1.07587,0.98211,0.75469,0.91443,0.02807,0,998,,,
1788,CES201606,1788,45,book,vuur,vuur,2,4,fire,fire,book,book,0.90604,0.96658,0.98336,1.00296,0.8388,0.93955,0.02875,0,406,,,
497,CES201606,497,16,book,gewicht,gewicht,2,4,weight,weight,book,book,0.91281,1.00044,0.95876,0.97062,0.82794,0.93411,0.0291,0,103,,,
1352,CES201606,1352,30,book,theater,theater,3,3,Create theater piece,create theater piece,book,book,1.02405,0.95145,0.92689,1.01582,0.69083,0.92181,0.02949,0,109,,,
739,CES201606,739,19,book,mooi voor de sier in kamer,mooi sier kamer,2,4,beautiful for decoration in room,beautiful decoration room,book,book,0.95905,1.01787,0.9322,0.9563,0.69058,0.9112,0.02971,0,109,127,,
1350,CES201606,1350,30,book,cd/dvd s[eler met luisterdvd,cd dvd speler luister dvd,0,0,cd/dvd player with listening dvd,cd dvd player listening dvd,book,book,0.97096,0.93738,1.00321,0.96505,0.7398,0.92328,0.03045,0,412,,,
1561,CES201606,1561,39,book,om vuur aan te houden,vuur houden,2,4,to keep fire going,keep fire going,book,book,0.89596,0.97054,0.9945,1.04111,0.70274,0.92097,0.03075,0,406,,,
2036,CES201606,2036,49,book,een geheimvak van knutselen,geheim vak knutselen,3,5,a secret compartment of tinkering,secret compartment tinkering,book,book,0.87025,0.967,0.94609,1.1278,0.94318,0.97086,0.03154,0,402,110,,
1943,CES201606,1943.2,47,book,afschermen tegen zon,afschermen tegen zon,3,3,parasol shield from sun,parasol shield sun,book,book,1.02549,0.93637,0.91458,0.94821,1.17154,0.99924,0.03192,0,401,403,,
1943,CES201606,1943.1,47,book,parasol,parasol,4,2,parasol shield from sun,parasol shield sun,book,book,1.02549,0.93637,0.91458,0.94821,1.17154,0.99924,0.03192,0,401,403,,
1643,CES201606,1643,42,book,gebruiken om iets op te hogen,hogen,2,3,use to elevate something,use elevate something,book,book,0.99421,0.91053,0.99158,1.0015,0.82642,0.94485,0.03225,0,106,,,
1798,CES201606,1798,45,book,gordijn,gordijn,5,3,curtain,curtain,book,book,0.89712,1.01032,0.93685,1.03772,0.87951,0.9523,0.03389,0,127,401,403,
656,CES201606,656,18,book,om jezelf te slaan,jezelf slaan,2,3,to beat yourself up,beat,book,book,0.89644,1.01246,0.94626,1.01734,0.88321,0.95114,0.03456,0,111,,,
1640,CES201606,1640,42,book,Slaan,slaan,2,4,Beat,beat,book,book,0.89644,1.01246,0.94626,1.01734,0.88321,0.95114,0.03456,0,111,,,
747,CES201606,747,19,book,om uit te knippen,knippen,2,5,to cut out,cut,book,book,0.87323,1.01773,0.96183,1.02931,0.83272,0.94296,0.0352,0,110,117,,
964,CES201606,964,23,book,bord,bord,3,3,board,board,book,book,0.95413,1.03284,0.93734,0.92281,0.81502,0.93243,0.03567,0,104,116,,
850,CES201606,850,20,book,hard dichtklappen als statement,hard dichtklappen statement,2,4,clench hard as a statement,clench hard statement,book,book,0.86966,1.01623,0.95421,0.91799,1.33355,1.01833,0.03705,0,114,133,413,999
1794,CES201606,1794,45,book,papiersnippers voor in de surprise,papiersnippers surprise,3,4,paper shreds for the surprise,paper shreds surprise,book,book,0.76061,1.02324,1.00447,1.02015,1.19459,1.00061,0.03796,0,110,409,,
744,CES201606,744,19,book,om mee te bouwen (meerdere),bouwen,3,3,To build with several,to build several,book,book,0.95849,0.97843,0.979,1.00289,0.71062,0.92589,0.0381,0,100,,,
1106,CES201606,1106,25,book,wikkel,wikkel,3,3,wrap,wrap,book,book,0.94014,1.00764,0.98444,0.90357,0.87578,0.94231,0.03813,0,409,,,
2035,CES201606,2035,49,book,brandstof,brandstof,2,4,fuel,fuel,book,book,0.96954,0.93844,0.99601,0.97567,0.94043,0.96402,0.03838,0,406,,,
1939,CES201606,1939,47,book,kunst om aan de muur te hangen,kunst muur hangen,3,3,art to hang on the wall,art hang wall,book,book,0.89703,0.97983,1.01323,1.05215,0.66869,0.92219,0.03992,0,109,127,,
2093,CES201606,2093,50,book,koelte toewuiven,koelte toewuiven,2,5,wave coolness,wave coolness,book,book,1.04925,0.99196,0.88837,0.97091,0.90818,0.96173,0.04008,0,115,,,
1105,CES201606,1105,25,book,tunnel,tunnel,3,2,tunnel,tunnel,book,book,0.95331,1.00799,0.92264,1.0033,0.97765,0.97298,0.04114,0,100,,,
cmpl-4zrYcXgHic5zBGK8skxbt7IwK8Ok2,,cmpl-4zrYcXgHic5zBGK8skxbt7IwK8Ok2,GPT3,book,5 A book can be used to smash spiders or other bugs,book can used smash spiders bugs,,,,,,,0.96558,1.03425,1.0434,1.06372,1.21861,1.06511,0.04262,,111,,,
2096,CES201606,2096,50,book,een barricade bouwen op straat,barricade bouwen straat,5,3,build a barricade on the street,build barricade street,book,book,0.86615,1.02984,0.97992,1.0332,0.87279,0.95638,0.04537,0,102,,,
cmpl-4zrXajQqVizh2rVJ8hn6PxNaA8Q24,,cmpl-4zrXajQqVizh2rVJ8hn6PxNaA8Q24,GPT3,book,4 Build a fort out of old books,build fort old books,,,,,,,0.99403,1.18508,1.03383,0.92953,1.21493,1.07148,0.04654,,100,,,
211,CES201606,211,12,book,wcpapier,wc papier,3,4,toilet paper,toilet paper,book,book,0.90294,1.07231,0.86295,1.02502,1.26051,1.02475,0.04801,0,405,131,,
1286,CES201606,1286,29,book,wc papier,wc papier,3,4,toilet paper,toilet paper,book,book,0.90294,1.07231,0.86295,1.02502,1.26051,1.02475,0.04801,0,405,131,,
1691,CES201606,1691,43,book,wc papier,wc papier,3,4,toilet paper,toilet paper,book,book,0.90294,1.07231,0.86295,1.02502,1.26051,1.02475,0.04801,0,405,131,,
1795,CES201606,1795,45,book,wc papier,wc papier,3,4,toilet paper,toilet paper,book,book,0.90294,1.07231,0.86295,1.02502,1.26051,1.02475,0.04801,0,405,131,,
1870,CES201606,1870,46,book,wc papier,wc papier,3,4,toilet paper,toilet paper,book,book,0.90294,1.07231,0.86295,1.02502,1.26051,1.02475,0.04801,0,405,131,,
1401,CES201606,1401,35,book,op papier leggen voor gladstrijken,papier leggen gladstrijken,1,5,put on paper for smoothing,put paper smoothing,book,book,1.06684,0.97924,0.91492,0.9395,1.04141,0.98838,0.04918,0,103,,,
1996,CES201606,1996,48,book,uitspaken verzamelen,uitspraken verzamelen,1,5,collect spokes,collect spokes,book,book,0.99282,0.95058,1.04459,0.87388,0.98144,0.96866,0.04981,0,408,,,
2092,CES201606,2092.1,50,book,Een boek neerleggen daarachter twee,boek neerleggen daarachter,3,3,Putting down a book behind that two three and on  Stairs for the kitty,putting book behind two three stairs kitty,book,book,0.88121,0.9957,1.05081,0.88274,1.17378,0.99685,0.05034,0,122,,,
2092,CES201606,2092.2,50,book,drie en verder.  Trapje voor de poes.,verder trapje poes,3,4,Putting down a book behind that two three and on  Stairs for the kitty,putting book behind two three stairs kitty,book,book,0.88121,0.9957,1.05081,0.88274,1.17378,0.99685,0.05034,0,101,105,,
1792,CES201606,1792,45,book,stoer doen met een boekenkast,stoer boekenkast,1,5,show off with a bookcase,show bookcase,book,book,0.93278,0.96127,1.03249,1.03727,0.79111,0.95098,0.05097,0,413,,,
1402,CES201606,1402,35,book,losse papiertjes vastleggen,losse papiertjes vastleggen,1,5,capture loose papers,capture loose papers,book,book,1.02147,0.9156,1.01089,1.04714,0.81078,0.96118,0.05199,0,103,,,
740,CES201606,740,19,book,om een kleur mee uit te leggen,kleur leggen,2,5,to explain a color,explain color,book,book,0.98599,0.99176,0.95676,0.8878,1.32515,1.02949,0.05201,0,408,999,,
653,CES201606,653,18,book,als decoratie in de kamer,decoratie kamer,2,4,as decoration in the room,decoration room,book,book,0.99365,0.95794,0.94031,1.03921,1.16357,1.01894,0.0522,0,109,127,,
968,CES201606,968.1,23,book,muziek maken,muziek,3,4,make music a kind of drum it is,make music kind drum,book,book,0.86636,1.03598,0.96357,0.99148,1.24052,1.01958,0.05226,1,114,,,
968,CES201606,968.2,23,book,een soort trommel is het,soort trommel,3,4,make music a kind of drum it is,make music kind drum,book,book,0.86636,1.03598,0.96357,0.99148,1.24052,1.01958,0.05226,0,114,,,
343,CES201606,343,14,book,geluid mee maken,geluid,3,3,make noise with it,make noise,book,book,0.93128,0.92756,1.01198,1.02653,1.27636,1.03474,0.0523,0,114,,,
1690,CES201606,1690,43,book,wiebelende tafel mee rechtzetten,wiebelende tafel rechtzetten,2,4,wobbly table to straighten,wobbly table straighten,book,book,0.95725,0.91027,1.08738,1.01787,0.78521,0.9516,0.05323,0,113,121,106,
568,CES201606,568,17,book,jongleren,jongleren,4,3,juggling,juggling,book,book,0.99616,0.94584,0.95462,1.09097,1.03254,1.00403,0.05488,0,304,109,107,
965,CES201606,965,23,book,verfdoek,verfdoek,4,2,paint cloth,paint cloth,book,book,0.95726,0.95102,1.06738,0.88027,1.14959,1.0011,0.05671,0,407,412,,
347,CES201606,347,14,book,als decoratie gebruiken (bijv in je boekenkast),decoratie,2,4,use as decoration eg in your bookcase,use decoration eg bookcase,book,book,0.93232,1.07285,0.92618,0.91497,1.22177,1.01362,0.05685,0,109,127,,
660,CES201606,660,18,book,om vuur mee te maken,vuur,2,4,to make fire with,make fire,book,book,0.93425,0.96222,0.95066,1.10496,1.27742,1.0459,0.05722,0,406,,,
1203,CES201606,1203,27,book,vuur mee maken,vuur,2,4,make fire with it,make fire,book,book,0.93425,0.96222,0.95066,1.10496,1.27742,1.0459,0.05722,0,406,,,
751,CES201606,751,19,book,ter opvulling van koffer,ter opvulling koffer,3,3,To fill up the case,to fill case,book,book,0.93132,1.05974,0.98412,0.98941,0.69021,0.93096,0.05775,0,999,,,
575,CES201606,575,17,book,er sigaretten van draaien,sigaretten draaien,3,4,turn it into cigarettes,turn cigarettes,book,book,0.94949,0.95177,0.97389,1.03875,1.35677,1.05413,0.05825,0,409,406,123,
1201,CES201606,1201,27,book,ladder,ladder,5,2,ladder,ladder,book,book,0.95855,0.96678,0.99193,1.07441,0.98487,0.99531,0.06007,0,101,106,,
2117,CES201606,2117,51,book,aanmaakblokken openhaart,aanmaakblokken open haard,3,4,kindling for fireplace,kindling fireplace,book,book,1.00042,0.99536,1.01801,0.87818,1.00574,0.97954,0.06015,0,406,,,
652,CES201606,652,18,book,als steun pilaar,steun pilaar,4,4,as a support pillar,support pillar,book,book,0.99402,0.98867,0.97815,0.95624,1.1338,1.01018,0.06094,0,121,,,
430,CES201606,430,15,book,gebruiken als boekensteun,boekensteun,2,4,use as a bookend,use bookend,book,book,0.96234,0.97586,1.06638,0.97827,0.71682,0.93993,0.06141,0,121,123,201,
cmpl-4zrYzrBuvP3imgFgz5iKgDWoCMvF2,,cmpl-4zrYzrBuvP3imgFgz5iKgDWoCMvF2,GPT3,book,1 Make a book into a clock by attaching clock hands to the cover,make book clock attaching clock hands cover,,,,,,,0.90812,0.96194,0.89573,0.89102,0.74135,0.87963,0.06171,,127,,,
1153,CES201606,1153,26,book,scheiding voor in een kast,scheiding kast,2,5,separation for in a closet,separation closet,book,book,0.89718,0.99026,1.04373,0.97316,1.1577,1.01241,0.0623,1,102,604,,
346,CES201606,346,14,book,gebruiken als opstapje,opstapje,2,4,use as a step,use step,book,book,0.90862,1.04337,0.95853,0.97605,1.30902,1.03912,0.06374,0,101,106,,
1688,CES201606,1688,43,book,gat er in snijden zodat het een geheime opslag wordt,gat snijden zodat geheime opslag,3,5,cut a hole in it so that it becomes a secret store,cut hole becomes secret store,book,book,1.04982,0.9934,0.96968,1.02957,0.6813,0.94475,0.06407,0,402,,,
1992,CES201606,1992,48,book,als pers om iets glad te krijgen,pers glad krijgen,1,5,as a press to get something smooth,press get something smooth,book,book,0.89671,1.02152,1.04057,0.89366,1.29698,1.02989,0.06629,0,103,,,
2090,CES201606,2090,50,book,als het wc-papier op is gebruiken,wc papier,3,4,when the toilet paper runs out use it,toilet paper runs use,book,book,0.9721,1.06841,0.88658,0.9855,1.30847,1.04421,0.06636,0,405,131,,
1642,CES201606,1642,42,book,als kussen gebruiken,kussen,3,3,use as a pillow,use pillow,book,book,0.89345,0.99882,1.05421,1.00454,1.02996,0.9962,0.06651,0,121,127,,
574,CES201606,574,17,book,achterstevoren lezen,achterstevoren lezen,2,4,read backwards,read backwards,book,book,0.90493,1.01825,1.05599,0.92173,1.08046,0.99627,0.06655,0,400,412,,
655,CES201606,655,18,book,om iemand mee te slaan,slaan,2,4,to hit someone with,hit someone,book,book,0.96523,1.04381,0.95198,0.94981,1.21064,1.02429,0.06711,0,111,,,
1238,CES201606,1238,28,book,iemand mee slaan,slaan,2,4,hit someone,hit someone,book,book,0.96523,1.04381,0.95198,0.94981,1.21064,1.02429,0.06711,0,111,,,
857,CES201606,857,20,book,als sierobject in de kamer leggen,sierobject kamer leggen,1,5,as an ornamental object in the room,ornamental object room,book,book,0.97844,0.97903,1.0377,1.02732,0.7869,0.96188,0.0675,0,109,127,,
1790,CES201606,1790,45,book,tafel ophogen,tafel ophogen,3,4,raise the table,raise table,book,book,0.94097,0.91196,1.06946,1.03222,1.28518,1.04796,0.06797,0,106,,,
1564,CES201606,1564,39,book,inspiratie op te doen,inspiratie,1,5,get inspired,get inspired,book,book,0.96774,0.98385,1.00058,0.96194,1.31614,1.04605,0.06863,0,110,408,,
350,CES201606,350,14,book,je kunt het ook gebruiken als bouwsteen,bouwsteen,3,2,you can also use it as a building block,can also use building block,book,book,0.91833,1.06593,0.9785,1.07439,0.72361,0.95215,0.06865,0,100,123,,
1560,CES201606,1560,39,book,slaan,slaan,2,4,strike,strike,book,book,0.92542,1.06975,0.9954,0.97686,0.89798,0.97308,0.07023,0,111,,,
657,CES201606,657,18,book,om een tafel mee te bouwen,tafel bouwen,3,3,to build a table,build table,book,book,0.86671,0.97776,1.04876,1.07673,1.24803,1.0436,0.07121,0,101,,,
1155,CES201606,1155,26,book,lijmen aan de muur als decoratie,lijmen muur decoratie,3,3,gluing to the wall as decoration,gluing wall decoration,book,book,0.97097,0.97225,1.05035,0.92597,1.24935,1.03378,0.07261,0,109,127,,
429,CES201606,429,15,book,je kan er op trommelen,trommelen,3,4,you can drum on it,can drum,book,book,0.96475,0.98148,1.02033,0.99825,1.18894,1.03075,0.07289,0,114,,,
1344,CES201606,1344,30,book,schrift met pen,schrift pen,1,5,notebook with pen,notebook pen,book,book,0.90847,1.0773,0.99475,0.9519,1.10267,1.00702,0.0738,0,407,,,
349,CES201606,349,14,book,als verkoeler (wapperen met die bladeren),verkoelen,3,4,as a cooler flapping those leaves,cooler flapping leaves,book,book,0.92581,1.05007,0.95175,1.07614,1.11534,1.02382,0.07394,0,115,,,
1457,CES201606,1457,36,book,blz eruit scheuren en collage van maken,bladzijde eruit scheuren collage,2,5,tear out a page and make a collage of it,tear page make collage,book,book,0.96498,0.98627,1.06749,1.02574,0.80188,0.96927,0.07625,0,110,,,
570,CES201606,570,17,book,het ruilen tegen iets leuks,ruilen tegen leuks,2,4,exchanging it for something nice,exchanging something nice,book,book,0.99474,1.07482,0.98152,0.97293,0.74265,0.95333,0.07663,0,119,,,
1686,CES201606,1686,43,book,brandstof om het vuur mee aan te houden,brandstof vuur houden,2,4,fuel to keep the fire going,fuel keep fire going,book,book,0.9383,1.00223,1.03184,0.96382,1.29164,1.04557,0.07664,0,406,,,
969,CES201606,969,23,book,om de tafel niet schuin te karten staan,tafel niet schuin karten staan,2,4,so that the table is not slanted,table slanted,book,book,0.97547,1.07944,0.97247,0.97901,0.87982,0.97724,0.07768,0,113,121,106,
1202,CES201606,1202,27,book,verfrommelde papieren glad strijken,verfrommelde papieren glad strijken,1,5,smooth out crumpled papers,smooth crumpled papers,book,book,0.88346,1.05304,0.99271,1.09891,1.05551,1.01673,0.07822,0,103,,,
1791,CES201606,1791,45,book,ruimte opvulling,ruimte opvulling,2,4,space filling,space filling,book,book,1.01503,0.97769,0.9798,1.01984,1.30321,1.05911,0.07896,0,998,,,
741,CES201606,741,19,book,om iemand iets bij te brengen/leren,brengen leren,1,5,to teach/learn someone something,teach learn someone something,book,book,0.86347,1.05271,0.9906,1.08963,1.26138,1.05156,0.08029,0,408,,,
1342,CES201606,1342,30,book,ereader,ereader,0,0,Ereader,ereader,book,book,,,,,1.17085,1.17085,0.08084,0,400,,,
1995,CES201606,1995,48,book,decoratie in kast,decoratie kast,2,4,decoration in closet,decoration closet,book,book,1.00255,1.02336,0.9918,1.00647,1.02137,1.00911,0.08104,0,109,127,,
1353,CES201606,1353,30,book,film,film,2,3,Create film,create film,book,book,0.97537,0.96228,1.07104,0.9376,1.35721,1.0607,0.08285,0,998,,,
1941,CES201606,1941.2,47,book,gooien,gooien,2,4,as a weapon throw,weapon throw,book,book,0.93009,0.97434,1.07153,1.04174,1.17286,1.03811,0.08351,0,304,,,
1941,CES201606,1941.1,47,book,als wapen,wapen,2,3,as a weapon throw,weapon throw,book,book,0.93009,0.97434,1.07153,1.04174,1.17286,1.03811,0.08351,1,111,,,
1871,CES201606,1871,46,book,moordwapen,moordwapen,3,3,murder weapon,murder weapon,book,book,0.93738,1.01886,1.02798,0.99173,1.26141,1.04747,0.08352,0,111,,,
1458,CES201606,1458,36,book,domino mee spelen,domino spelen,4,5,play dominoes with,play dominoes,book,book,1.05078,1.09089,0.94263,0.90282,0.9956,0.99654,0.08402,0,108,,,
742,CES201606,742,19,book,als hoedje op je hoofd,hoedje hoofd,4,2,as a hat on your head,hat head,book,book,0.96722,1.05445,1.02067,0.91999,1.12595,1.01766,0.08411,0,126,,,
2116,CES201606,2116,51,book,pannenonderzetter,pannen onderzetter,3,3,pan coaster,pan coaster,book,book,0.97197,0.99419,1.0251,1.05856,1.09372,1.02871,0.08481,1,118,,,
495,CES201606,495,16,book,steun voor meubels,steun meubels,2,4,support for furniture,support furniture,book,book,0.98343,1.0031,1.00967,1.00218,1.28326,1.05633,0.08581,0,121,,,
1150,CES201606,1150,26,book,steuntje voor meubelen,steuntje meubelen,2,4,support for furniture,support furniture,book,book,0.98343,1.0031,1.00967,1.00218,1.28326,1.05633,0.08581,0,121,,,
cmpl-4zrY03WpMeCA0AmJeADkzuTSPggZW,,cmpl-4zrY03WpMeCA0AmJeADkzuTSPggZW,GPT3,book,3 A book can be used to prop up a table,book can used prop table,,,,,,,0.94273,0.96181,0.99217,0.78508,0.81843,0.90004,0.08649,,113,121,106,
661,CES201606,661,18,book,een stoel van maken,stoel,3,3,make a chair out of it,make chair,book,book,0.92746,1.01519,1.03216,1.02179,1.30208,1.05974,0.08728,0,101,,,
263,CES201606,263,13,book,als paraplu tegen de regen,paraplu tegen regen,4,3,as an umbrella against the rain,umbrella rain,book,book,1.01297,1.04898,1.01767,0.89412,1.11745,1.01824,0.08795,0,403,401,,
1343,CES201606,1343,30,book,radio met dj die verhalen vertelt,radio dj verhalen vertelt,0,0,radio with dj telling stories,radio dj telling stories,book,book,1.07914,0.95203,1.06221,0.97832,0.92441,0.99922,0.08819,0,400,412,,
1872,CES201606,1872,46,book,seksspeeltje,seksspeeltje,5,1,sex toy,sex toy,book,book,0.94611,1.0098,1.0377,1.03132,1.19315,1.04362,0.0882,0,412,,,
855,CES201606,855.2,20,book,boekenkast van boeken,boekenkast boeken,4,3,as a book stand to hang on the wall bookcase of books,book stand hang wall bookcase books,book,book,0.89574,1.11047,1.06272,0.9733,0.70271,0.94899,0.08854,0,127,,,
855,CES201606,855.1,20,book,als boekenstandaard aan de muur hangen,boekenstandaard muur hangen,3,4,as a book stand to hang on the wall bookcase of books,book stand hang wall bookcase books,book,book,0.89574,1.11047,1.06272,0.9733,0.70271,0.94899,0.08854,0,121,127,,
654,CES201606,654,18,book,om een geheime verstop plek in te maken,geheime verstop plek,3,5,to make a secret hiding place in,make secret hiding place,book,book,1.03002,1.02537,0.98334,0.94492,1.29991,1.05671,0.08864,0,402,,,
862,CES201606,862,20,book,dingen aantonen,dingen aantonen,1,5,reveal things,reveal things,book,book,0.96496,1.02185,1.00942,1.00263,1.30934,1.06164,0.0889,1,408,,,
1104,CES201606,1104,25,book,plankje aan de muur,plankje muur,3,4,shelf on the wall,shelf wall,book,book,0.92925,1.05966,0.9947,1.04105,1.20357,1.04565,0.08975,0,121,127,,
1526,CES201606,1526,38,book,muurplank,muurplank,3,3,wall shelf,wall shelf,book,book,0.92925,1.05966,0.9947,1.04105,1.20357,1.04565,0.08975,0,121,127,,
1644,CES201606,1644,42,book,als krukje gebruiken,krukje,3,3,use as a stool,use stool,book,book,0.88446,1.11289,0.97283,1.06319,1.12514,1.0317,0.09032,0,101,,,
2114,CES201606,2114,51,book,op je hoofd tegen de zon,hoofd tegen zon,4,3,on your head against the sun,head sun,book,book,1.05107,1.00843,0.99832,0.9602,1.21929,1.04746,0.09115,0,403,401,,
cmpl-4zrXajQqVizh2rVJ8hn6PxNaA8Q24,,cmpl-4zrXajQqVizh2rVJ8hn6PxNaA8Q24,GPT3,book,3 Use books as coasters for your drinks,use books coasters drinks,,,,,,,0.95777,0.96687,1.01146,0.90404,1.06485,0.981,0.09254,,118,,,
345,CES201606,345,14,book,gebruiken als onderzetter,onderzetter,2,4,use as a coaster,use coaster,book,book,0.94439,1.06792,1.04069,0.94256,1.15351,1.02981,0.09379,0,118,,,
746,CES201606,746,19,book,om blaadjes uit te scheuren,blaadjes scheuren,1,4,to tear out leaves,tear leaves,book,book,0.96732,1.05839,0.97939,1.06096,1.14364,1.04194,0.09381,0,117,404,,
1156,CES201606,1156,26,book,boekwerpen: de sport,boek werpen sport,3,5,bookmaking the sport,bookmaking sport,book,book,1.02496,0.95691,1.09118,1.01553,0.99029,1.01577,0.09415,0,304,107,,
206,CES201606,206,12,book,hoofddeksel,hoofddeksel,4,2,headgear,headgear,book,book,1.10609,0.928,1.03175,1.06394,1.08031,1.04202,0.09605,1,126,,,
431,CES201606,431,15,book,opvulling van de kast,opvulling kast,1,5,cabinet padding,cabinet padding,book,book,0.95667,1.10373,0.99738,0.99822,1.00849,1.0129,0.09723,0,999,,,
859,CES201606,859,20,book,bibliotheek aanleggen,bibliotheek aanleggen,2,2,build a library,build library,book,book,0.97189,1.004,1.0509,1.02645,1.2447,1.05959,0.09777,0,127,119,,
342,CES201606,342,14,book,gebruiken als wapen (er mee gooien)\,wapen,2,3,Using it as a weapon throwing it around,using weapon throwing around,book,book,0.97826,1.108,0.94315,0.99998,1.25206,1.05629,0.09787,0,111,,,
738,CES201606,738,19,book,als onderlegger voor iets,onderlegger,2,4,as a backing for something,backing something,book,book,1.03314,0.96265,0.996,1.13035,1.31531,1.08749,0.09936,0,118,,,
2120,CES201606,2120,51,book,voor de sier in huis,sier huis,1,5,for decoration in the house,decoration house,book,book,0.9629,1.07134,1.016,0.97926,1.22049,1.05,0.09984,0,109,127,,
658,CES201606,658,18,book,om een muur mee te bouwen,muur bouwen,3,3,to build a wall with,build wall,book,book,0.99923,1.04543,1.01187,0.97767,1.28314,1.06347,0.10081,0,100,604,,
498,CES201606,498,16,book,brandmateriaal,brandmateriaal,2,4,fire equipment,fire equipment,book,book,0.96812,1.01278,1.04824,1.04151,1.26815,1.06776,0.10217,1,406,,,
1732,CES201606,1732,44,book,Brandmateriaal,brandmateriaal,2,4,Fire Equipment,fire equipment,book,book,0.96812,1.01278,1.04824,1.04151,1.26815,1.06776,0.10217,0,406,,,
2095,CES201606,2095,50,book,dun boek: als vliegenmepper,dun boek vliegenmepper,2,4,thin book as a flyswatter,thin book flyswatter,book,book,1.17841,0.87797,1.02093,1.04247,1.37415,1.09879,0.10232,0,111,,,
2094,CES201606,2094,50,book,ruiten mee ingooien,ruiten ingooien,2,4,smash windows with,smash windows,book,book,1.037,0.98374,1.02699,1.07338,1.17431,1.05908,0.10256,0,304,204,,
1868,CES201606,1868,46,book,beeldschermstandaard,beeldschermstandaard,3,3,monitor stand,monitor stand,book,book,1.0359,0.9209,1.05952,1.12864,1.27099,1.08319,0.10318,0,106,121,127,
2119,CES201606,2119,51,book,wapperen als waaier,wapperen waaier,3,4,blowing as a fan,blowing fan,book,book,1.10401,1.04937,0.94895,0.97015,1.21182,1.05686,0.10327,0,115,113,123,
659,CES201606,659,18,book,om kasten te vullen,kasten vullen,1,5,to fill cabinets,fill cabinets,book,book,0.94688,1.09184,1.01681,0.98166,1.22993,1.05342,0.10397,1,999,,,
864,CES201606,864,20,book,eruit een liedje zingen,eruit liedje zingen,1,5,sing out a song,sing song,book,book,1.11265,0.98505,0.99387,1.05094,1.1099,1.05048,0.10458,0,114,408,,
750,CES201606,750,19,book,als gatdichtstopper,gat dicht stoppen,4,3,as a hole stopper,hole stopper,book,book,1.02345,1.08189,1.00816,1.00756,0.89259,1.00273,0.1051,0,113,,,
847,CES201606,847,20,book,pagina's uitscheuren en als confetti uit het raam gooien,pagina s uitscheuren confetti raam gooien,3,4,Tear out pages and throw them out the window like confetti,tear pages throw window like confetti,book,book,1.02391,1.04673,1.00135,1.02922,1.15715,1.05167,0.10577,0,110,404,,
425,CES201606,425,15,book,ophoging voor je computer,ophoging computer,2,4,elevation for your computer,elevation computer,book,book,1.09238,0.96284,1.04097,1.04028,1.1286,1.05301,0.10601,0,106,121,127,
967,CES201606,967,23,book,verhoging,verhoging,2,4,raise something,raise something,book,book,1.00292,1.01368,1.04137,1.00838,1.32137,1.07754,0.10602,0,106,,,
1524,CES201606,1524,38,book,verhoging,verhoging,2,4,raise something,raise something,book,book,1.00292,1.01368,1.04137,1.00838,1.32137,1.07754,0.10602,0,106,,,
1733,CES201606,1733,44,book,Verhoging,verhoging,2,4,raise something,raise something,book,book,1.00292,1.01368,1.04137,1.00838,1.32137,1.07754,0.10602,0,106,,,
2115,CES201606,2115,51,book,als verhoging van iets,verhoging,2,4,raise something,raise something,book,book,1.00292,1.01368,1.04137,1.00838,1.32137,1.07754,0.10602,0,106,,,
432,CES201606,432,15,book,je kunt een boek goed rechtop zetten en er achter spieken,boek goed rechtop zetten achter spieken,2,5,you can put a book upright and peer behind it,can put book upright peer behind,book,book,1.00414,1.12668,0.95948,0.91766,1.31918,1.06543,0.10621,0,401,,,
501,CES201606,501,16,book,bijzettafel,bijzettafel,4,4,side table,side table,book,book,0.99768,1.04721,1.01202,1.01437,1.28018,1.07029,0.10621,1,101,,,
1563,CES201606,1563,39,book,als kunst neerzetten,kunst neerzetten,3,3,put down as art,put art,book,book,1.00041,1.01372,1.09871,0.89721,1.3037,1.06275,0.10623,0,109,,,
2097,CES201606,2097,50,book,openhouden en zo een V vormen,openhouden v vormen,3,4,keep it open and thus form a V,keep open thus form,book,book,1.02476,1.08297,0.9864,0.94624,1.3077,1.06961,0.10814,0,501,,,
1687,CES201606,1687,43,book,vliegtuigjes vouwen,vliegtuigjes vouwen,2,4,folding airplanes,folding airplanes,book,book,1.13627,0.9708,1.00291,1.03898,1.16677,1.06315,0.10876,0,110,,,
1345,CES201606,1345,30,book,typemachinen met papier,typemachine papier,0,0,typewriters with paper,typewriters paper,book,book,1.03235,1.17772,0.93989,0.90813,0.998,1.01122,0.10882,0,110,,,
1456,CES201606,1456,36,book,labyrinth mee bouwen,labyrint bouwen,4,3,build a labyrinth with it,build labyrinth,book,book,1.01867,1.12868,0.94156,1.05321,0.9736,1.02314,0.10941,0,100,102,,
1241,CES201606,1241,28,book,opgavenboek,opgavenboek,1,5,task book,task book,book,book,0.91263,1.04964,1.13359,0.88503,1.37207,1.07059,0.10961,0,408,,,
cmpl-4zrXajQqVizh2rVJ8hn6PxNaA8Q24,,cmpl-4zrXajQqVizh2rVJ8hn6PxNaA8Q24,GPT3,book,5 Donate books to your local library or hospital waiting room,donate books local library hospital waiting room,,,,,,,0.98059,1.11041,1.03086,1.09668,0.77987,0.99968,0.11203,,119,,,
cmpl-4zrYM3srgr0AI600HuaSfbe20ECSu,,cmpl-4zrYM3srgr0AI600HuaSfbe20ECSu,GPT3,book,A book can be used to level A table,book can used level table,,,,,,,0.9515,1.08945,0.92496,0.91619,0.68967,0.91435,0.11229,,113,121,106,
cmpl-4zrZ42wRutcDFNibsKTG97iSLThCM,,cmpl-4zrZ42wRutcDFNibsKTG97iSLThCM,GPT3,book,2 A book can be used to level a table,book can used level table,,,,,,,0.9515,1.08945,0.92496,0.91619,0.68967,0.91435,0.11229,,113,121,106,
1873,CES201606,1873,46,book,muismat,muismat,3,5,mouse pad,mouse pad,book,book,1.03723,1.06643,1.00676,1.02262,1.10235,1.04708,0.11382,0,113,118,,
cmpl-4zrZAUmJ0wliAvLrrK2j6rzVmvpKC,,cmpl-4zrZAUmJ0wliAvLrrK2j6rzVmvpKC,GPT3,book,4 A book can be used to decorate a room or shelf,book can used decorate room shelf,,,,,,,0.95045,0.91281,0.97764,1.06416,1.21714,1.02444,0.11484,,109,127,,
1200,CES201606,1200,27,book,om de tafelpoten gelijk te krijgen,tafelpoten gelijk krijgen,3,4,to get the table legs even,get table legs even,book,book,1.05526,0.97677,1.09039,0.98486,1.29182,1.07982,0.1161,0,113,121,106,
749,CES201606,749,19,book,als hoofdonderlegger,hoofd onderlegger,3,3,as the main foundation,main foundation,book,book,1.0091,1.05459,1.05628,0.96982,1.2495,1.06786,0.1171,0,121,,,
1154,CES201606,1154,26,book,gebruiken als boekenplank,boekenplank,3,4,use as bookshelf,use bookshelf,book,book,0.93183,1.10935,1.12496,0.9678,0.84235,0.99526,0.12063,0,121,127,,
262,CES201606,262,13,book,een stapel boeken als nachtkastje,stapel boeken nachtkastje,3,4,a stack of books as a bedside table,stack books bedside table,book,book,1.04637,1.08457,0.96937,1.02612,1.33175,1.09164,0.12096,0,101,410,,
1285,CES201606,1285,29,book,brandstof (open haard),brandstof,2,4,fuel fireplace,fuel fireplace,book,book,0.96637,1.04921,1.07826,1.07533,1.11011,1.05586,0.12115,0,406,,,
1453,CES201606,1453,36,book,Stapels mee bouwen,stapels bouwen,2,4,Building stacks with you,building stacks,book,book,1.07221,1.07224,0.97324,1.06462,1.2464,1.08574,0.12587,0,410,,,
856,CES201606,856,20,book,in de kast zetten,kast zetten,1,5,put in the closet,put closet,book,book,0.9977,1.09811,1.03666,1.01675,1.31896,1.09364,0.13272,0,122,,,
970,CES201606,970,23,book,als cadeau verpakking,cadeau verpakking,4,5,as a gift package,gift package,book,book,1.08752,1.0761,1.01649,1.01149,1.30907,1.10013,0.13894,0,409,,,
1940,CES201606,1940,47,book,ophoging voor laptop,ophoging laptop,2,4,elevation for laptop,elevation laptop,book,book,1.17992,1.05943,1.01228,1.02755,1.10479,1.07679,0.14713,0,106,,,
cmpl-4zrYsthVkMmBWLB5euet6UOY3DuCE,,cmpl-4zrYsthVkMmBWLB5euet6UOY3DuCE,GPT3,book,2 A book can be used to balance a wobbly table,book can used balance wobbly table,,,,,,,0.93401,0.94759,0.84921,0.87963,1.03273,0.92863,0.15149,,113,121,106,
cmpl-4zrYH49qGBQRZzNi4eQHpNxlQUABG,,cmpl-4zrYH49qGBQRZzNi4eQHpNxlQUABG,GPT3,book,2 A book can be used to prop up a wobbly table,book can used prop wobbly table,,,,,,,1.00033,1.16534,0.89785,0.81732,1.29343,1.03485,0.16497,,113,121,106,
cmpl-4zrYvKNbYe9QLba3L9kPiyeRSNAdt,,cmpl-4zrYvKNbYe9QLba3L9kPiyeRSNAdt,GPT3,book,2 A book can be used to prop up a wobbly table,book can used prop wobbly table,,,,,,,1.00033,1.16534,0.89785,0.81732,1.29343,1.03485,0.16497,,113,121,106,
cmpl-4zrYkCsqHkasbROCFVWUUjNxTKWA5,,cmpl-4zrYkCsqHkasbROCFVWUUjNxTKWA5,GPT3,book,4 Make coasters out ofbook pages sealed with mod podge,make coasters ofbook pages sealed mod podge,,,,,,,0.98377,0.93069,1.01428,0.95888,1.23413,1.02435,0.17714,,118,,,
cmpl-4zrYCltQ18NBmTUndQEolfNeRJhmu,,cmpl-4zrYCltQ18NBmTUndQEolfNeRJhmu,GPT3,book,4 A book can be used to keep papers from blowing away in the wind,book can used keep papers blowing away wind,,,,,,,0.97964,1.06219,0.88704,0.97391,1.25138,1.03083,0.18003,,103,,,
cmpl-4zrYsthVkMmBWLB5euet6UOY3DuCE,,cmpl-4zrYsthVkMmBWLB5euet6UOY3DuCE,GPT3,book,4 A book can be used to prop up a wonky picture frame,book can used prop wonky picture frame,,,,,,,0.93608,0.87522,0.86047,1.06738,1.12387,0.9726,0.19015,,113,,,
cmpl-4zrYM3srgr0AI600HuaSfbe20ECSu,,cmpl-4zrYM3srgr0AI600HuaSfbe20ECSu,GPT3,book,A book can be cut in half and the,book can cut half,,,,,,,0.97795,0.89533,0.98144,1.12188,1.32416,1.06015,0.20045,,117,112,,
cmpl-4zrZ6iqXWuJnn7X7Ou7Up61L217rn,,cmpl-4zrZ6iqXWuJnn7X7Ou7Up61L217rn,GPT3,book,4 A book can be used to prop up a table or shelf,book can used prop table shelf,,,,,,,1.01465,0.99535,1.04319,1.06059,1.1832,1.0594,0.22832,,113,121,106,
cmpl-4zrXXun99WGqMfqFcnvX9fpzWmy05,,cmpl-4zrXXun99WGqMfqFcnvX9fpzWmy05,GPT3,book,4 A book can be used to level a table or shelf,book can used level table shelf,,,,,,,0.98175,0.8449,0.98548,0.98924,1.30903,1.02208,0.23487,,113,121,106,
cmpl-4zrXnYW4L6EpsvEUL9J88oKsjzqy7,,cmpl-4zrXnYW4L6EpsvEUL9J88oKsjzqy7,GPT3,book,2 A book can be used to level a table or shelf,book can used level table shelf,,,,,,,0.98175,0.8449,0.98548,0.98924,1.30903,1.02208,0.23487,,113,121,106,
cmpl-4zrY43R3rQ3No2WeD92L3z2neSrOb,,cmpl-4zrY43R3rQ3No2WeD92L3z2neSrOb,GPT3,book,2 A book can be used to level a table or shelf,book can used level table shelf,,,,,,,0.98175,0.8449,0.98548,0.98924,1.30903,1.02208,0.23487,,113,121,106,
cmpl-4zrYCltQ18NBmTUndQEolfNeRJhmu,,cmpl-4zrYCltQ18NBmTUndQEolfNeRJhmu,GPT3,book,2 A book can be used to level a table or shelf,book can used level table shelf,,,,,,,0.98175,0.8449,0.98548,0.98924,1.30903,1.02208,0.23487,,113,121,106,
cmpl-4zrYcXgHic5zBGK8skxbt7IwK8Ok2,,cmpl-4zrYcXgHic5zBGK8skxbt7IwK8Ok2,GPT3,book,2 A book can be used to level a table or shelf,book can used level table shelf,,,,,,,0.98175,0.8449,0.98548,0.98924,1.30903,1.02208,0.23487,,113,121,106,
cmpl-4zrYpCuQ5hsc5BzfI4p1eiCINiTKw,,cmpl-4zrYpCuQ5hsc5BzfI4p1eiCINiTKw,GPT3,book,2 A book can be used to level a table or shelf,book can used level table shelf,,,,,,,0.98175,0.8449,0.98548,0.98924,1.30903,1.02208,0.23487,,113,121,106,
cmpl-4zrY7biIuR673z5KZea1gP4gUMbXw,,cmpl-4zrY7biIuR673z5KZea1gP4gUMbXw,GPT3,book,5 A book can be used as a door stop in an open doorway to help,book can used door stop open doorway help,,,,,,,1.02417,0.99033,1.06537,0.95347,1.21202,1.04907,0.23658,,113,123,,
cmpl-4zrYH49qGBQRZzNi4eQHpNxlQUABG,,cmpl-4zrYH49qGBQRZzNi4eQHpNxlQUABG,GPT3,book,3 A book can be used to make a paper airplane,book can used make paper airplane,,,,,,,1.02682,0.96965,1.05684,1.06159,1.3037,1.08372,0.2575,,110,,,
cmpl-4zrXQbOmAJISuhk3fFIZO2SLmBq6x,,cmpl-4zrXQbOmAJISuhk3fFIZO2SLmBq6x,GPT3,book,4 A book can be used to make a collage or scrapbook,book can used make collage scrapbook,,,,,,,1.03389,0.96928,1.03386,0.92335,1.21672,1.03542,0.30188,,110,,,
cmpl-4zrY43R3rQ3No2WeD92L3z2neSrOb,,cmpl-4zrY43R3rQ3No2WeD92L3z2neSrOb,GPT3,book,4 A book can be used to make a collage or scrapbook,book can used make collage scrapbook,,,,,,,1.03389,0.96928,1.03386,0.92335,1.21672,1.03542,0.30188,,110,,,
cmpl-4zrYkCsqHkasbROCFVWUUjNxTKWA5,,cmpl-4zrYkCsqHkasbROCFVWUUjNxTKWA5,GPT3,book,2 Turn a book into a clock by gluing numbers to the cover and attaching hands,turn book clock gluing numbers cover attaching hands,,,,,,,1.07796,1.1185,1.15671,1.07337,0.74277,1.03386,0.33076,,127,,,
cmpl-4zrXwohDOcU3F1Hq56ynSVY02H2j0,,cmpl-4zrXwohDOcU3F1Hq56ynSVY02H2j0,GPT3,book,3 A book can be used as a coaster for your beverage,book can used coaster beverage,,,,,,,1.01096,1.0909,0.86806,0.9304,0.77839,0.93574,0.33543,,118,,,
cmpl-4zrYM3srgr0AI600HuaSfbe20ECSu,,cmpl-4zrYM3srgr0AI600HuaSfbe20ECSu,GPT3,book,A book can be used to prop up A wobbly chair,book can used prop wobbly chair,,,,,,,1.09903,1.09307,1.15588,0.95317,1.26724,1.11368,0.34286,,113,121,106,
cmpl-4zrZ42wRutcDFNibsKTG97iSLThCM,,cmpl-4zrZ42wRutcDFNibsKTG97iSLThCM,GPT3,book,3 A book can be used to prop up a wobbly chair,book can used prop wobbly chair,,,,,,,1.09903,1.09307,1.15588,0.95317,1.26724,1.11368,0.34286,,113,121,106,
cmpl-4zrXKRorn55iQY1NXc3Vq3WKCLtyf,,cmpl-4zrXKRorn55iQY1NXc3Vq3WKCLtyf,GPT3,book,4 A book can be used as a paperweight,book can used paperweight,,,,,,,1.00223,0.99018,0.91188,1.01761,0.73147,0.93067,0.344,,103,,,
cmpl-4zrXMnec5vnPs9Rno0qAGOwJ1vslr,,cmpl-4zrXMnec5vnPs9Rno0qAGOwJ1vslr,GPT3,book,4 A book can be used as a paperweight,book can used paperweight,,,,,,,1.00223,0.99018,0.91188,1.01761,0.73147,0.93067,0.344,,103,,,
cmpl-4zrXQbOmAJISuhk3fFIZO2SLmBq6x,,cmpl-4zrXQbOmAJISuhk3fFIZO2SLmBq6x,GPT3,book,3 A book can be used as a paperweight,book can used paperweight,,,,,,,1.00223,0.99018,0.91188,1.01761,0.73147,0.93067,0.344,,103,,,
cmpl-4zrXTQbtU9GwZ4dGDpd5xEyBovRHV,,cmpl-4zrXTQbtU9GwZ4dGDpd5xEyBovRHV,GPT3,book,3 A book can be used as a paperweight,book can used paperweight,,,,,,,1.00223,0.99018,0.91188,1.01761,0.73147,0.93067,0.344,,103,,,
cmpl-4zrXf5f89HctStj42UI8NCmMxujME,,cmpl-4zrXf5f89HctStj42UI8NCmMxujME,GPT3,book,3 A book can be used as a paperweight,book can used paperweight,,,,,,,1.00223,0.99018,0.91188,1.01761,0.73147,0.93067,0.344,,103,,,
cmpl-4zrXkWn3QroeYera2G3vBEECCSUZR,,cmpl-4zrXkWn3QroeYera2G3vBEECCSUZR,GPT3,book,2 A book can be used as a paperweight,book can used paperweight,,,,,,,1.00223,0.99018,0.91188,1.01761,0.73147,0.93067,0.344,,103,,,
cmpl-4zrXnYW4L6EpsvEUL9J88oKsjzqy7,,cmpl-4zrXnYW4L6EpsvEUL9J88oKsjzqy7,GPT3,book,3 A book can be used as a paperweight,book can used paperweight,,,,,,,1.00223,0.99018,0.91188,1.01761,0.73147,0.93067,0.344,,103,,,
cmpl-4zrY03WpMeCA0AmJeADkzuTSPggZW,,cmpl-4zrY03WpMeCA0AmJeADkzuTSPggZW,GPT3,book,4 A book can be used as a paperweight,book can used paperweight,,,,,,,1.00223,0.99018,0.91188,1.01761,0.73147,0.93067,0.344,,103,,,
cmpl-4zrY43R3rQ3No2WeD92L3z2neSrOb,,cmpl-4zrY43R3rQ3No2WeD92L3z2neSrOb,GPT3,book,3 A book can be used as a paperweight,book can used paperweight,,,,,,,1.00223,0.99018,0.91188,1.01761,0.73147,0.93067,0.344,,103,,,
cmpl-4zrY7biIuR673z5KZea1gP4gUMbXw,,cmpl-4zrY7biIuR673z5KZea1gP4gUMbXw,GPT3,book,4 A book can be used as a paperweight,book can used paperweight,,,,,,,1.00223,0.99018,0.91188,1.01761,0.73147,0.93067,0.344,,103,,,
cmpl-4zrYCltQ18NBmTUndQEolfNeRJhmu,,cmpl-4zrYCltQ18NBmTUndQEolfNeRJhmu,GPT3,book,3 A book can be used as a paperweight,book can used paperweight,,,,,,,1.00223,0.99018,0.91188,1.01761,0.73147,0.93067,0.344,,103,,,
cmpl-4zrYM3srgr0AI600HuaSfbe20ECSu,,cmpl-4zrYM3srgr0AI600HuaSfbe20ECSu,GPT3,book,A book can be used as A paperweight,book can used paperweight,,,,,,,1.00223,0.99018,0.91188,1.01761,0.73147,0.93067,0.344,,103,,,
cmpl-4zrYSw9ZuzkGoOZpvQWkzfHkJCPVP,,cmpl-4zrYSw9ZuzkGoOZpvQWkzfHkJCPVP,GPT3,book,3 A book can be used as a paperweight,book can used paperweight,,,,,,,1.00223,0.99018,0.91188,1.01761,0.73147,0.93067,0.344,,103,,,
cmpl-4zrYYESZQhEvKOpsl2Y3ne59QvPUs,,cmpl-4zrYYESZQhEvKOpsl2Y3ne59QvPUs,GPT3,book,3 A book can be used as a paperweight,book can used paperweight,,,,,,,1.00223,0.99018,0.91188,1.01761,0.73147,0.93067,0.344,,103,,,
cmpl-4zrYcXgHic5zBGK8skxbt7IwK8Ok2,,cmpl-4zrYcXgHic5zBGK8skxbt7IwK8Ok2,GPT3,book,4 A book can be used as a paperweight,book can used paperweight,,,,,,,1.00223,0.99018,0.91188,1.01761,0.73147,0.93067,0.344,,103,,,
cmpl-4zrYhuBnwno40N3NzfKumie34U6k8,,cmpl-4zrYhuBnwno40N3NzfKumie34U6k8,GPT3,book,3 A book can be used as a paperweight,book can used paperweight,,,,,,,1.00223,0.99018,0.91188,1.01761,0.73147,0.93067,0.344,,103,,,
cmpl-4zrYpCuQ5hsc5BzfI4p1eiCINiTKw,,cmpl-4zrYpCuQ5hsc5BzfI4p1eiCINiTKw,GPT3,book,3 A book can be used as a paperweight,book can used paperweight,,,,,,,1.00223,0.99018,0.91188,1.01761,0.73147,0.93067,0.344,,103,,,
cmpl-4zrYsthVkMmBWLB5euet6UOY3DuCE,,cmpl-4zrYsthVkMmBWLB5euet6UOY3DuCE,GPT3,book,3 A book can be used as a paperweight,book can used paperweight,,,,,,,1.00223,0.99018,0.91188,1.01761,0.73147,0.93067,0.344,,103,,,
cmpl-4zrZ42wRutcDFNibsKTG97iSLThCM,,cmpl-4zrZ42wRutcDFNibsKTG97iSLThCM,GPT3,book,4 A book can be used as a paperweight,book can used paperweight,,,,,,,1.00223,0.99018,0.91188,1.01761,0.73147,0.93067,0.344,,103,,,
cmpl-4zrZAUmJ0wliAvLrrK2j6rzVmvpKC,,cmpl-4zrZAUmJ0wliAvLrrK2j6rzVmvpKC,GPT3,book,3 A book can be used as a paperweight,book can used paperweight,,,,,,,1.00223,0.99018,0.91188,1.01761,0.73147,0.93067,0.344,,103,,,
cmpl-4zrYH49qGBQRZzNi4eQHpNxlQUABG,,cmpl-4zrYH49qGBQRZzNi4eQHpNxlQUABG,GPT3,book,6 A collection of books,collection books,,,,,,,1.06824,1.0192,1.01669,0.95829,1.37907,1.0883,0.37749,,119,,,
cmpl-4zrXnYW4L6EpsvEUL9J88oKsjzqy7,,cmpl-4zrXnYW4L6EpsvEUL9J88oKsjzqy7,GPT3,book,5 A book can be used in place of a cutting board when slicing vegetables or meat,book can used place cutting board slicing vegetables meat,,,,,,,1.08088,1.0467,1.13494,1.09542,0.74185,1.01996,0.40001,,104,,,
cmpl-4zrYcXgHic5zBGK8skxbt7IwK8Ok2,,cmpl-4zrYcXgHic5zBGK8skxbt7IwK8Ok2,GPT3,book,3 A book can be used to prop up a wobbly chair or table leg,book can used prop wobbly chair table leg,,,,,,,1.09419,0.97741,1.13731,0.88531,1.29856,1.07856,0.40214,,113,121,106,
cmpl-4zrXsIbRn4NTwafnBiFtZpy7tUdHA,,cmpl-4zrXsIbRn4NTwafnBiFtZpy7tUdHA,GPT3,book,2 A book can be used to keep a table level,book can used keep table level,,,,,,,1.03704,0.96702,0.84026,0.89523,1.30809,1.00953,0.44543,,113,121,106,
cmpl-4zrYzrBuvP3imgFgz5iKgDWoCMvF2,,cmpl-4zrYzrBuvP3imgFgz5iKgDWoCMvF2,GPT3,book,3 Use an old book as decoration by stacking it on top of other books or placing it in an empty frame,use old book decoration stacking top books placing empty frame,,,,,,,1.06748,1.01098,0.92259,0.85045,1.29725,1.02975,0.45529,,109,127,,
cmpl-4zrZ42wRutcDFNibsKTG97iSLThCM,,cmpl-4zrZ42wRutcDFNibsKTG97iSLThCM,GPT3,book,5 A book can be used to make a paper mch mask or sculpture,book can used make paper mache mask sculpture,,,,,,,1.10038,0.98101,1.15736,1.06966,0.74876,1.01143,0.48277,,110,,,
cmpl-4zrZ6iqXWuJnn7X7Ou7Up61L217rn,,cmpl-4zrZ6iqXWuJnn7X7Ou7Up61L217rn,GPT3,book,5 A book can be cut up and made into paper airplanes or origami shapes,book can cut made paper airplanes origami shapes,,,,,,,1.1091,0.99157,1.10242,0.92907,0.74929,0.97629,0.53888,,110,,,
cmpl-4zrXwohDOcU3F1Hq56ynSVY02H2j0,,cmpl-4zrXwohDOcU3F1Hq56ynSVY02H2j0,GPT3,book,4 A book can be used to level a table or surface,book can used level table surface,,,,,,,1.1133,1.04688,0.97002,0.91554,1.29688,1.06852,0.54967,,113,121,106,
cmpl-4zrY7biIuR673z5KZea1gP4gUMbXw,,cmpl-4zrY7biIuR673z5KZea1gP4gUMbXw,GPT3,book,2 A book can be used to level a table or other surface,book can used level table surface,,,,,,,1.1133,1.04688,0.97002,0.91554,1.29688,1.06852,0.54967,,113,121,106,
cmpl-4zrZF2zTP1YbQKy7UTpONmDqWXo46,,cmpl-4zrZF2zTP1YbQKy7UTpONmDqWXo46,GPT3,book,2 A book can be used to level a table or other surface,book can used level table surface,,,,,,,1.1133,1.04688,0.97002,0.91554,1.29688,1.06852,0.54967,,113,121,106,
cmpl-4zrYSw9ZuzkGoOZpvQWkzfHkJCPVP,,cmpl-4zrYSw9ZuzkGoOZpvQWkzfHkJCPVP,GPT3,book,2 A book can be used to level a table or chair,book can used level table chair,,,,,,,1.11715,0.98825,0.96336,0.95635,1.31078,1.06718,0.60191,,113,121,106,
cmpl-4zrYYESZQhEvKOpsl2Y3ne59QvPUs,,cmpl-4zrYYESZQhEvKOpsl2Y3ne59QvPUs,GPT3,book,2 A book can be used to level a table or chair,book can used level table chair,,,,,,,1.11715,0.98825,0.96336,0.95635,1.31078,1.06718,0.60191,,113,121,106,
cmpl-4zrYhuBnwno40N3NzfKumie34U6k8,,cmpl-4zrYhuBnwno40N3NzfKumie34U6k8,GPT3,book,2 A book can be used to level a table or chair,book can used level table chair,,,,,,,1.11715,0.98825,0.96336,0.95635,1.31078,1.06718,0.60191,,113,121,106,
cmpl-4zrXMnec5vnPs9Rno0qAGOwJ1vslr,,cmpl-4zrXMnec5vnPs9Rno0qAGOwJ1vslr,GPT3,book,5 A book can be used to make a collage or sculpture,book can used make collage sculpture,,,,,,,1.06767,0.90036,0.89093,0.85878,0.79074,0.9017,0.60865,,110,,,
cmpl-4zrYpCuQ5hsc5BzfI4p1eiCINiTKw,,cmpl-4zrYpCuQ5hsc5BzfI4p1eiCINiTKw,GPT3,book,4 A book can be used to make a collage or sculpture,book can used make collage sculpture,,,,,,,1.06767,0.90036,0.89093,0.85878,0.79074,0.9017,0.60865,,110,,,
cmpl-4zrZAUmJ0wliAvLrrK2j6rzVmvpKC,,cmpl-4zrZAUmJ0wliAvLrrK2j6rzVmvpKC,GPT3,book,2 A book can be used to level a table or piece of furniture,book can used level table piece furniture,,,,,,,1.09538,0.91629,1.02362,1.04001,0.6934,0.95374,0.61037,,113,121,106,
cmpl-4zrYYESZQhEvKOpsl2Y3ne59QvPUs,,cmpl-4zrYYESZQhEvKOpsl2Y3ne59QvPUs,GPT3,book,4 A book can be used to prop up a wobbly leg on a piece of furniture,book can used prop wobbly leg piece furniture,,,,,,,1.09212,0.95454,0.85468,0.79211,1.27879,0.99445,0.61837,,113,121,106,
cmpl-4zrXwohDOcU3F1Hq56ynSVY02H2j0,,cmpl-4zrXwohDOcU3F1Hq56ynSVY02H2j0,GPT3,book,5 A book can be used as decoration on a shelf or mantelpiece,book can used decoration shelf mantelpiece,,,,,,,1.11563,1.04153,0.95084,0.95936,0.72984,0.95944,0.64781,,113,121,106,
cmpl-4zrYzrBuvP3imgFgz5iKgDWoCMvF2,,cmpl-4zrYzrBuvP3imgFgz5iKgDWoCMvF2,GPT3,book,2 Turn a book into a secret hiding place by cutting out a square hole in the center of the pages,turn book secret hiding place cutting square hole center pages,,,,,,,1.1236,0.92588,0.98838,0.95132,1.24088,1.04601,0.64929,,402,,,
1284,CES201606,1284,29,book,aanmaakblok,aanmaakblok,3,4,firelighter,firelighter,book,book,,,,,,,,0,406,,,
2098,CES201606,2098,50,book,of een L,l,0,0,or an L,,book,book,,,,,,,,0,998,,,
