id,item,response
cmpl-4zrXKRorn55iQY1NXc3Vq3WKCLtyf,book,1. A book can be used as a doorstop.
cmpl-4zrXKRorn55iQY1NXc3Vq3WKCLtyf,book,2. A book can be used to start a fire.
cmpl-4zrXKRorn55iQY1NXc3Vq3WKCLtyf,book,3. A book can be used to prop up a table or chair leg.
cmpl-4zrXKRorn55iQY1NXc3Vq3WKCLtyf,book,4. A book can be used as a paperweight.
cmpl-4zrXKRorn55iQY1NXc3Vq3WKCLtyf,book,5. A book can be used to make art such as by decoupaging it onto a canvas or
cmpl-4zrXMnec5vnPs9Rno0qAGOwJ1vslr,book,1. A book can be used as a door stop.
cmpl-4zrXMnec5vnPs9Rno0qAGOwJ1vslr,book,2. A book can be used to start a fire.
cmpl-4zrXMnec5vnPs9Rno0qAGOwJ1vslr,book,3. A book can be used to prop up a table or chair leg.
cmpl-4zrXMnec5vnPs9Rno0qAGOwJ1vslr,book,4. A book can be used as a paperweight.
cmpl-4zrXMnec5vnPs9Rno0qAGOwJ1vslr,book,5. A book can be used to make a collage or sculpture.
cmpl-4zrXQbOmAJISuhk3fFIZO2SLmBq6x,book,1. A book can be used as a door stop.
cmpl-4zrXQbOmAJISuhk3fFIZO2SLmBq6x,book,2. A book can be used to prop up a table or chair leg.
cmpl-4zrXQbOmAJISuhk3fFIZO2SLmBq6x,book,3. A book can be used as a paperweight.
cmpl-4zrXQbOmAJISuhk3fFIZO2SLmBq6x,book,4. A book can be used to make a collage or scrapbook.
cmpl-4zrXQbOmAJISuhk3fFIZO2SLmBq6x,book,5. A book can be cut up and used as confetti or streamers.
cmpl-4zrXTQbtU9GwZ4dGDpd5xEyBovRHV,book,1. A book can be used as a doorstop.
cmpl-4zrXTQbtU9GwZ4dGDpd5xEyBovRHV,book,2. A book can be used to start a fire.
cmpl-4zrXTQbtU9GwZ4dGDpd5xEyBovRHV,book,3. A book can be used as a paperweight.
cmpl-4zrXTQbtU9GwZ4dGDpd5xEyBovRHV,book,4. A book can be used to prop up a wobbly table leg.
cmpl-4zrXTQbtU9GwZ4dGDpd5xEyBovRHV,book,5. A book can be used as a coaster for drinks (to prevent water rings on furniture).
cmpl-4zrXXun99WGqMfqFcnvX9fpzWmy05,book,1. A book can be used as a doorstop.
cmpl-4zrXXun99WGqMfqFcnvX9fpzWmy05,book,2. A book can be used to hold open a window.
cmpl-4zrXXun99WGqMfqFcnvX9fpzWmy05,book,3. A book can be used as a coaster for a hot beverage.
cmpl-4zrXXun99WGqMfqFcnvX9fpzWmy05,book,4. A book can be used to level a table or shelf.
cmpl-4zrXXun99WGqMfqFcnvX9fpzWmy05,book,5. A book can be used as an improvised weapon in self-defense or attack.
cmpl-4zrXajQqVizh2rVJ8hn6PxNaA8Q24,book,1. Make a book into a lampshade.
cmpl-4zrXajQqVizh2rVJ8hn6PxNaA8Q24,book,2. Turn an old book into a secret compartment.
cmpl-4zrXajQqVizh2rVJ8hn6PxNaA8Q24,book,3. Use books as coasters for your drinks.
cmpl-4zrXajQqVizh2rVJ8hn6PxNaA8Q24,book,4. Build a fort out of old books.
cmpl-4zrXajQqVizh2rVJ8hn6PxNaA8Q24,book,5. Donate books to your local library or hospital waiting room.
cmpl-4zrXajQqVizh2rVJ8hn6PxNaA8Q24,book,6. Give a new twist to an old favorite by reading it in character voices
cmpl-4zrXf5f89HctStj42UI8NCmMxujME,book,1. A book can be used as a doorstop.
cmpl-4zrXf5f89HctStj42UI8NCmMxujME,book,2. A book can be used to start a fire.
cmpl-4zrXf5f89HctStj42UI8NCmMxujME,book,3. A book can be used as a paperweight.
cmpl-4zrXf5f89HctStj42UI8NCmMxujME,book,4. A book can be used to prop up a wobbly table or chair.
cmpl-4zrXf5f89HctStj42UI8NCmMxujME,book,5. A book can be used as a weapon (for self-defense or attack).
cmpl-4zrXkWn3QroeYera2G3vBEECCSUZR,book,1. A book can be used as a doorstop.
cmpl-4zrXkWn3QroeYera2G3vBEECCSUZR,book,2. A book can be used as a paperweight.
cmpl-4zrXkWn3QroeYera2G3vBEECCSUZR,book,3. A book can be used to prop up a wobbly table leg.
cmpl-4zrXkWn3QroeYera2G3vBEECCSUZR,book,4. A book can be used to make a small shelf or ledge.
cmpl-4zrXkWn3QroeYera2G3vBEECCSUZR,book,5. A book can be used to hold open a window or door.
cmpl-4zrXnYW4L6EpsvEUL9J88oKsjzqy7,book,1. A book can be used as a doorstop.
cmpl-4zrXnYW4L6EpsvEUL9J88oKsjzqy7,book,2. A book can be used to level a table or shelf.
cmpl-4zrXnYW4L6EpsvEUL9J88oKsjzqy7,book,3. A book can be used as a paperweight.
cmpl-4zrXnYW4L6EpsvEUL9J88oKsjzqy7,book,4. A book can be used to make a impromptu stool or chair.
cmpl-4zrXnYW4L6EpsvEUL9J88oKsjzqy7,book,5. A book can be used in place of a cutting board when slicing vegetables or meat.
cmpl-4zrXsIbRn4NTwafnBiFtZpy7tUdHA,book,1. A book can be used as a doorstop.
cmpl-4zrXsIbRn4NTwafnBiFtZpy7tUdHA,book,2. A book can be used to keep a table level.
cmpl-4zrXsIbRn4NTwafnBiFtZpy7tUdHA,book,3. A book can be used to make a paperweight.
cmpl-4zrXsIbRn4NTwafnBiFtZpy7tUdHA,book,4. A book can be used as a coaster for hot drinks.
cmpl-4zrXsIbRn4NTwafnBiFtZpy7tUdHA,book,5. A book can be used to hold open a window or door.
cmpl-4zrXwohDOcU3F1Hq56ynSVY02H2j0,book,1. A book can be used as a doorstop.
cmpl-4zrXwohDOcU3F1Hq56ynSVY02H2j0,book,2. A book can be used to start a fire in an emergency situation.
cmpl-4zrXwohDOcU3F1Hq56ynSVY02H2j0,book,3. A book can be used as a coaster for your beverage.
cmpl-4zrXwohDOcU3F1Hq56ynSVY02H2j0,book,4. A book can be used to level a table or surface.
cmpl-4zrXwohDOcU3F1Hq56ynSVY02H2j0,book,5. A book can be used as decoration on a shelf or mantelpiece.
cmpl-4zrY03WpMeCA0AmJeADkzuTSPggZW,book,1) A book can be used as a doorstop.
cmpl-4zrY03WpMeCA0AmJeADkzuTSPggZW,book,2) A book can be used to start a fire.
cmpl-4zrY03WpMeCA0AmJeADkzuTSPggZW,book,3) A book can be used to prop up a table.
cmpl-4zrY03WpMeCA0AmJeADkzuTSPggZW,book,4) A book can be used as a paperweight.
cmpl-4zrY03WpMeCA0AmJeADkzuTSPggZW,book,5) A book can be used to hold open a window.
cmpl-4zrY03WpMeCA0AmJeADkzuTSPggZW,book,6) A book can be used to make a paper
cmpl-4zrY43R3rQ3No2WeD92L3z2neSrOb,book,1. A book can be used as a doorstop.
cmpl-4zrY43R3rQ3No2WeD92L3z2neSrOb,book,2. A book can be used to level a table or shelf.
cmpl-4zrY43R3rQ3No2WeD92L3z2neSrOb,book,3. A book can be used as a paperweight.
cmpl-4zrY43R3rQ3No2WeD92L3z2neSrOb,book,4. A book can be used to make a collage or scrapbook.
cmpl-4zrY43R3rQ3No2WeD92L3z2neSrOb,book,5. A book can be used as kindling for a fire.
cmpl-4zrY7biIuR673z5KZea1gP4gUMbXw,book,1. A book can be used as a doorstop.
cmpl-4zrY7biIuR673z5KZea1gP4gUMbXw,book,2. A book can be used to level a table or other surface.
cmpl-4zrY7biIuR673z5KZea1gP4gUMbXw,book,3. A book can be used to prop up a wobbly chair or couch.
cmpl-4zrY7biIuR673z5KZea1gP4gUMbXw,book,4. A book can be used as a paperweight.
cmpl-4zrY7biIuR673z5KZea1gP4gUMbXw,book,5. A book can be used as a door stop in an open doorway to help
cmpl-4zrYCltQ18NBmTUndQEolfNeRJhmu,book,1. A book can be used as a doorstop.
cmpl-4zrYCltQ18NBmTUndQEolfNeRJhmu,book,2. A book can be used to level a table or shelf.
cmpl-4zrYCltQ18NBmTUndQEolfNeRJhmu,book,3. A book can be used as a paperweight.
cmpl-4zrYCltQ18NBmTUndQEolfNeRJhmu,book,4. A book can be used to keep papers from blowing away in the wind.
cmpl-4zrYCltQ18NBmTUndQEolfNeRJhmu,book,5. A book can be used to make a small step stool.
cmpl-4zrYH49qGBQRZzNi4eQHpNxlQUABG,book,1. A book can be used as a doorstop.
cmpl-4zrYH49qGBQRZzNi4eQHpNxlQUABG,book,2. A book can be used to prop up a wobbly table.
cmpl-4zrYH49qGBQRZzNi4eQHpNxlQUABG,book,3. A book can be used to make a paper airplane.
cmpl-4zrYH49qGBQRZzNi4eQHpNxlQUABG,book,4. A book can be used as kindling for a fire.
cmpl-4zrYH49qGBQRZzNi4eQHpNxlQUABG,book,5. A book can be used to absorb spilled liquid.
cmpl-4zrYH49qGBQRZzNi4eQHpNxlQUABG,book,6. A collection of books
cmpl-4zrYM3srgr0AI600HuaSfbe20ECSu,book,A book can be used as A door stop.
cmpl-4zrYM3srgr0AI600HuaSfbe20ECSu,book,A book can be used to level A table.
cmpl-4zrYM3srgr0AI600HuaSfbe20ECSu,book,A book can be used to prop up A wobbly chair.
cmpl-4zrYM3srgr0AI600HuaSfbe20ECSu,book,A book can be used as A paperweight.
cmpl-4zrYM3srgr0AI600HuaSfbe20ECSu,book,A book can be used to make A small stool or side table.
cmpl-4zrYM3srgr0AI600HuaSfbe20ECSu,book,A book can be cut in half and the
cmpl-4zrYSw9ZuzkGoOZpvQWkzfHkJCPVP,book,1. A book can be used as a doorstop.
cmpl-4zrYSw9ZuzkGoOZpvQWkzfHkJCPVP,book,2. A book can be used to level a table or chair.
cmpl-4zrYSw9ZuzkGoOZpvQWkzfHkJCPVP,book,3. A book can be used as a paperweight.
cmpl-4zrYSw9ZuzkGoOZpvQWkzfHkJCPVP,book,4. A book can be used to prop open a window.
cmpl-4zrYSw9ZuzkGoOZpvQWkzfHkJCPVP,book,5. A book can be used as a coaster for a hot beverage.
cmpl-4zrYSw9ZuzkGoOZpvQWkzfHkJCPVP,book,6. A book can be used
cmpl-4zrYYESZQhEvKOpsl2Y3ne59QvPUs,book,1. A book can be used as a doorstop.
cmpl-4zrYYESZQhEvKOpsl2Y3ne59QvPUs,book,2. A book can be used to level a table or chair.
cmpl-4zrYYESZQhEvKOpsl2Y3ne59QvPUs,book,3. A book can be used as a paperweight.
cmpl-4zrYYESZQhEvKOpsl2Y3ne59QvPUs,book,4. A book can be used to prop up a wobbly leg on a piece of furniture.
cmpl-4zrYYESZQhEvKOpsl2Y3ne59QvPUs,book,5. A book can be used as fuel for a fire.
cmpl-4zrYcXgHic5zBGK8skxbt7IwK8Ok2,book,1. A book can be used as a door stop.
cmpl-4zrYcXgHic5zBGK8skxbt7IwK8Ok2,book,2. A book can be used to level a table or shelf.
cmpl-4zrYcXgHic5zBGK8skxbt7IwK8Ok2,book,3. A book can be used to prop up a wobbly chair or table leg.
cmpl-4zrYcXgHic5zBGK8skxbt7IwK8Ok2,book,4. A book can be used as a paperweight.
cmpl-4zrYcXgHic5zBGK8skxbt7IwK8Ok2,book,5. A book can be used to smash spiders or other bugs.
cmpl-4zrYhuBnwno40N3NzfKumie34U6k8,book,1. A book can be used as a doorstop.
cmpl-4zrYhuBnwno40N3NzfKumie34U6k8,book,2. A book can be used to level a table or chair.
cmpl-4zrYhuBnwno40N3NzfKumie34U6k8,book,3. A book can be used as a paperweight.
cmpl-4zrYhuBnwno40N3NzfKumie34U6k8,book,4. A book can be used to prop up a wobbly table leg.
cmpl-4zrYhuBnwno40N3NzfKumie34U6k8,book,5. A book can be used as kindling for a fire.
cmpl-4zrYkCsqHkasbROCFVWUUjNxTKWA5,book,1. Make a book into a lampshade.
cmpl-4zrYkCsqHkasbROCFVWUUjNxTKWA5,book,2. Turn a book into a clock by gluing numbers to the cover and attaching hands.
cmpl-4zrYkCsqHkasbROCFVWUUjNxTKWA5,book,3. Create a sculpture or collage by decoupaging old book pages onto an object.
cmpl-4zrYkCsqHkasbROCFVWUUjNxTKWA5,book,4. Make coasters out ofbook pages sealed with mod podge. 
cmpl-4zrYkCsqHkasbROCFVWUUjNxTKWA5,book,5. Fold the pages of an old book
cmpl-4zrYpCuQ5hsc5BzfI4p1eiCINiTKw,book,1. A book can be used as a doorstop.
cmpl-4zrYpCuQ5hsc5BzfI4p1eiCINiTKw,book,2. A book can be used to level a table or shelf.
cmpl-4zrYpCuQ5hsc5BzfI4p1eiCINiTKw,book,3. A book can be used as a paperweight.
cmpl-4zrYpCuQ5hsc5BzfI4p1eiCINiTKw,book,4. A book can be used to make a collage or sculpture.
cmpl-4zrYpCuQ5hsc5BzfI4p1eiCINiTKw,book,5. A book can be used as fuel for a fire.
cmpl-4zrYpCuQ5hsc5BzfI4p1eiCINiTKw,book,6. A book can be used
cmpl-4zrYsthVkMmBWLB5euet6UOY3DuCE,book,1. A book can be used as a door stop.
cmpl-4zrYsthVkMmBWLB5euet6UOY3DuCE,book,2. A book can be used to balance a wobbly table.
cmpl-4zrYsthVkMmBWLB5euet6UOY3DuCE,book,3. A book can be used as a paperweight.
cmpl-4zrYsthVkMmBWLB5euet6UOY3DuCE,book,4. A book can be used to prop up a wonky picture frame.
cmpl-4zrYsthVkMmBWLB5euet6UOY3DuCE,book,5. A book can be used to make a small stool more comfortable.
cmpl-4zrYvKNbYe9QLba3L9kPiyeRSNAdt,book,1. A book can be used as a doorstop.
cmpl-4zrYvKNbYe9QLba3L9kPiyeRSNAdt,book,2. A book can be used to prop up a wobbly table.
cmpl-4zrYvKNbYe9QLba3L9kPiyeRSNAdt,book,3. A book can be used as a coaster for your cold beverage.
cmpl-4zrYvKNbYe9QLba3L9kPiyeRSNAdt,book,4. A book can be used to hold open a window.
cmpl-4zrYvKNbYe9QLba3L9kPiyeRSNAdt,book,5. A book can serve as a paperweight on your desk.
cmpl-4zrYzrBuvP3imgFgz5iKgDWoCMvF2,book,1. Make a book into a clock by attaching clock hands to the cover.
cmpl-4zrYzrBuvP3imgFgz5iKgDWoCMvF2,book,2. Turn a book into a secret hiding place by cutting out a square hole in the center of the pages.
cmpl-4zrYzrBuvP3imgFgz5iKgDWoCMvF2,book,3. Use an old book as decoration by stacking it on top of other books or placing it in an empty frame.
cmpl-4zrYzrBuvP3imgFgz5iKgDWoCMvF2,book,4. Repurpose a hardcover book into a photo
cmpl-4zrZ42wRutcDFNibsKTG97iSLThCM,book,1. A book can be used as a doorstop.
cmpl-4zrZ42wRutcDFNibsKTG97iSLThCM,book,2. A book can be used to level a table.
cmpl-4zrZ42wRutcDFNibsKTG97iSLThCM,book,3. A book can be used to prop up a wobbly chair.
cmpl-4zrZ42wRutcDFNibsKTG97iSLThCM,book,4. A book can be used as a paperweight.
cmpl-4zrZ42wRutcDFNibsKTG97iSLThCM,book,5. A book can be used to make a paper mâché mask or sculpture.
cmpl-4zrZ6iqXWuJnn7X7Ou7Up61L217rn,book,1. A book can be used as a doorstop.
cmpl-4zrZ6iqXWuJnn7X7Ou7Up61L217rn,book,2. A book can be used to start a fire.
cmpl-4zrZ6iqXWuJnn7X7Ou7Up61L217rn,book,3. A book can be used as a coaster for your drink.
cmpl-4zrZ6iqXWuJnn7X7Ou7Up61L217rn,book,4. A book can be used to prop up a table or shelf.
cmpl-4zrZ6iqXWuJnn7X7Ou7Up61L217rn,book,5. A book can be cut up and made into paper airplanes or origami shapes.
cmpl-4zrZAUmJ0wliAvLrrK2j6rzVmvpKC,book,1. A book can be used as a doorstop.
cmpl-4zrZAUmJ0wliAvLrrK2j6rzVmvpKC,book,2. A book can be used to level a table or piece of furniture.
cmpl-4zrZAUmJ0wliAvLrrK2j6rzVmvpKC,book,3. A book can be used as a paperweight.
cmpl-4zrZAUmJ0wliAvLrrK2j6rzVmvpKC,book,4. A book can be used to decorate a room or shelf.
cmpl-4zrZAUmJ0wliAvLrrK2j6rzVmvpKC,book,5. A book can be used as part of a centerpieces for a party or event.
cmpl-4zrZF2zTP1YbQKy7UTpONmDqWXo46,book,1. A book can be used as a doorstop.
cmpl-4zrZF2zTP1YbQKy7UTpONmDqWXo46,book,2. A book can be used to level a table or other surface.
cmpl-4zrZF2zTP1YbQKy7UTpONmDqWXo46,book,3. A book can be used to prop open a window.
cmpl-4zrZF2zTP1YbQKy7UTpONmDqWXo46,book,4. A book can be used as a coaster for a hot beverage.
cmpl-4zrZF2zTP1YbQKy7UTpONmDqWXo46,book,5. A book can be used as a weight to hold down papers or other materials.
cmpl-4zrZJMEPvTCpbwtqgGBNie7DjeQCO,fork,1. Use it as a back scratcher.
cmpl-4zrZJMEPvTCpbwtqgGBNie7DjeQCO,fork,2. Use it to pick up small items like coins or beads.
cmpl-4zrZJMEPvTCpbwtqgGBNie7DjeQCO,fork,3. Use it as a hairpin or hair tie.
cmpl-4zrZJMEPvTCpbwtqgGBNie7DjeQCO,fork,4. Turn it into a miniature shovel for potted plants.
cmpl-4zrZJMEPvTCpbwtqgGBNie7DjeQCO,fork,5. Stick it in the ground to mark your spot in a park
cmpl-4zrZNd7OIfqxjARAb99vs1sxpMxRI,fork,1. A fork can be used as a back scratcher.
cmpl-4zrZNd7OIfqxjARAb99vs1sxpMxRI,fork,2. A fork can be used to pick up small items like rice or beans.
cmpl-4zrZNd7OIfqxjARAb99vs1sxpMxRI,fork,3. A fork can be used to apply makeup such as lip gloss or mascara.
cmpl-4zrZNd7OIfqxjARAb99vs1sxpMxRI,fork,4. A fork can be used to clean dirt and grime out of small crevices and corners.
cmpl-4zrZSDPDs3Az2uXgUA9QLBOn42eMw,fork,1) A fork can be used to eat food.
cmpl-4zrZSDPDs3Az2uXgUA9QLBOn42eMw,fork,2) A fork can be used to hold food while cutting it with a knife.
cmpl-4zrZSDPDs3Az2uXgUA9QLBOn42eMw,fork,3) A fork can be used to spear food.
cmpl-4zrZSDPDs3Az2uXgUA9QLBOn42eMw,fork,4) A fork can be used to pick up food that has fallen on the floor.
cmpl-4zrZSDPDs3Az2uXgUA9QLBOn42eMw,fork,5) A fork can be used as a back scratcher.
cmpl-4zrZWebxU7t3KID75VgorICiQ98tS,fork,1. A fork can be used as a back scratcher.
cmpl-4zrZWebxU7t3KID75VgorICiQ98tS,fork,2. A fork can be used to comb your hair.
cmpl-4zrZWebxU7t3KID75VgorICiQ98tS,fork,3. A fork can be used as a toothpick.
cmpl-4zrZWebxU7t3KID75VgorICiQ98tS,fork,4. A fork can be used to scrape dirt off your shoes.
cmpl-4zrZWebxU7t3KID75VgorICiQ98tS,fork,5. A fork can be used to pick up small objects like paperclips or beads.
cmpl-4zrZY4nYblpqmzHy9W3YWvhChz4N6,fork,1. A fork can be used as a toothpick.
cmpl-4zrZY4nYblpqmzHy9W3YWvhChz4N6,fork,2. A fork can be used to make small holes in fabric so that you can thread ribbon or string through it to create decorations.
cmpl-4zrZY4nYblpqmzHy9W3YWvhChz4N6,fork,3. A fork can be used as a makeshift chopsticks when eating rice or noodles.
cmpl-4zrZY4nYblpqmzHy9W3YWvhChz4N6,fork,4. A fork can be used to play the steel pan drums.
cmpl-4zrZdUvDG0St0SuFktOwf4gs47zNp,fork,1. A fork can be used as a hairpin.
cmpl-4zrZdUvDG0St0SuFktOwf4gs47zNp,fork,2. A fork can be used as a toothpick.
cmpl-4zrZdUvDG0St0SuFktOwf4gs47zNp,fork,3. A fork can be used to remove splinters.
cmpl-4zrZdUvDG0St0SuFktOwf4gs47zNp,fork,4. A fork can be used to clean under your fingernails.
cmpl-4zrZdUvDG0St0SuFktOwf4gs47zNp,fork,5. A fork can double as a chopstick holder. 
cmpl-4zrZdUvDG0St0SuFktOwf4gs47zNp,fork,6. Use the tines of a fork
cmpl-4zrZhgIyBhnNWABiT0OfdrsodCcvI,fork,1. Use a fork to eat soup without making a mess.
cmpl-4zrZhgIyBhnNWABiT0OfdrsodCcvI,fork,2. Use a fork to eat spaghetti without making a mess.
cmpl-4zrZhgIyBhnNWABiT0OfdrsodCcvI,fork,3. Use a fork to eat salad without making a mess.
cmpl-4zrZhgIyBhnNWABiT0OfdrsodCcvI,fork,4. Use a fork as a makeshift spoon if you don't have one handy.
cmpl-4zrZhgIyBhnNWABiT0OfdrsodCcvI,fork,5. use two forks stuck together tine-side out to make impromptu chopsticks
cmpl-4zrZjikiz5Bp8OUolwkQmV6EoHVfC,fork,1. Eat like a king or queen with your very own fork!
cmpl-4zrZjikiz5Bp8OUolwkQmV6EoHVfC,fork,2. Use it as a bookmark!
cmpl-4zrZjikiz5Bp8OUolwkQmV6EoHVfC,fork,3. Give your pet cat or dog a bath with the help of your trusty fork.
cmpl-4zrZjikiz5Bp8OUolwkQmV6EoHVfC,fork,4. Get rid of pesky bugs in your home by shooing them away with a fork.
cmpl-4zrZjikiz5Bp8OUolwkQmV6EoHVfC,fork,5. Cook up a storm in the kitchen with some assistance from
cmpl-4zrZn3pRQCA9tRNajvLHknkm5sC1K,fork,1. Using a fork to eat spaghetti instead of a spoon.
cmpl-4zrZn3pRQCA9tRNajvLHknkm5sC1K,fork,2. Using a fork to apply makeup instead of a brush.
cmpl-4zrZn3pRQCA9tRNajvLHknkm5sC1K,fork,3. Using a fork as a back scratcher.
cmpl-4zrZn3pRQCA9tRNajvLHknkm5sC1K,fork,4. Using a fork to play the violin.
cmpl-4zrZn3pRQCA9tRNajvLHknkm5sC1K,fork,5. Using a fork to open bottles or cans.
cmpl-4zrZn3pRQCA9tRNajvLHknkm5sC1K,fork,6. Using forks as chopsticks.
cmpl-4zrZn3pRQCA9tRNajvLHknkm5sC1K,fork,7. Creating art with
cmpl-4zrZqhtBWfKrFwRr3cP7sCW8d8PYm,fork,1. A fork can be used as a back scratcher.
cmpl-4zrZqhtBWfKrFwRr3cP7sCW8d8PYm,fork,2. A fork can be used to play the xylophone.
cmpl-4zrZqhtBWfKrFwRr3cP7sCW8d8PYm,fork,3. A fork can be used as a toothpick.
cmpl-4zrZqhtBWfKrFwRr3cP7sCW8d8PYm,fork,4. If you put a rubber band around the tines of a fork it becomes a mini-trampoline for ants or other small insects.
cmpl-4zrZvmychPlDCIbEldT5F8zqS2hVa,fork,1. A fork can be used as a back scratcher.
cmpl-4zrZvmychPlDCIbEldT5F8zqS2hVa,fork,2. A fork can be used to pick up food that is out of reach.
cmpl-4zrZvmychPlDCIbEldT5F8zqS2hVa,fork,3. A fork can be used to comb your hair.
cmpl-4zrZvmychPlDCIbEldT5F8zqS2hVa,fork,4. A fork can be used to apply makeup.
cmpl-4zrZvmychPlDCIbEldT5F8zqS2hVa,fork,5. A fork can be used as a toothpick.
cmpl-4zra0z5F57t7Ygw0bm05szm3Hl5yd,fork,1. Use a fork to eat food off of a plate
cmpl-4zra0z5F57t7Ygw0bm05szm3Hl5yd,fork,2. Stick a fork in a electrical outlet to see if it is still working
cmpl-4zra0z5F57t7Ygw0bm05szm3Hl5yd,fork,3. Use a fork as a back scratcher 
cmpl-4zra0z5F57t7Ygw0bm05szm3Hl5yd,fork,4. Hold a fork up to the light to see if it is bent 
cmpl-4zra0z5F57t7Ygw0bm05szm3Hl5yd,fork,5. Try to balance a fork on its end 
cmpl-4zra4atJ3XarPjkJspnVq87V10M79,fork,1. Use a fork to play the xylophone.
cmpl-4zra4atJ3XarPjkJspnVq87V10M79,fork,2. Use a fork as a back scratcher.
cmpl-4zra4atJ3XarPjkJspnVq87V10M79,fork,3. Use a fork to measure ingredients when cooking.
cmpl-4zra4atJ3XarPjkJspnVq87V10M79,fork,4. Use a fork as a toothpick.
cmpl-4zra4atJ3XarPjkJspnVq87V10M79,fork,5. Curl your hair with a fork.
cmpl-4zra4atJ3XarPjkJspnVq87V10M79,fork,6. Make music with forks and spoons by banging them together or on surfaces like tables and
cmpl-4zra7PJ3V7WlDovz4p2SWxDhYNZL4,fork,1. Use a fork to curl your hair.
cmpl-4zra7PJ3V7WlDovz4p2SWxDhYNZL4,fork,2. Use a fork to apply makeup.
cmpl-4zra7PJ3V7WlDovz4p2SWxDhYNZL4,fork,3. Use a fork to eat ice cream.
cmpl-4zra7PJ3V7WlDovz4p2SWxDhYNZL4,fork,4. Use a fork to clean your teeth.
cmpl-4zra7PJ3V7WlDovz4p2SWxDhYNZL4,fork,5. Use a fork to brush your hair.
cmpl-4zra7PJ3V7WlDovz4p2SWxDhYNZL4,fork,6. Use a fork to pick up food that's fallen on the floor.
cmpl-4zra7PJ3V7WlDovz4p2SWxDhYNZL4,fork,7. Use a fork to open something
cmpl-4zraCg6Ph8xSbK0yjXAdPnidD11ay,fork,1. Use a fork to eat a cupcake without getting your hands messy.
cmpl-4zraCg6Ph8xSbK0yjXAdPnidD11ay,fork,2. Stick a fork in an electrical outlet to see if it's still working.
cmpl-4zraCg6Ph8xSbK0yjXAdPnidD11ay,fork,3. Use a fork to comb your hair.
cmpl-4zraCg6Ph8xSbK0yjXAdPnidD11ay,fork,4. Use a fork as a toothpick.
cmpl-4zraCg6Ph8xSbK0yjXAdPnidD11ay,fork,5. Stick a fork in the ground to mark your spot in line.
cmpl-4zraGctlemkCLq7TdhINVy0S5X0JP,fork,1. Fork art: Create fun designs and shapes using a fork as your paintbrush!
cmpl-4zraGctlemkCLq7TdhINVy0S5X0JP,fork,2. Use a fork to curl your hair – no curlers necessary!
cmpl-4zraGctlemkCLq7TdhINVy0S5X0JP,fork,3. Make music with your fork: tap it against different surfaces to create unique sounds.
cmpl-4zraGctlemkCLq7TdhINVy0S5X0JP,fork,4. Keep your drink cold by freezing a few forks and adding them to your glass.
cmpl-4zraM64Ja1WKyyzHnRS2C1x6wvtM1,fork,1. Use a fork to eat soup instead of a spoon.
cmpl-4zraM64Ja1WKyyzHnRS2C1x6wvtM1,fork,2. Use a fork to apply makeup instead of a brush.
cmpl-4zraM64Ja1WKyyzHnRS2C1x6wvtM1,fork,3. Use a fork as a toothpick.
cmpl-4zraM64Ja1WKyyzHnRS2C1x6wvtM1,fork,4. Use a fork to scratch an itch you can't reach.
cmpl-4zraM64Ja1WKyyzHnRS2C1x6wvtM1,fork,5. Use a fork to play the piano (if the keys are big enough!).
cmpl-4zraQmDGIEyFg7seTG2WjAuWnieHS,fork,1. Eat cereal with a fork instead of a spoon.
cmpl-4zraQmDGIEyFg7seTG2WjAuWnieHS,fork,2. Use a fork to play fetch with your dog.
cmpl-4zraQmDGIEyFg7seTG2WjAuWnieHS,fork,3. Use a fork as a bookmark in your favorite book.
cmpl-4zraQmDGIEyFg7seTG2WjAuWnieHS,fork,4. Keep track of your keys by hanging them on a fork.
cmpl-4zraQmDGIEyFg7seTG2WjAuWnieHS,fork,5. Use a fork to open up tightly sealed jars.
cmpl-4zraQmDGIEyFg7seTG2WjAuWnieHS,fork,6. Sift flour by using a fork instead
cmpl-4zraUifPUfrYanvkLcAzlKBfY459v,fork,1. Use a fork to eat soup instead of a spoon.
cmpl-4zraUifPUfrYanvkLcAzlKBfY459v,fork,2. Use a fork to play the piano.
cmpl-4zraUifPUfrYanvkLcAzlKBfY459v,fork,3. Use a fork to brush your teeth.
cmpl-4zraUifPUfrYanvkLcAzlKBfY459v,fork,4. Use a fork to comb your hair.
cmpl-4zraUifPUfrYanvkLcAzlKBfY459v,fork,5. Use a fork as a bookmark in your book.
cmpl-4zraUifPUfrYanvkLcAzlKBfY459v,fork,6. Stick forks in the ground to make a garden fence or trellis for climbing
cmpl-4zraZpLyhHci56f4QhgT4B7SmCvrt,fork,1. Use a fork to curl your hair.
cmpl-4zraZpLyhHci56f4QhgT4B7SmCvrt,fork,2. Use a fork to eat soup without getting your hands dirty. 
cmpl-4zraZpLyhHci56f4QhgT4B7SmCvrt,fork,3. Stick a fork in an electrical outlet to see if it’s still working. 
cmpl-4zraZpLyhHci56f4QhgT4B7SmCvrt,fork,4. Hold a fork by the tines and use the handle to hammer in nails.
cmpl-4zraZpLyhHci56f4QhgT4B7SmCvrt,fork,5. Place a fork in between the door and door
cmpl-4zrad3UgMywrIHWm2sISmtf8VYQgP,fork,1. A fork can be used to eat food.
cmpl-4zrad3UgMywrIHWm2sISmtf8VYQgP,fork,2. A fork can be used as a utensil to cook food.
cmpl-4zrad3UgMywrIHWm2sISmtf8VYQgP,fork,3. A fork can be used to serve food.
cmpl-4zrad3UgMywrIHWm2sISmtf8VYQgP,fork,4. A fork can be used as a tool to eat difficult foods such as lobster or steak.
cmpl-4zrad3UgMywrIHWm2sISmtf8VYQgP,fork,5. A fork can be used to play musical instruments such as the violin or
cmpl-4zrahdwzmeu6wqCXH9mwDInKMIiDX,fork,1. Eating soup
cmpl-4zrahdwzmeu6wqCXH9mwDInKMIiDX,fork,2. Holding up a table
cmpl-4zrahdwzmeu6wqCXH9mwDInKMIiDX,fork,3. Using as a hairbrush
cmpl-4zrahdwzmeu6wqCXH9mwDInKMIiDX,fork,4. Wearing as a necklace
cmpl-4zrahdwzmeu6wqCXH9mwDInKMIiDX,fork,5. Building a fort
cmpl-4zrahdwzmeu6wqCXH9mwDInKMIiDX,fork,6. Pretending to be a telephone
cmpl-4zrahdwzmeu6wqCXH9mwDInKMIiDX,fork,7. Using as chopsticks
cmpl-4zrahdwzmeu6wqCXH9mwDInKMIiDX,fork,8. Making music with it 
cmpl-4zrahdwzmeu6wqCXH9mwDInKMIiDX,fork,9. Digging in the sand
cmpl-4zrakJLlAzMdyKNNYUGLwDUYw1gGV,fork,1. A fork can be used as a hairpin.
cmpl-4zrakJLlAzMdyKNNYUGLwDUYw1gGV,fork,2. A fork can be used to eat soup.
cmpl-4zrakJLlAzMdyKNNYUGLwDUYw1gGV,fork,3. A fork can be used as a back scratcher.
cmpl-4zrakJLlAzMdyKNNYUGLwDUYw1gGV,fork,4. A fork can be used to pick up food that has fallen on the floor.
cmpl-4zrakJLlAzMdyKNNYUGLwDUYw1gGV,fork,5. A fork can be used to play the piano.
cmpl-4zraqw62ODEyAK2awfLKbL89Lp8B3,fork,1. Use a fork to eat soup.
cmpl-4zraqw62ODEyAK2awfLKbL89Lp8B3,fork,2. Stick a fork in a piece of fruit to eat it.
cmpl-4zraqw62ODEyAK2awfLKbL89Lp8B3,fork,3. Use a fork as a spoon when eating cereal or yogurt.
cmpl-4zraqw62ODEyAK2awfLKbL89Lp8B3,fork,4. Hold a fork like chopsticks to eat rice or noodles.
cmpl-4zraqw62ODEyAK2awfLKbL89Lp8B3,fork,5. Stick a fork in your hair to hold it back while you're cooking.
cmpl-4zratgs7BTfghucjtwvLdg3h5Ktcj,fork,1. Use a fork to comb your hair.
cmpl-4zratgs7BTfghucjtwvLdg3h5Ktcj,fork,2. Use a fork to apply makeup.
cmpl-4zratgs7BTfghucjtwvLdg3h5Ktcj,fork,3. Use a fork as a toothpick.
cmpl-4zratgs7BTfghucjtwvLdg3h5Ktcj,fork,4. Stick a fork in an electrical outlet to see if it's still working.
cmpl-4zratgs7BTfghucjtwvLdg3h5Ktcj,fork,5. Hold a fork by the tines and use the handle as a drumstick.
cmpl-4zratgs7BTfghucjtwvLdg3h5Ktcj,fork,6. Place a fork in front of a
cmpl-4zrawJ9oDldEBthK2vgZupbmFMm4H,fork,1. Use a fork to fluff up your hair for a quick and easy hairstyle.
cmpl-4zrawJ9oDldEBthK2vgZupbmFMm4H,fork,2. Stick a fork in an electrical outlet to see if it's still working.
cmpl-4zrawJ9oDldEBthK2vgZupbmFMm4H,fork,3. Use a fork as a bookmark in your favorite book.
cmpl-4zrawJ9oDldEBthK2vgZupbmFMm4H,fork,4. Straighten out a bent fork with another fork.
cmpl-4zrawJ9oDldEBthK2vgZupbmFMm4H,fork,5. Curl your lashes with a clean fork tine for
cmpl-4zrb0QXXrFMPbzffB0TG92HVogg3y,fork,1. A fork can be used as a back scratcher.
cmpl-4zrb0QXXrFMPbzffB0TG92HVogg3y,fork,2. A fork can be used as a toothpick.
cmpl-4zrb0QXXrFMPbzffB0TG92HVogg3y,fork,3. A fork can be used to remove splinters.
cmpl-4zrb0QXXrFMPbzffB0TG92HVogg3y,fork,4. A fork can be used to apply makeup.
cmpl-4zrb0QXXrFMPbzffB0TG92HVogg3y,fork,5. A fork can be used to comb your hair.
cmpl-4zrb0QXXrFMPbzffB0TG92HVogg3y,fork,6. A fork can be used to open bottles and cans.
cmpl-4zrb4pbZjJzgQf6xbhicfC27UEn7l,fork,1. Drive nails into wood
cmpl-4zrb4pbZjJzgQf6xbhicfC27UEn7l,fork,2. Pick up food from a plate
cmpl-4zrb4pbZjJzgQf6xbhicfC27UEn7l,fork,3. Hold hair in place while braiding
cmpl-4zrb4pbZjJzgQf6xbhicfC27UEn7l,fork,4. Eat soup without making a mess
cmpl-4zrb4pbZjJzgQf6xbhicfC27UEn7l,fork,5. Dig in the dirt
cmpl-4zrb4pbZjJzgQf6xbhicfC27UEn7l,fork,6. Measure ingredients
cmpl-4zrb4pbZjJzgQf6xbhicfC27UEn7l,fork,7. Play the piano
cmpl-4zrb4pbZjJzgQf6xbhicfC27UEn7l,fork,8. Make a snow angel
cmpl-4zrb4pbZjJzgQf6xbhicfC27UEn7l,fork,9. Comb your hair
cmpl-4zrb7jeIL1TFrfKlWLLLftejtTyZb,fork,1. Forks can be used as impromptu toothpicks. Simply insert the tines of the fork into your teeth and give them a good cleaning.
cmpl-4zrb7jeIL1TFrfKlWLLLftejtTyZb,fork,2. If you're ever in a pinch and need to open a bottle of wine use a fork! Stick the fork into the cork and twist it until the cork pops out.
cmpl-4zrbDITGHAQhN1jsdlVUwpqxbMxvL,fork,1. A fork can be used to eat food.
cmpl-4zrbDITGHAQhN1jsdlVUwpqxbMxvL,fork,2. A fork can be used to pick up food that has fallen on the ground.
cmpl-4zrbDITGHAQhN1jsdlVUwpqxbMxvL,fork,3. A fork can be used to help cut food into smaller pieces.
cmpl-4zrbDITGHAQhN1jsdlVUwpqxbMxvL,fork,4. A fork can be used as a shovel to scoop up food onto your plate.
cmpl-4zrbDITGHAQhN1jsdlVUwpqxbMxvL,fork,5. A fork can be used as a projectile in a
cmpl-4zrbJ1ywGvexOFDxf6gmBhbuPPecR,tin can,1. A Tin Can Telephone: This is a classic use for a tin can  and one that has been around for generations. All you need are two tin cans  some string  and something to punch holes in the bottom of the cans (a nail or a sharp object). Once you have your materials    simply tie the string between the two cans  making sure that the string is tight
cmpl-4zrbN3psnyAw89kktoFkUMgimFZjc,tin can,1. A tin can could be used as a vase for flowers.
cmpl-4zrbN3psnyAw89kktoFkUMgimFZjc,tin can,2. It could be used as a pen holder on a desk.
cmpl-4zrbN3psnyAw89kktoFkUMgimFZjc,tin can,3. A tin can could be used to store loose change.
cmpl-4zrbN3psnyAw89kktoFkUMgimFZjc,tin can,4. It could be used to hold toothpicks on a counter top.
cmpl-4zrbN3psnyAw89kktoFkUMgimFZjc,tin can,5. A tin can might be used as a planter for small plants or
cmpl-4zrbRsbIaGxBqfOccYpoUD0CMO0xl,tin can,1. A tin can telephone
cmpl-4zrbRsbIaGxBqfOccYpoUD0CMO0xl,tin can,2. A candle holder
cmpl-4zrbRsbIaGxBqfOccYpoUD0CMO0xl,tin can,3. A pen/pencil holder
cmpl-4zrbRsbIaGxBqfOccYpoUD0CMO0xl,tin can,4. A vase
cmpl-4zrbRsbIaGxBqfOccYpoUD0CMO0xl,tin can,5. A bird feeder
cmpl-4zrbRsbIaGxBqfOccYpoUD0CMO0xl,tin can,6. A planter
cmpl-4zrbRsbIaGxBqfOccYpoUD0CMO0xl,tin can,7.A wind chime 
cmpl-4zrbRsbIaGxBqfOccYpoUD0CMO0xl,tin can,8.A homemade musical instrument 
cmpl-4zrbRsbIaGxBqfOccYpoUD0CMO0xl,tin can,9.A storage container
cmpl-4zrbTqtxt7KQ7CDXrryUu5jgWJ69a,tin can,1. A tin can can be used as a vase.
cmpl-4zrbTqtxt7KQ7CDXrryUu5jgWJ69a,tin can,2. A tin can can be used as a planter.
cmpl-4zrbTqtxt7KQ7CDXrryUu5jgWJ69a,tin can,3. A tin can can be used to hold pens and pencils.
cmpl-4zrbTqtxt7KQ7CDXrryUu5jgWJ69a,tin can,4. A tin can can be used as a coin bank.
cmpl-4zrbTqtxt7KQ7CDXrryUu5jgWJ69a,tin can,5. A tin can can be used as a candle holder.
cmpl-4zrbYEeeRyYskiBlOLBZdW7zFQkf8,tin can,1. A tin can can be used as a vase for flowers.
cmpl-4zrbYEeeRyYskiBlOLBZdW7zFQkf8,tin can,2. It can be used as a candle holder.
cmpl-4zrbYEeeRyYskiBlOLBZdW7zFQkf8,tin can,3. A tin can can be used to store small items such as buttons  beads  and other craft supplies.
cmpl-4zrbYEeeRyYskiBlOLBZdW7zFQkf8,tin can,4. It makes a great piggy bank!
cmpl-4zrbYEeeRyYskiBlOLBZdW7zFQkf8,tin can,5. A tin can can be used as a planter for small plants
cmpl-4zrbcJSjnrQGQryl58b1WsAPwo0An,tin can,A tin can be used as A small planter for succulents or cacti.
cmpl-4zrbcJSjnrQGQryl58b1WsAPwo0An,tin can,A tin can be used as A pencil holder on A desk.
cmpl-4zrbcJSjnrQGQryl58b1WsAPwo0An,tin can,A tin can can be cut in half and used as salt and pepper shakers.
cmpl-4zrbcJSjnrQGQryl58b1WsAPwo0An,tin can,A tin can be used to hold paperclips or other small office supplies.
cmpl-4zrbcJSjnrQGQryl58b1WsAPwo0An,tin can,A tin can be painted
cmpl-4zrbgvVmZ78Tof0ZmGZSQtMyJiKFW,tin can,1. A tin can telephone
cmpl-4zrbgvVmZ78Tof0ZmGZSQtMyJiKFW,tin can,2. A tin can lantern
cmpl-4zrbgvVmZ78Tof0ZmGZSQtMyJiKFW,tin can,3. A plant pot
cmpl-4zrbgvVmZ78Tof0ZmGZSQtMyJiKFW,tin can,4. A vase
cmpl-4zrbgvVmZ78Tof0ZmGZSQtMyJiKFW,tin can,5. A bird feeder
cmpl-4zrbgvVmZ78Tof0ZmGZSQtMyJiKFW,tin can,6. An ashtray
cmpl-4zrbgvVmZ78Tof0ZmGZSQtMyJiKFW,tin can,7. A pencil holder
cmpl-4zrbgvVmZ78Tof0ZmGZSQtMyJiKFW,tin can,8. A paintbrush holder
cmpl-4zrbgvVmZ78Tof0ZmGZSQtMyJiKFW,tin can,9.A coin bank
cmpl-4zrbjCwsB0SqWvKxicy8LGk53flyr,tin can,1. A tin can can be used as a small planter for succulents or cacti.
cmpl-4zrbjCwsB0SqWvKxicy8LGk53flyr,tin can,2. Turn a tin can into a pencil holder by painting it and adding some fun embellishments.
cmpl-4zrbjCwsB0SqWvKxicy8LGk53flyr,tin can,3. Use a tin can to make your own mini piñata filled with candy or other treats.
cmpl-4zrbjCwsB0SqWvKxicy8LGk53flyr,tin can,4. Cut out stars from paper and glue them onto
cmpl-4zrboUMyMByxhbrNsfLQZLnzSQJGu,tin can,1. A tin can could be used as a vase for flowers.
cmpl-4zrboUMyMByxhbrNsfLQZLnzSQJGu,tin can,2. It could be used as a candle holder.
cmpl-4zrboUMyMByxhbrNsfLQZLnzSQJGu,tin can,3. It could be used to hold pencils or pens on a desk.
cmpl-4zrboUMyMByxhbrNsfLQZLnzSQJGu,tin can,4. It could be used to hold makeup brushes on a vanity.
cmpl-4zrboUMyMByxhbrNsfLQZLnzSQJGu,tin can,5. It could be used to store coins or other small items.
cmpl-4zrbtwe2uJcyLmGuEpGSsyDFGMDBA,tin can,A tin can be used as A coin bank.
cmpl-4zrbtwe2uJcyLmGuEpGSsyDFGMDBA,tin can,A tin can be used to store pencils and pens.
cmpl-4zrbtwe2uJcyLmGuEpGSsyDFGMDBA,tin can,A tin can be used as A vase for flowers.
cmpl-4zrbtwe2uJcyLmGuEpGSsyDFGMDBA,tin can,A tin can be used as A container for homemade candles.
cmpl-4zrbtwe2uJcyLmGuEpGSsyDFGMDBA,tin can,A tin can be used as A planter for small plants or herbs.
cmpl-4zrbwSX9olf2MYhbNdZkBNcAZCQil,tin can,1. Make a tin can telephone.
cmpl-4zrbwSX9olf2MYhbNdZkBNcAZCQil,tin can,2. Use it as a coin bank.
cmpl-4zrbwSX9olf2MYhbNdZkBNcAZCQil,tin can,3. Turn it into a vase or planter.
cmpl-4zrbwSX9olf2MYhbNdZkBNcAZCQil,tin can,4. Make a lantern out of it.
cmpl-4zrbwSX9olf2MYhbNdZkBNcAZCQil,tin can,5. Use it as part of a homemade wind chime or mobile.
cmpl-4zrbwSX9olf2MYhbNdZkBNcAZCQil,tin can,6. Decorate it and use it as a gift box or jewelry holder.
cmpl-4zrc1U1RBUdlbhTUgAPDFfMfYh1z4,tin can,A tin can can be used as A vase for flowers.
cmpl-4zrc1U1RBUdlbhTUgAPDFfMfYh1z5,tin can,A tin can can be used to hold pens and pencils.
cmpl-4zrc1U1RBUdlbhTUgAPDFfMfYh1z6,tin can,A tin can can be used as A coin bank.
cmpl-4zrc1U1RBUdlbhTUgAPDFfMfYh1z7,tin can,A tin can can be used to make A wind chime.
cmpl-4zrc1U1RBUdlbhTUgAPDFfMfYh1z8,tin can,A tin can can be used to make A candle holder.
cmpl-4zrc4u2VBu91FTQrKNvnOCHBqYgxm,tin can,1. A tin can telephone
cmpl-4zrc4u2VBu91FTQrKNvnOCHBqYgxm,tin can,2. A candle holder
cmpl-4zrc4u2VBu91FTQrKNvnOCHBqYgxm,tin can,3. A plant pot
cmpl-4zrc4u2VBu91FTQrKNvnOCHBqYgxm,tin can,4. A pencil holder
cmpl-4zrc4u2VBu91FTQrKNvnOCHBqYgxm,tin can,5. A coin bank
cmpl-4zrc4u2VBu91FTQrKNvnOCHBqYgxm,tin can,6. A picture frame
cmpl-4zrc4u2VBu91FTQrKNvnOCHBqYgxm,tin can,7.A vase 
cmpl-4zrc4u2VBu91FTQrKNvnOCHBqYgxm,tin can,8.A Travel mug 
cmpl-4zrc4u2VBu91FTQrKNvnOCHBqYgxm,tin can,9.A dog bowl
cmpl-4zrc9anerQX6gOQWAFSdOcaJv26D0,tin can,1. Make a candle holder by punching holes in the top and bottom of the can.
cmpl-4zrc9anerQX6gOQWAFSdOcaJv26D1,tin can,2. Turn it into a vase or planter.
cmpl-4zrc9anerQX6gOQWAFSdOcaJv26D2,tin can,3. Use it as a pencil holder on your desk.
cmpl-4zrc9anerQX6gOQWAFSdOcaJv26D3,tin can,4. Fill it with candy or other small treats and give it as a gift.
cmpl-4zrc9anerQX6gOQWAFSdOcaJv26D4,tin can,5. Decorate it and use it as part of a centerpiece or table
cmpl-4zrcEwWIXCAMPu5UuJbCdaDxuIBFC,tin can,1. A tin can telephone
cmpl-4zrcEwWIXCAMPu5UuJbCdaDxuIBFC,tin can,2. A tin can lantern
cmpl-4zrcEwWIXCAMPu5UuJbCdaDxuIBFC,tin can,3. A tin can stove
cmpl-4zrcEwWIXCAMPu5UuJbCdaDxuIBFC,tin can,4. A tin can wind chime
cmpl-4zrcEwWIXCAMPu5UuJbCdaDxuIBFC,tin can,5. A tin can piñata
cmpl-4zrcEwWIXCAMPu5UuJbCdaDxuIBFC,tin can,6. A tin can planter
cmpl-4zrcEwWIXCAMPu5UuJbCdaDxuIBFC,tin can,7. A tin can bird feeder
cmpl-4zrcEwWIXCAMPu5UuJbCdaDxuIBFC,tin can,8. A tin can candle holder
cmpl-4zrcEwWIXCAMPu5UuJbCdaDxuIBFC,tin can,9. A tin can robot
cmpl-4zrcIVXoehFFYCRYyynvdd5IJPIST,tin can,1. Make a wind chime out of tin cans and metal spoons.
cmpl-4zrcIVXoehFFYCRYyynvdd5IJPIST,tin can,2. Cut the top off a tin can and use it as a planter for small succulents or cacti.
cmpl-4zrcIVXoehFFYCRYyynvdd5IJPIST,tin can,3. Turn a tin can into a cute piggy bank by painting it pink and adding eyes  nostrils  and a coin slot in the top.
cmpl-4zrcMiOsRGzG85ajlnECUTr1dhMtt,tin can,1. Plant a herb garden in tin cans.
cmpl-4zrcMiOsRGzG85ajlnECUTr1dhMtt,tin can,2. Make a wind chime out of tin cans and beads.
cmpl-4zrcMiOsRGzG85ajlnECUTr1dhMtt,tin can,3. Use tin cans as candle holders for an outdoor party.
cmpl-4zrcMiOsRGzG85ajlnECUTr1dhMtt,tin can,4. Create a mini Zen garden in a tin can.
cmpl-4zrcMiOsRGzG85ajlnECUTr1dhMtt,tin can,5. Make a robot out of recycled materials  including tin cans.
cmpl-4zrcMiOsRGzG85ajlnECUTr1dhMtt,tin can,6. Turn a tin can into a night light
cmpl-4zrcS09GhsrrIIplF2CvuIXFdP89x,tin can,1. A tin can be used as a vase for flowers.
cmpl-4zrcS09GhsrrIIplF2CvuIXFdP89x,tin can,2. A tin can be used to hold pens and pencils.
cmpl-4zrcS09GhsrrIIplF2CvuIXFdP89x,tin can,3. A tin can be used as a container for plants.
cmpl-4zrcS09GhsrrIIplF2CvuIXFdP89x,tin can,4. A tin can be used to store spices in the kitchen.
cmpl-4zrcS09GhsrrIIplF2CvuIXFdP89x,tin can,5. A tin can be used to organize makeup brushes on a vanity table. 
cmpl-4zrcVORSuELIlbtqYbPvYTtqlY04J,tin can,1. A tin can could be used as a vase for flowers.
cmpl-4zrcVORSuELIlbtqYbPvYTtqlY04J,tin can,2. It could be used as a pencil holder on a desk.
cmpl-4zrcVORSuELIlbtqYbPvYTtqlY04J,tin can,3. A tin can could be used to hold makeup brushes on a dressing table.
cmpl-4zrcVORSuELIlbtqYbPvYTtqlY04J,tin can,4. It could be used to hold pens and markers in an art studio.
cmpl-4zrcVORSuELIlbtqYbPvYTtqlY04J,tin can,5. A tin can could be used as a cookie jar
cmpl-4zrcYjzKqIIyHAfl5D4gYpEMjoKxu,tin can,1. A tin can could be used as a planter for small plants or herbs.
cmpl-4zrcYjzKqIIyHAfl5D4gYpEMjoKxu,tin can,2. It could also be used as a candle holder
cmpl-4zrcYjzKqIIyHAfl5D4gYpEMjoKxu,tin can,3. For those who love baking  a tin can be turned into a mini-loaf pan perfect for individual servings.
cmpl-4zrcYjzKqIIyHAfl5D4gYpEMjoKxu,tin can,4. Have trouble opening jars?
cmpl-4zrcbWi4mPn1Lgww0fOj0x3K3J11l,tin can,A tin can be used as A makeshift candle.
cmpl-4zrcbWi4mPn1Lgww0fOj0x3K3J11l,tin can,A tin can be used to store small items like paper clips or jewelry.
cmpl-4zrcbWi4mPn1Lgww0fOj0x3K3J11l,tin can,A tin can be used as A vase for flowers.
cmpl-4zrcbWi4mPn1Lgww0fOj0x3K3J11l,tin can,A tin can be used as A pen holder.
cmpl-4zrcbWi4mPn1Lgww0fOj0x3K3J11l,tin can,A tin can be used as A coin bank.
cmpl-4zrcbWi4mPn1Lgww0fOj0x3K3J11l,tin can,A tin can be turned into A wind chime
cmpl-4zrche9QeGMpmfsGYV3xuiIbbFgVW,tin can,1. A tin can can be used as a small planter for herbs or succulents.
cmpl-4zrche9QeGMpmfsGYV3xuiIbbFgVW,tin can,2. Use a tin can to create a DIY candle holder or tea light holder.
cmpl-4zrche9QeGMpmfsGYV3xuiIbbFgVW,tin can,3. Make a mini piñata out of a tin can – perfect for parties or decoration!
cmpl-4zrche9QeGMpmfsGYV3xuiIbbFgVW,tin can,4. Decorate a tin can and use it as cute storage for pens and pencils
cmpl-4zrckGN0dM4lds8vCNfKvayt3Ir4z,tin can,1. Create a fun wind chime by painting and decorating tin cans of different sizes  then punching holes in the top and bottom of each can. Suspend them from string or wire at different lengths to create unique tones.
cmpl-4zrckGN0dM4lds8vCNfKvayt3Ir4z,tin can,2. Make a mini piñata by filling a small tin can with candy  then covering the opening with paper and securing it with tape or glue.
cmpl-4zrcoCBzGvxqYvlwl4T1Z9oAXzjjz,tin can,1. Make a wind chime out of a tin can and some string.
cmpl-4zrcoCBzGvxqYvlwl4T1Z9oAXzjjz,tin can,2. Turn a tin can into a plant holder by painting it and adding drainage holes.
cmpl-4zrcoCBzGvxqYvlwl4T1Z9oAXzjjz,tin can,3. Use a tin can as a pencil holder on your desk.
cmpl-4zrcoCBzGvxqYvlwl4T1Z9oAXzjjz,tin can,4. Make a mini trash can out of a tin can by decorating it and adding a lid.
cmpl-4zrcoCBzGvxqYvlwl4T1Z9oAXzjjz,tin can,5. Create art by
cmpl-4zrctu5fEjcEnja4LuWNvzRUHWU31,tin can,1. A tin can could be used as a vase for flowers.
cmpl-4zrctu5fEjcEnja4LuWNvzRUHWU31,tin can,2. It could be used as a container for paintbrushes.
cmpl-4zrctu5fEjcEnja4LuWNvzRUHWU31,tin can,3. A tin can could be used to hold pencils or pens on a desk.
cmpl-4zrctu5fEjcEnja4LuWNvzRUHWU31,tin can,4. It could be used as a planter for small plants or herbs.
cmpl-4zrctu5fEjcEnja4LuWNvzRUHWU31,tin can,5. A tin can could be used to store coins
cmpl-4zrcxpMw6Qkz2QWcvYNNxrTQAiJ5G,tin can,1. A tin can could be used as a vase.
cmpl-4zrcxpMw6Qkz2QWcvYNNxrTQAiJ5G,tin can,2. A tin can could be used as a container for pens and pencils.
cmpl-4zrcxpMw6Qkz2QWcvYNNxrTQAiJ5G,tin can,3. A tin can could be used as a coin bank.
cmpl-4zrcxpMw6Qkz2QWcvYNNxrTQAiJ5G,tin can,4. A tin can could be used to hold keys.
cmpl-4zrcxpMw6Qkz2QWcvYNNxrTQAiJ5G,tin can,5. A tin can could be used as a paperweight.
cmpl-4zrd1faKHBOm8Cxvlj8fYVq0YYNN0,tin can,1. Make a wind chime out of a tin can and some string.
cmpl-4zrd1faKHBOm8Cxvlj8fYVq0YYNN0,tin can,2. Use a tin can as a plant pot.
cmpl-4zrd1faKHBOm8Cxvlj8fYVq0YYNN0,tin can,3. Turn a tin can into a pencil holder.
cmpl-4zrd1faKHBOm8Cxvlj8fYVq0YYNN0,tin can,4. Upcycle a tin can into a vase
cmpl-4zrd1faKHBOm8Cxvlj8fYVq0YYNN0,tin can,candle holder
cmpl-4zrd1faKHBOm8Cxvlj8fYVq0YYNN0,tin can,5. Make your own mini trash can out of an old tin can.
cmpl-4zrd1faKHBOm8Cxvlj8fYVq0YYNN0,tin can,6. Create illuminated lantern
cmpl-4zrd524B8q1ksMWn7vFZYBuuX8IPn,tin can,1. A can opener
cmpl-4zrd524B8q1ksMWn7vFZYBuuX8IPn,tin can,2. A colander
cmpl-4zrd524B8q1ksMWn7vFZYBuuX8IPn,tin can,3. A candle holder
cmpl-4zrd524B8q1ksMWn7vFZYBuuX8IPn,tin can,4. A vase
cmpl-4zrd524B8q1ksMWn7vFZYBuuX8IPn,tin can,5. A pen holder
cmpl-4zrd524B8q1ksMWn7vFZYBuuX8IPn,tin can,6. An ashtray
cmpl-4zrd524B8q1ksMWn7vFZYBuuX8IPn,tin can,7. A bird feeder
cmpl-4zrd524B8q1ksMWn7vFZYBuuX8IPn,tin can,8.A wind chime 
cmpl-4zrd524B8q1ksMWn7vFZYBuuX8IPn,tin can,9.A planter
cmpl-4zrdAUqGiLghD5AjfihSegqsCWnLT,tin can,1. A tin can can be used as a planter for small plants or herbs.
cmpl-4zrdAUqGiLghD5AjfihSegqsCWnLT,tin can,2. Cut the top off of a tin can and use it as a pencil holder on your desk.
cmpl-4zrdAUqGiLghD5AjfihSegqsCWnLT,tin can,3. Use a tin can as a vase for fresh flowers.
cmpl-4zrdAUqGiLghD5AjfihSegqsCWnLT,tin can,4. Make a wind chime out of old tin cans and some string or wire.
cmpl-4zrdDeq7FkGc7hNoiW5nBllPOvLaB,tin can,1. A tin can can be used as a vase.
cmpl-4zrdDeq7FkGc7hNoiW5nBllPOvLaB,tin can,2. A tin can can be used to make a wind chime.
cmpl-4zrdDeq7FkGc7hNoiW5nBllPOvLaB,tin can,3. A tin can can be used as a planter.
cmpl-4zrdDeq7FkGc7hNoiW5nBllPOvLaB,tin can,4. A tin can can be used as a bird feeder.
cmpl-4zrdDeq7FkGc7hNoiW5nBllPOvLaB,tin can,5. A tin can can be used to hold pencils or pens on a desk.
