id,gpt3_id,gpt3_created,gpt3_model,engine,timestamp,temperature,presence_penalty,frequency_penalty,instr_nr,instr_text,aut_object,gpt3_response,snapshot_rater01,snapshot_rater02
1,cmpl-4x12GbiaiNER9hGa2G3o9Ary0wjki,1649970680,text-davinci:001,davinci-instruct-beta-v3,11:21.0,0.6,1,1,instr_2,"The goal is to come up with creative ideas, which are ideas that strike people as clever, unusual, interesting, uncommon, humorous, innovative, or different.",paperclip,"

1. Hold papers together
2. Hang a picture on the wall
3. Use as a bookmark
4. Close a binder clip
5. Pick up a needle",3,
2,cmpl-4x12HqX2K5lmdAjfukNoFnEr2xGc5,1649970681,text-davinci:001,davinci-instruct-beta-v3,11:22.2,0.6,1,1,instr_2,"The goal is to come up with creative ideas, which are ideas that strike people as clever, unusual, interesting, uncommon, humorous, innovative, or different.",book,"

1. Make a book into a lamp. The pages can be cut and folded to create a shade.
2. Use a book as the cover of a box or storage container.
3. Create a secret hiding place by hollowing out the pages of a book and using it as a safe deposit box",5,
3,cmpl-4x12Ii8M73rZewxgYLpAzOUheSWgE,1649970682,text-davinci:001,davinci-instruct-beta-v3,11:23.6,0.6,1,1,instr_2,"The goal is to come up with creative ideas, which are ideas that strike people as clever, unusual, interesting, uncommon, humorous, innovative, or different.",fork,"

1. Eat soup: A fork can be used to eat soup by piercing the top of the lip of the bowl and then scooping up food with the fork. This is a neater way to eat soup than using a spoon.
2. Stab meat: A fork can be used as a utens",1,
4,cmpl-4x12JsgRAjVn6V2wxJyil8WjVhHhg,1649970683,text-davinci:001,davinci-instruct-beta-v3,11:25.1,0.6,1,1,instr_2,"The goal is to come up with creative ideas, which are ideas that strike people as clever, unusual, interesting, uncommon, humorous, innovative, or different.",brick,"

1. Brick as a paperweight 
2. Brick as a doorstop 
3. Brick as a weight for training purposes (e.g., to increase the intensity of a workout) 
4. Brick as an ingredient in homemade cement or mortar mix 
5. Brick as an ornament",4,
5,cmpl-4x12LNN1elyPghVHLtsdhTcNEYzVV,1649970685,text-davinci:001,davinci-instruct-beta-v3,11:26.3,0.6,1,1,instr_2,"The goal is to come up with creative ideas, which are ideas that strike people as clever, unusual, interesting, uncommon, humorous, innovative, or different.",tin can,"

1) Make a tin can telephone.
2) Use it as a container for fishing bait.
3) Transform it into a makeshift watering can.
4) Recycle it as a container for food storage.
5) Turn it into an improvised wind chime",2,
6,cmpl-4x12MzNKxoz6jdacMJScsSzcCmRs8,1649970686,text-davinci:001,davinci-instruct-beta-v3,11:28.0,0.75,1,1,instr_2,"The goal is to come up with creative ideas, which are ideas that strike people as clever, unusual, interesting, uncommon, humorous, innovative, or different.",paperclip,"

1. A paperclip can be used to hold several sheets of paper together.
2. A paperclip can be turned into a bookmark.
3. A paperclip can be twisted into a small loop to use as a keychain ring.
4. A paperclip can be straightened out and",3,
7,cmpl-4x12Ob5IvfK4w0TbXIX5oQHHPZqvD,1649970688,text-davinci:001,davinci-instruct-beta-v3,11:29.2,0.75,1,1,instr_2,"The goal is to come up with creative ideas, which are ideas that strike people as clever, unusual, interesting, uncommon, humorous, innovative, or different.",book,"

1. Share a book with someone to help them learn a new language.
2. Wrap a book in colorful paper and use it as a Christmas present.
3. Use a large book as a coffee table, side table, or kitchen countertop stool.
4. Tape several small books together to",3,
8,cmpl-4x12PeGeVxkdySIEkcwHu6dnUZtOA,1649970689,text-davinci:001,davinci-instruct-beta-v3,11:30.2,0.75,1,1,instr_2,"The goal is to come up with creative ideas, which are ideas that strike people as clever, unusual, interesting, uncommon, humorous, innovative, or different.",fork,"

1) as a back scratcher
2) to open a tight jar lid
3) as a tool to mix ingredients while cooking 
4) to fluff up pillows or other soft items 
5) as the tines of a violin bow",5,
9,cmpl-4x12QJq0TU88osVE04h2wdfc9zSGx,1649970690,text-davinci:001,davinci-instruct-beta-v3,11:31.5,0.75,1,1,instr_2,"The goal is to come up with creative ideas, which are ideas that strike people as clever, unusual, interesting, uncommon, humorous, innovative, or different.",brick,"

1. A brick can be used as a paperweight on a desk.
2. A brick can be used as a doorstop to keep a door open or closed.
3. A brick can be used as the sole weight for a small, makeshift dumbbell.
4. A brick can be",3,
10,cmpl-4x12RS02Hzluzz9TGPIT6QFi1MNVA,1649970691,text-davinci:001,davinci-instruct-beta-v3,11:32.9,0.75,1,1,instr_2,"The goal is to come up with creative ideas, which are ideas that strike people as clever, unusual, interesting, uncommon, humorous, innovative, or different.",tin can,"

1. A tin can could be used as a drinking glass.
2. A tin can could be filled with sand and used as a doorstop.
3. A tin can could be cut into small pieces and used as confetti.
4. A tin can could be turned into a musical instrument",4,
11,cmpl-4x12SJvLSxxhSXW6V61o2ohgrFgzY,1649970692,text-davinci:001,davinci-instruct-beta-v3,11:34.3,0.9,1,1,instr_2,"The goal is to come up with creative ideas, which are ideas that strike people as clever, unusual, interesting, uncommon, humorous, innovative, or different.",paperclip,"

1. A paperclip can be used as a bookmark.
2. A paperclip can be used to clip papers together.
3. A paperclip can be used to hold together an opening in a plastic bag or other container.
4. A paperclip can be twisted into a small loop to",2,
12,cmpl-4x12UzzFrpUZiFbthdjbJkQx71JG1,1649970694,text-davinci:001,davinci-instruct-beta-v3,11:35.5,0.9,1,1,instr_2,"The goal is to come up with creative ideas, which are ideas that strike people as clever, unusual, interesting, uncommon, humorous, innovative, or different.",book,"

1. A book can be used as a coaster to protect surfaces from hot or cold drinks.
2. A book can be used as a way to hide secret items or documents.
3. A book can be used as a makeshift lamp in the event of a power outage. 
4. A",2,
13,cmpl-4x12VVrMiYe8kMBcQa33xfqKU7YRS,1649970695,text-davinci:001,davinci-instruct-beta-v3,11:36.7,0.9,1,1,instr_2,"The goal is to come up with creative ideas, which are ideas that strike people as clever, unusual, interesting, uncommon, humorous, innovative, or different.",fork,"

As a musical instrument: 
1. Create rhythms by striking the fork against another object.
2. Use it as a xylophone-type instrument by hitting the tines against a flat surface.
3. Play melodies by plucking the tines like strings on a harp.
4",4,
14,cmpl-4x12WXHIcYanVgNuRQNgKCCEmxTFW,1649970696,text-davinci:001,davinci-instruct-beta-v3,11:37.9,0.9,1,1,instr_2,"The goal is to come up with creative ideas, which are ideas that strike people as clever, unusual, interesting, uncommon, humorous, innovative, or different.",brick,"

1. Build a brick wall to keep people out of your yard.
2. Use bricks as the foundation for a new deck or patio. 
3. Brick in pieces together to create a makeshift table or chair that can be used outdoors or indoors. 
4. Make a Lego-like block",2,
15,cmpl-4x12YZg4raCjjCmX44MFTNSIK9FrR,1649970698,text-davinci:001,davinci-instruct-beta-v3,11:39.1,0.9,1,1,instr_2,"The goal is to come up with creative ideas, which are ideas that strike people as clever, unusual, interesting, uncommon, humorous, innovative, or different.",tin can,"

1. Use it as a sconce to light your way in the dark.
2. Cut off the top and use it as a waste bin for your desk.
3. Stick it over a crack in the floor to stop the cold air from coming in.
4. Turn it into a pencil",4,
16,cmpl-4x12a6yhc1XJdsWMDtwa5ukrBH2tY,1649970700,text-davinci:002,text-davinci-002,11:44.4,0.6,1,1,instr_2,"The goal is to come up with creative ideas, which are ideas that strike people as clever, unusual, interesting, uncommon, humorous, innovative, or different.",paperclip,"

1. Use a paperclip as a bookmark in a book.
2. Stick a paperclip on the end of your nose to make a funny face.
3. Attach a paperclip to the top of your head like an antenna.
4. Turn a paperclip into a ring by opening",4,
17,cmpl-4x12eMsq9SXLnFc4wlZhH52BSUSxh,1649970704,text-davinci:002,text-davinci-002,11:49.3,0.6,1,1,instr_2,"The goal is to come up with creative ideas, which are ideas that strike people as clever, unusual, interesting, uncommon, humorous, innovative, or different.",book,"

1. Make a book into a secret hiding place for things like money or jewelry.
2. Turn an old book into a picture frame.
3. Use the pages of an old book to make origami cranes or other paper crafts.
4. Cut out images from an old book to create",4,
18,cmpl-4x12jCLwHfJC7ibZn0zCPM8MegSdJ,1649970709,text-davinci:002,text-davinci-002,11:53.2,0.6,1,1,instr_2,"The goal is to come up with creative ideas, which are ideas that strike people as clever, unusual, interesting, uncommon, humorous, innovative, or different.",fork,"

1. To pick up food that is too small to grab with your fingers
2. To eat soup without making a mess
3. To hold snacks like chips or pretzels so you don't get your fingers dirty
4. To play the percussion instrument known as the fork drum
5. To",2,
19,cmpl-4x12n9AIqqcQh6bhdBgCSWRWxMz85,1649970713,text-davinci:002,text-davinci-002,11:56.1,0.6,1,1,instr_2,"The goal is to come up with creative ideas, which are ideas that strike people as clever, unusual, interesting, uncommon, humorous, innovative, or different.",brick,"

-A brick could be used to make a planter for plants or flowers.
-A brick could be used as a paperweight.
-A brick could be used to hold down a tarp or piece of fabric in windy weather.
-A brick could be used to make a doorstop",3,
20,cmpl-4x12qpVREUaBUgwG3Zn3mSsEtkvlU,1649970716,text-davinci:002,text-davinci-002,12:00.1,0.6,1,1,instr_2,"The goal is to come up with creative ideas, which are ideas that strike people as clever, unusual, interesting, uncommon, humorous, innovative, or different.",tin can,"

1. A pencil holder
2. A catch-all for small items like keys, coins, etc.
3. An ""emergency"" toilet paper holder (i.e., when you can't find one in the bathroom)
4. A vase for flowers or other small plants
5",3,
21,cmpl-4x12u1nXvRiecboTcMy35nJPGWzuo,1649970720,text-davinci:002,text-davinci-002,12:03.9,0.75,1,1,instr_2,"The goal is to come up with creative ideas, which are ideas that strike people as clever, unusual, interesting, uncommon, humorous, innovative, or different.",paperclip,"

Here are five creative uses for a paperclip:

1. Use it as a bookmark in your favorite book.
2. Attach it to the front of your shirt collar as an impromptu tie.
3. Use it to hold your hair back in a ponytail or bun.
4",4,
22,cmpl-4x12yYBNpppmKADuFig6SWx1EliKS,1649970724,text-davinci:002,text-davinci-002,12:08.7,0.75,1,1,instr_2,"The goal is to come up with creative ideas, which are ideas that strike people as clever, unusual, interesting, uncommon, humorous, innovative, or different.",book,"

1. A book can be used as a door stop.
2. A book can be used as a paperweight.
3. A book can be used to prop up a table or furniture piece that is uneven.
4. A book can be used to make a vision board or collage.",3,
23,cmpl-4x132o9s5kAk92ROQsfxJGfRy65Ba,1649970728,text-davinci:002,text-davinci-002,12:11.4,0.75,1,1,instr_2,"The goal is to come up with creative ideas, which are ideas that strike people as clever, unusual, interesting, uncommon, humorous, innovative, or different.",fork,"

-A fork can be used to measure ingredients when cooking.
-A fork can be used as a backscratcher.
-A fork can be used as a bookmark.
-A fork can be used toPlay the forks like a musical instrument 
-Fork can lifting food from bowl",3,
24,cmpl-4x135IPgGkewT7HurDYS79GaEWFyt,1649970731,text-davinci:002,text-davinci-002,12:13.7,0.75,1,1,instr_2,"The goal is to come up with creative ideas, which are ideas that strike people as clever, unusual, interesting, uncommon, humorous, innovative, or different.",brick,"

1. A brick can be used as a doorstop.
2. A brick can be used as a paperweight.
3. A brick can be used to hold down a tarp in windy weather.
4. A brick can be used to weight the bottom of a plant pot.
",3,
25,cmpl-4x137kHgoEAIZD3Ekyazbtqwoo2AC,1649970733,text-davinci:002,text-davinci-002,12:15.5,0.75,1,1,instr_2,"The goal is to come up with creative ideas, which are ideas that strike people as clever, unusual, interesting, uncommon, humorous, innovative, or different.",tin can,"

A tin can could be used as a:
-Candle holder 
-Pencil cup 
-Piggy bank 
-Spice container 
- Flower vase",2,
26,cmpl-4x1391TMb6jTrG2YcIYliBHZlElum,1649970735,text-davinci:002,text-davinci-002,12:18.3,0.9,1,1,instr_2,"The goal is to come up with creative ideas, which are ideas that strike people as clever, unusual, interesting, uncommon, humorous, innovative, or different.",paperclip,"

1) Turn a paperclip into a bookmark by bending it into a shape that can grip onto the pages of a book.
2) Make a paperclip chain by threading multiple paperclips together.
3) Use a paperclip to fix a broken zipper by attaching the two halves of the zipper together",3,
27,cmpl-4x13Ck62C99ku9YOjY7dwwsjVc6rw,1649970738,text-davinci:002,text-davinci-002,12:20.7,0.9,1,1,instr_2,"The goal is to come up with creative ideas, which are ideas that strike people as clever, unusual, interesting, uncommon, humorous, innovative, or different.",book,"

-A book can be used as a doorstop.
-A book can be used to make paper flowers.
-A book can be used as part of a table centerpiece or decoration.
-A book can be cut up and made into a collage.
-A book can be used as",3,
28,cmpl-4x13Evgxmb1x3nzcGggq0Eqnvabkz,1649970740,text-davinci:002,text-davinci-002,12:22.1,0.9,1,1,instr_2,"The goal is to come up with creative ideas, which are ideas that strike people as clever, unusual, interesting, uncommon, humorous, innovative, or different.",fork,"

1. Hold a magnifying glass in place
2. Prop open a door
3. Use as a back scratcher
4. Pick up small objects
5. Stir a drink",3,
29,cmpl-4x13G6B3U486s8Vb8903LXMPisRNN,1649970742,text-davinci:002,text-davinci-002,12:24.2,0.9,1,1,instr_2,"The goal is to come up with creative ideas, which are ideas that strike people as clever, unusual, interesting, uncommon, humorous, innovative, or different.",brick,"

1. A brick can be used as a doorstop.
2. A brick can be used as a paperweight.
3. A brick can be used to prop open a window.
4. A brick can be used to level a table or shelf.
5. A brick can be painted",2,
30,cmpl-4x13ISNLb6pp34U9wlOxa6ir4apSD,1649970744,text-davinci:002,text-davinci-002,12:27.8,0.9,1,1,instr_2,"The goal is to come up with creative ideas, which are ideas that strike people as clever, unusual, interesting, uncommon, humorous, innovative, or different.",tin can,"

Some creative uses for a tin can include using it as a vase, using it to play music, or turning it into a candle holder. You could also use a tin can as a planter or bird feeder.",2,
